date,total_cfs,baseflow_lh_cfs,baseflow_eckhardt_cfs,quickflow_lh_cfs
1995-01-01,2110.0,1788.479130859375,1688.0,321.520869140625
1995-01-02,1970.0,1807.3431960449218,1677.6296296296296,162.65680395507815
1995-01-03,1840.0,1814.6674563415527,1658.5898491083676,25.332543658447293
1995-01-04,1800.0,1800.0,1638.3500482650002,0.0
1995-01-05,1750.0,1750.0,1616.2805993515742,0.0
1995-01-06,1820.0,1752.625,1601.4398031153173,67.375
1995-01-07,4590.0,1861.553125,1793.1583398638993,2728.446875
1995-01-08,3800.0,2036.5616406249997,1908.6066417283532,1763.4383593750003
1995-01-09,2750.0,2129.4445175781248,1935.5875082349871,620.5554824218755
1995-01-10,2450.0,2164.736178759765,1937.8479241391549,285.26382124023485
1995-01-11,2330.0,2181.630965352783,1931.0101533855293,148.36903464721723
1995-01-12,2530.0,2200.258642951324,1939.6203243683506,329.7413570486759
1995-01-13,2520.0,2224.614244729975,1946.6925165564664,295.38575527002524
1995-01-14,10200.0,2534.768176375226,2521.998765023461,7665.231823624774
1995-01-15,24700.0,3653.4105631470848,4118.109990484253,21046.589436852915
1995-01-16,16700.0,4931.904770911053,4973.840546920897,11768.095229088947
1995-01-17,12500.0,5657.011913092723,5439.225681465259,6842.988086907277
1995-01-18,9000.0,6038.986019610768,5602.260340588848,2961.0139803892316
1995-01-19,6350.0,6161.6870681399605,5553.902901645436,188.3129318600395
1995-01-20,5360.0,5360.0,5360.0,0.0
1995-01-21,4650.0,4650.0,4650.0,0.0
1995-01-22,4010.0,4010.0,4010.0,0.0
1995-01-23,3640.0,3640.0,3640.0,0.0
1995-01-24,3390.0,3390.0,3390.0,0.0
1995-01-25,3170.0,3170.0,3170.0,0.0
1995-01-26,3050.0,3050.0,3050.0,0.0
1995-01-27,2930.0,2930.0,2930.0,0.0
1995-01-28,3050.0,2934.5,2884.6296296296296,115.5
1995-01-29,3250.0,2950.6625,2858.275034293553,299.3375
1995-01-30,3010.0,2964.1128125,2816.5829014885944,45.88718749999998
1995-01-31,2830.0,2830.0,2765.4178180174285,0.0
1995-02-01,2700.0,2700.0,2700.0,0.0
1995-02-02,2640.0,2640.0,2640.0,0.0
1995-02-03,2620.0,2620.0,2589.6296296296296,0.0
1995-02-04,2650.0,2621.125,2546.1454046639233,28.875
1995-02-05,2530.0,2530.0,2497.7986079357825,0.0
1995-02-06,2410.0,2410.0,2410.0,0.0
1995-02-07,2330.0,2330.0,2330.0,0.0
1995-02-08,2330.0,2330.0,2286.8518518518517,0.0
1995-02-09,2190.0,2190.0,2190.0,0.0
1995-02-10,2260.0,2192.625,2154.6296296296296,67.375
1995-02-11,2290.0,2198.803125,2124.756515775034,91.196875
1995-02-12,2210.0,2202.642890625,2091.7235050551235,7.357109375000007
1995-02-13,2130.0,2130.0,2055.823180512982,0.0
1995-02-14,2090.0,2090.0,2020.2839971321505,0.0
1995-02-15,2150.0,2092.25,1992.479923323618,57.75
1995-02-16,6120.0,2245.45625,2261.324374867728,3874.54375
1995-02-17,8810.0,2636.92203125,2704.5350808984945,6173.07796875
1995-02-18,8080.0,3072.5278789062495,3052.6336845190044,5007.4721210937505
1995-02-19,7200.0,3415.08828798828,3303.3157507672445,3784.91171201172
1995-02-20,5230.0,3625.081666389159,3384.8605886591663,1604.9183336108408
1995-02-21,4030.0,3700.450541409972,3369.9660897092435,329.5494585900278
1995-02-22,3480.0,3480.0,3315.709970291721,0.0
1995-02-23,3250.0,3250.0,3249.440528598043,0.0
1995-02-24,3080.0,3080.0,3080.0,0.0
1995-02-25,2900.0,2900.0,2900.0,0.0
1995-02-26,2780.0,2780.0,2780.0,0.0
1995-02-27,2730.0,2730.0,2724.814814814815,0.0
1995-02-28,3250.0,2749.5,2713.2578875171466,500.5
1995-03-01,4430.0,2831.2875,2790.1784534877816,1598.7125
1995-03-02,4090.0,2938.4409374999996,2834.7915596463204,1151.5590625000002
1995-03-03,3520.0,3003.4328671875,2833.0516004198093,516.5671328125002
1995-03-04,3430.0,3038.800402148437,2824.80608186242,391.1995978515627
1995-03-05,3270.0,3062.1403719873047,2805.472185393677,207.8596280126955
1995-03-06,3400.0,3082.604844088257,2797.558094153522,317.39515591174336
1995-03-07,3400.0,3106.4094807816373,2790.3767891393068,293.5905192183626
1995-03-08,7500.0,3282.1787697230147,3087.56412347826,4217.821230276985
1995-03-09,8480.0,3635.2653619937882,3429.8267046376805,4844.734638006212
1995-03-10,6890.0,3938.9954598442537,3622.62052828234,2951.0045401557463
1995-03-11,5290.0,4100.320800355934,3679.0445534413825,1189.6791996440656
1995-03-12,4170.0,4147.546740329239,3647.281168863476,22.453259670760872
1995-03-13,3770.0,3770.0,3588.829208783525,0.0
1995-03-14,3520.0,3520.0,3517.270948710976,0.0
1995-03-15,3350.0,3350.0,3350.0,0.0
1995-03-16,3220.0,3220.0,3220.0,0.0
1995-03-17,3110.0,3110.0,3110.0,0.0
1995-03-18,3000.0,3000.0,3000.0,0.0
1995-03-19,2900.0,2900.0,2900.0,0.0
1995-03-20,2810.0,2810.0,2810.0,0.0
1995-03-21,2990.0,2816.75,2771.296296296296,173.25
1995-03-22,2890.0,2825.99375,2728.7688614540466,64.00625
1995-03-23,2730.0,2730.0,2678.3273002083015,0.0
1995-03-24,2640.0,2640.0,2625.8895872260514,0.0
1995-03-25,2550.0,2550.0,2550.0,0.0
1995-03-26,2480.0,2480.0,2480.0,0.0
1995-03-27,2570.0,2483.375,2440.740740740741,86.625
1995-03-28,2560.0,2489.496875,2404.37585733882,70.503125
1995-03-29,2440.0,2440.0,2362.489203881522,0.0
1995-03-30,2370.0,2370.0,2319.2957590776773,0.0
1995-03-31,2330.0,2330.0,2277.1387443482627,0.0
1995-04-01,2260.0,2260.0,2233.6999717234235,0.0
1995-04-02,2240.0,2240.0,2192.8018261934767,0.0
1995-04-03,2180.0,2180.0,2151.2461015459326,0.0
1995-04-04,2150.0,2150.0,2111.315906958346,0.0
1995-04-05,2080.0,2080.0,2069.897767425166,0.0
1995-04-06,2090.0,2080.375,2033.0553815524652,9.625
1995-04-07,2070.0,2070.0,1998.1428462235335,0.0
1995-04-08,2030.0,2030.0,1963.4999900917246,0.0
1995-04-09,1980.0,1980.0,1928.3611021202685,0.0
1995-04-10,1970.0,1970.0,1895.7350741461696,0.0
1995-04-11,1930.0,1930.0,1863.1670117252281,0.0
1995-04-12,2000.0,1932.625,1838.799695824744,67.375
1995-04-13,2160.0,1943.678125,1828.5404647298603,216.321875
1995-04-14,2010.0,1954.277265625,1808.1200513289473,55.722734375000016
1995-04-15,1880.0,1880.0,1779.9607873170078,0.0
1995-04-16,1840.0,1840.0,1751.44589960247,0.0
1995-04-17,1830.0,1830.0,1724.8305385281674,0.0
1995-04-18,1860.0,1831.125,1702.9017849607446,28.875
1995-04-19,1820.0,1820.0,1680.0405085754903,0.0
1995-04-20,1830.0,1820.375,1660.0367577814634,9.625
1995-04-21,1900.0,1823.721875,1647.070391320217,76.278125
1995-04-22,1860.0,1827.942734375,1632.3416513831598,32.057265625
1995-04-23,1910.0,1832.222029296875,1622.6803873662004,77.77797070312499
1995-04-24,2190.0,1848.5553770996094,1634.6544255730337,341.44462290039064
1995-04-25,1950.0,1865.1637238171386,1627.741978760716,84.83627618286135
1995-04-26,1780.0,1780.0,1608.8769807273163,0.0
1995-04-27,1720.0,1720.0,1587.3142973266388,0.0
1995-04-28,1680.0,1680.0,1564.7851957223206,0.0
1995-04-29,1650.0,1650.0,1542.1198998221057,0.0
1995-04-30,1630.0,1630.0,1520.0717609496887,0.0
1995-05-01,1630.0,1630.0,1500.06511641731,0.0
1995-05-02,2250.0,1653.25,1527.8368648971887,596.75
1995-05-03,2030.0,1689.75625,1536.7408588881895,340.24375
1995-05-04,1750.0,1704.77453125,1524.079668250394,45.225468750000005
1995-05-05,1700.0,1700.0,1508.8871063753575,0.0
1995-05-06,1630.0,1630.0,1489.9160780072689,0.0
1995-05-07,1550.0,1550.0,1466.7757004140033,0.0
1995-05-08,1530.0,1530.0,1444.2964688941881,0.0
1995-05-09,1530.0,1530.0,1423.8986477002818,0.0
1995-05-10,2550.0,1568.25,1480.9450692095152,981.75
1995-05-11,2310.0,1632.88125,1514.9316368753007,677.1187500000001
1995-05-12,1820.0,1665.2901562499999,1509.4750038312911,154.70984375000012
1995-05-13,1650.0,1650.0,1491.9310219950605,0.0
1995-05-14,1760.0,1654.125,1484.1596310695918,105.875
1995-05-15,1860.0,1665.815625,1484.5152207853705,194.184375
1995-05-16,1650.0,1650.0,1469.2823299719103,0.0
1995-05-17,1540.0,1540.0,1447.3117438634001,0.0
1995-05-18,1480.0,1480.0,1422.931026839011,0.0
1995-05-19,1590.0,1484.125,1408.9559317613248,105.875
1995-05-20,1590.0,1492.065625,1396.2748269686094,97.934375
1995-05-21,1450.0,1450.0,1374.3975281752198,0.0
1995-05-22,1360.0,1360.0,1347.8792385293664,0.0
1995-05-23,1340.0,1340.0,1322.3348645914618,0.0
1995-05-24,1290.0,1290.0,1290.0,0.0
1995-05-25,1250.0,1250.0,1250.0,0.0
1995-05-26,1230.0,1230.0,1225.3703703703702,0.0
1995-05-27,1340.0,1234.125,1211.1694101508915,105.875
1995-05-28,1560.0,1250.315625,1214.5796499517348,309.684375
1995-05-29,1870.0,1285.166953125,1240.6370897710187,584.833046875
1995-05-30,1890.0,1329.7794316406248,1265.763285162591,560.2205683593751
1995-05-31,1470.0,1356.045974267578,1257.4518698697586,113.954025732422
1995-06-01,2410.0,1399.8425261975096,1319.5396596966327,1010.1574738024904
1995-06-02,4880.0,1568.2293367326965,1558.841543058056,3311.7706632673035
1995-06-03,6240.0,1867.6121364777446,1876.7265853674958,4372.387863522255
1995-06-04,5070.0,2151.6662262419136,2078.511160796432,2918.3337737580864
1995-06-05,3200.0,2300.41625927377,2123.093460722688,899.5837407262302
1995-06-06,2940.0,2358.135039828237,2144.2885106557724,581.864960171763
1995-06-07,2810.0,2396.8999118411193,2153.8914263357938,413.1000881588808
1995-06-08,2340.0,2340.0,2127.790368341739,0.0
1995-06-09,2220.0,2220.0,2095.2171860878743,0.0
1995-06-10,2510.0,2230.875,2087.1415207093673,279.125
1995-06-11,2320.0,2244.684375,2065.7395280510923,75.31562500000001
1995-06-12,3280.0,2286.333046875,2117.430312490806,993.666953125
1995-06-13,3050.0,2352.233068359375,2147.2978761490645,697.766931640625
1995-06-14,2400.0,2380.1905882324218,2126.2517765056327,19.809411767578126
1995-06-15,2090.0,2090.0,2084.1914268291853,0.0
1995-06-16,1950.0,1950.0,1950.0,0.0
1995-06-17,1890.0,1890.0,1890.0,0.0
1995-06-18,1920.0,1891.125,1857.2222222222222,28.875
1995-06-19,1830.0,1830.0,1820.812757201646,0.0
1995-06-20,2470.0,1854.0,1835.1819463496417,616.0
1995-06-21,2020.0,1883.3249999999998,1814.887321687638,136.67500000000007
1995-06-22,2460.0,1910.075625,1829.064421531375,549.924375
1995-06-23,2180.0,1940.819953125,1821.1880862043959,239.18004687500007
1995-06-24,2100.0,1955.758456640625,1808.1151152595444,144.24154335937507
1995-06-25,2480.0,1980.826572392578,1824.4007527355125,499.17342760742196
1995-06-26,3220.0,2046.0145794631346,1893.9932756303724,1173.9854205368654
1995-06-27,3270.0,2135.9384860033997,1960.8457501090418,1134.0615139966005
1995-06-28,2280.0,2183.8680995531445,1948.1748473211674,96.13190044685552
1995-06-29,2070.0,2070.0,1921.1216207173554,0.0
1995-06-30,2490.0,2085.75,1927.6844336138965,404.25
1995-07-01,2780.0,2126.94375,1955.1210601311282,653.0562500000001
1995-07-02,2510.0,2165.79796875,1960.0172582671346,344.2020312500001
1995-07-03,3050.0,2211.86312109375,2004.4601047238812,838.1368789062501
1995-07-04,3920.0,2307.348387011719,2109.232317249448,1612.6516129882814
1995-07-05,2540.0,2376.5472579858397,2102.0811767633877,163.45274201416032
1995-07-06,2090.0,2090.0,2062.2588455815926,0.0
1995-07-07,1850.0,1850.0,1850.0,0.0
1995-07-08,1710.0,1710.0,1710.0,0.0
1995-07-09,1570.0,1570.0,1570.0,0.0
1995-07-10,1500.0,1500.0,1500.0,0.0
1995-07-11,1560.0,1502.25,1476.6666666666667,57.75
1995-07-12,1500.0,1500.0,1451.0493827160494,0.0
1995-07-13,1480.0,1480.0,1426.322588020119,0.0
1995-07-14,1360.0,1360.0,1360.0,0.0
1995-07-15,1390.0,1361.125,1337.037037037037,28.875
1995-07-16,1330.0,1330.0,1311.755829903978,0.0
1995-07-17,1330.0,1330.0,1288.8154752832395,0.0
1995-07-18,1310.0,1310.0,1266.517746090347,0.0
1995-07-19,1230.0,1230.0,1230.0,0.0
1995-07-20,1190.0,1190.0,1190.0,0.0
1995-07-21,1210.0,1190.75,1169.4444444444443,19.25
1995-07-22,1640.0,1208.31875,1182.6440329218105,431.68125
1995-07-23,1330.0,1229.06984375,1171.6584743179392,100.93015624999998
1995-07-24,1170.0,1170.0,1149.8382452144263,0.0
1995-07-25,1090.0,1090.0,1090.0,0.0
1995-07-26,1140.0,1091.875,1073.5185185185185,48.125
1995-07-27,1290.0,1101.109375,1069.6742112482852,188.890625
1995-07-28,1380.0,1118.651171875,1072.852525021592,261.348828125
1995-07-29,2740.0,1189.252333984375,1176.4772912232966,1550.747666015625
1995-07-30,1910.0,1274.4334089355468,1209.0256901841024,635.5665910644532
1995-07-31,1490.0,1306.3509032653808,1207.449237389278,183.6490967346192
1995-08-01,1620.0,1324.9995855204772,1215.648382075456,295.00041447952276
1995-08-02,1410.0,1339.2496166064414,1207.5327911425434,70.7503833935586
1995-08-03,1330.0,1330.0,1194.2427178886041,0.0
1995-08-04,1560.0,1338.625,1199.2202440100298,221.375
1995-08-05,1710.0,1360.853125,1214.8479991942863,349.146875
1995-08-06,1770.0,1389.289140625,1233.4731844540747,380.71085937500004
1995-08-07,1570.0,1410.3424550781249,1235.559000708327,159.65754492187506
1995-08-08,1900.0,1434.6917709472655,1261.8961302723708,465.3082290527344
1995-08-09,1910.0,1469.9648881262206,1286.5353774693735,440.0351118737794
1995-08-10,1640.0,1492.842521516754,1288.893212888876,147.15747848324594
1995-08-11,1780.0,1509.1293324029975,1301.4031005843503,270.87066759700247
1995-08-12,1870.0,1532.8196324727728,1319.4213320117253,337.1803675272273
1995-08-13,1510.0,1510.0,1309.1045420106398,0.0
1995-08-14,1350.0,1350.0,1287.891158491136,0.0
1995-08-15,1250.0,1250.0,1250.0,0.0
1995-08-16,1230.0,1230.0,1225.3703703703702,0.0
1995-08-17,1200.0,1200.0,1200.0,0.0
1995-08-18,1090.0,1090.0,1090.0,0.0
1995-08-19,1040.0,1040.0,1040.0,0.0
1995-08-20,2270.0,1086.125,1111.851851851852,1183.875
1995-08-21,1740.0,1155.0406249999999,1137.7914951989028,584.9593750000001
1995-08-22,1440.0,1187.662578125,1139.1070974953006,252.33742187500013
1995-08-23,1340.0,1202.837884765625,1132.893477356847,137.16211523437514
1995-08-24,1240.0,1209.375043408203,1119.8477850089907,30.624956591797
1995-08-25,1450.0,1219.5469151525876,1123.5655826933435,230.45308484741224
1995-08-26,2580.0,1279.2058965161436,1210.642843555071,1300.7941034838564
1995-08-27,11900.0,1726.2654542774326,1980.0277654481208,10173.734545722567
1995-08-28,14600.0,2590.5455452066253,2878.1733427214435,12009.454454793375
1995-08-29,11000.0,3356.2546293161286,3426.490625802792,7643.745370683871
1995-08-30,8140.0,3822.2855321174184,3712.1859382284592,4317.714467882582
1995-08-31,4620.0,4014.114117208612,3710.687240244343,605.8858827913882
1995-09-01,2790.0,2790.0,2790.0,0.0
1995-09-02,2480.0,2480.0,2480.0,0.0
1995-09-03,2190.0,2190.0,2190.0,0.0
1995-09-04,2010.0,2010.0,2010.0,0.0
1995-09-05,1880.0,1880.0,1880.0,0.0
1995-09-06,1840.0,1840.0,1840.0,0.0
1995-09-07,1800.0,1800.0,1800.0,0.0
1995-09-08,1660.0,1660.0,1660.0,0.0
1995-09-09,1570.0,1570.0,1570.0,0.0
1995-09-10,1720.0,1575.625,1552.037037037037,144.375
1995-09-11,1860.0,1591.703125,1546.10768175583,268.296875
1995-09-12,2400.0,1632.075390625,1580.7273408525125,767.924609375
1995-09-13,2090.0,1678.044736328125,1589.1785129957984,411.95526367187506
1995-09-14,1940.0,1703.3163811035156,1585.73605808878,236.68361889648446
1995-09-15,1740.0,1713.5676525207518,1567.7975341916708,26.432347479248136
1995-09-16,1760.0,1716.3000785816955,1553.0014662109604,43.69992141830453
1995-09-17,1950.0,1726.7025726880684,1553.6494785988345,223.2974273119317
1995-09-18,1860.0,1740.0748797364631,1547.5708231730168,119.92512026353683
1995-09-19,1650.0,1650.0,1526.4994506569967,0.0
1995-09-20,1570.0,1570.0,1501.453205225793,0.0
1995-09-21,1540.0,1540.0,1476.503834371553,0.0
1995-09-22,1500.0,1500.0,1450.9016274852981,0.0
1995-09-23,1530.0,1501.125,1429.8922175329556,28.875
1995-09-24,1560.0,1504.415625,1413.0503455391633,55.584375
1995-09-25,1510.0,1506.709453125,1394.0642024336853,3.290546875000004
1995-09-26,1480.0,1480.0,1374.6138133194552,0.0
1995-09-27,1440.0,1440.0,1354.0014231972834,0.0
1995-09-28,1380.0,1380.0,1330.8531432716093,0.0
1995-09-29,1310.0,1310.0,1304.6630374131269,0.0
1995-09-30,1280.0,1280.0,1278.6757191341335,0.0
1995-10-01,1290.0,1280.375,1255.8353747698618,9.625
1995-10-02,1290.0,1281.096875,1235.1098771059856,8.903125000000001
1995-10-03,1260.0,1260.0,1214.0811847813573,0.0
1995-10-04,5500.0,1419.0,1509.0736676719725,4081.0
1995-10-05,16500.0,2137.5750000000007,2591.566846591235,14362.425
1995-10-06,13000.0,3083.506874999999,3314.5699163513063,9916.493125
1995-10-07,10500.0,3733.4938593749994,3785.443072244704,6766.506140625001
1995-10-08,8530.0,4167.106819921874,4066.7909359257505,4362.893180078126
1995-10-09,5780.0,4391.198808427734,4118.384367784478,1388.8011915722664
1995-10-10,3290.0,3290.0,3290.0,0.0
1995-10-11,2870.0,2870.0,2870.0,0.0
1995-10-12,2630.0,2630.0,2630.0,0.0
1995-10-13,2470.0,2470.0,2470.0,0.0
1995-10-14,2950.0,2488.0,2459.814814814815,462.0
1995-10-15,3790.0,2554.15,2512.794924554184,1235.85
1995-10-16,3020.0,2617.96375,2503.8324315399077,402.0362499999999
1995-10-17,2600.0,2600.0,2464.5886878788056,0.0
1995-10-18,2400.0,2400.0,2400.0,0.0
1995-10-19,2290.0,2290.0,2290.0,0.0
1995-10-20,2200.0,2200.0,2200.0,0.0
1995-10-21,2140.0,2140.0,2140.0,0.0
1995-10-22,2060.0,2060.0,2060.0,0.0
1995-10-23,1950.0,1950.0,1950.0,0.0
1995-10-24,1940.0,1940.0,1913.1481481481483,0.0
1995-10-25,1910.0,1910.0,1877.486282578875,0.0
1995-10-26,1870.0,1870.0,1842.1634786363866,0.0
1995-10-27,1800.0,1800.0,1800.0,0.0
1995-10-28,2000.0,1807.5,1781.4814814814815,192.5
1995-10-29,1920.0,1818.9375,1758.7517146776406,101.0625
1995-10-30,1760.0,1760.0,1726.2747040593406,0.0
1995-10-31,1730.0,1730.0,1694.5826018316238,0.0
1995-11-01,1860.0,1734.875,1675.4545831435105,125.125
1995-11-02,2060.0,1751.759375,1672.912492111704,308.240625
1995-11-03,2580.0,1794.377421875,1709.1242983976574,785.622578125
1995-11-04,2260.0,1841.299115234375,1718.27945595343,418.700884765625
1995-11-05,2010.0,1863.3266815917968,1708.0683952170014,146.67331840820316
1995-11-06,1920.0,1870.952180472412,1692.1361364006123,49.04781952758793
1995-11-07,2790.0,1907.2557669369812,1742.1235311783335,882.7442330630188
1995-11-08,3980.0,2018.0865844167076,1875.6306116247843,1961.9134155832924
1995-11-09,3090.0,2131.8550905854545,1930.8499994373044,958.1449094145455
1995-11-10,2560.0,2183.8409587915453,1941.6972217116281,376.1590412084546
1995-11-11,3720.0,2255.5528868821793,2037.46599747907,1464.4471131178204
1995-11-12,5870.0,2446.011420366016,2283.6265532680454,3423.988579633984
1995-11-13,5450.0,2687.0605638385646,2475.8833538913746,2762.9394361614354
1995-11-14,4570.0,2861.281021550672,2585.1534137162475,1708.718978449328
1995-11-15,3220.0,2938.8099449343717,2584.3058754091876,281.1900550656285
1995-11-16,2840.0,2840.0,2555.388664723151,0.0
1995-11-17,2630.0,2630.0,2513.5934179895257,0.0
1995-11-18,2490.0,2490.0,2465.2977311386435,0.0
1995-11-19,2400.0,2400.0,2400.0,0.0
1995-11-20,2300.0,2300.0,2300.0,0.0
1995-11-21,2220.0,2220.0,2220.0,0.0
1995-11-22,2130.0,2130.0,2130.0,0.0
1995-11-23,2080.0,2080.0,2080.0,0.0
1995-11-24,2040.0,2040.0,2038.5185185185185,0.0
1995-11-25,1990.0,1990.0,1990.0,0.0
1995-11-26,1960.0,1960.0,1950.9259259259259,0.0
1995-11-27,1920.0,1920.0,1912.5068587105625,0.0
1995-11-28,1880.0,1880.0,1874.6821495706956,0.0
1995-11-29,2110.0,1888.625,1857.3967653511868,221.375
1995-11-30,1970.0,1899.978125,1831.341509300151,70.02187500000002
1995-12-01,1870.0,1870.0,1800.2913695501368,0.0
1995-12-02,1810.0,1810.0,1767.6717982954945,0.0
1995-12-03,1760.0,1760.0,1734.3688540088747,0.0
1995-12-04,1730.0,1730.0,1701.9272934524972,0.0
1995-12-05,1720.0,1720.0,1671.7488403550437,0.0
1995-12-06,1710.0,1710.0,1643.6239477295765,0.0
1995-12-07,1850.0,1715.25,1628.47358219906,134.75
1995-12-08,1920.0,1727.98125,1619.9112134769248,192.01875
1995-12-09,2220.0,1753.6326562499999,1634.363878895728,466.36734375000003
1995-12-10,2210.0,1788.23520703125,1646.7375938127902,421.76479296875004
1995-12-11,1940.0,1809.7425665039061,1637.96559438568,130.25743349609382
1995-12-12,1840.0,1815.7618740161133,1622.598409720339,24.23812598388679
1995-12-13,1780.0,1780.0,1604.2096680795669,0.0
1995-12-14,1770.0,1770.0,1586.7828469610886,0.0
1995-12-15,1720.0,1720.0,1567.265916686914,0.0
1995-12-16,1710.0,1710.0,1548.8153688455327,0.0
1995-12-17,1670.0,1670.0,1529.110242100576,0.0
1995-12-18,1640.0,1640.0,1509.0074419060782,0.0
1995-12-19,2270.0,1663.625,1537.4326787666266,606.375
1995-12-20,2790.0,1728.603125,1601.7444677697167,1061.396875
1995-12-21,2310.0,1790.207890625,1624.5459059391876,519.792109375
1995-12-22,2060.0,1819.8172988281249,1626.7175813151887,240.182701171875
1995-12-23,1940.0,1833.3310014160156,1619.7992867489675,106.6689985839844
1995-12-24,1840.0,1837.5811763098145,1606.1141676055445,2.418823690185576
1995-12-25,1730.0,1730.0,1585.5480409754014,0.0
1995-12-26,1730.0,1730.0,1566.8861853295307,0.0
1995-12-27,1680.0,1680.0,1546.2485755767964,0.0
1995-12-28,1660.0,1660.0,1526.0403741345003,0.0
1995-12-29,1590.0,1590.0,1502.5181172701946,0.0
1995-12-30,1580.0,1580.0,1480.4331064118433,0.0
1995-12-31,1580.0,1580.0,1460.3930039663023,0.0
1996-01-01,1640.0,1582.25,1446.6529110064596,57.75
1996-01-02,1870.0,1595.20625,1451.2220859132688,274.79375
1996-01-03,2280.0,1631.1907812499999,1485.738559439818,648.80921875
1996-01-04,2060.0,1671.6014726562498,1500.762766899094,388.39852734375006
1996-01-05,1830.0,1692.1063622070312,1497.3588070010298,137.89363779296883
1996-01-06,1790.0,1700.9483850415038,1491.3070656120458,89.05161495849617
1996-01-07,1920.0,1712.502256163391,1495.4453002775972,207.49774383660895
1996-01-08,1890.0,1726.9395869511368,1496.9781428444865,163.0604130488633
1996-01-09,1950.0,1741.4191179298014,1502.8134999885156,208.58088207019856
1996-01-10,1740.0,1740.0,1492.5529907303198,0.0
1996-01-11,1690.0,1690.0,1479.538824921957,0.0
1996-01-12,1680.0,1680.0,1466.9889337254795,0.0
1996-01-13,1670.0,1670.0,1454.8603287508981,0.0
1996-01-14,1650.0,1650.0,1442.373261273963,0.0
1996-01-15,1790.0,1655.25,1441.4127741189664,134.75
1996-01-16,2010.0,1673.60625,1456.837517256099,336.39375
1996-01-17,2130.0,1703.3357812499999,1479.7229323249787,426.66421875000003
1996-01-18,3490.0,1786.33559765625,1601.230068220814,1703.66440234375
1996-01-19,12600.0,2255.735427832031,2386.3013582003696,10344.26457216797
1996-01-20,10600.0,2956.5552707446277,2950.5327139225583,7643.444729255372
1996-01-21,9190.0,3476.93862543878,3358.075981151952,5713.06137456122
1996-01-22,6610.0,3808.6682285308716,3536.7726495638085,2801.3317714691284
1996-01-23,3920.0,3917.893111391056,3499.6640709004923,2.106888608943791
1996-01-24,3980.0,3920.301128036727,3470.435916187484,59.69887196327301
1996-01-25,4360.0,3939.0285434339726,3472.0622202441987,420.97145656602754
1996-01-26,4490.0,3975.4764026764246,3483.1675702215875,514.5235973235755
1996-01-27,16500.0,4464.440672475692,4382.874276682553,12035.559327524308
1996-01-28,13500.0,5254.607622040014,4977.052584397132,8245.392377959986
1996-01-29,11600.0,5801.762050387012,5375.473641397398,5798.237949612988
1996-01-30,8700.0,6127.879896607986,5522.189044971713,2572.1201033920142
1996-01-31,6440.0,6236.038904362387,5487.912281548407,203.9610956376132
1996-02-01,4610.0,4610.0,4610.0,0.0
1996-02-02,6720.0,4689.125,4680.925925925926,2030.875
1996-02-03,8300.0,4900.690625,4862.321673525378,3399.309375
1996-02-04,6800.0,5099.388828125,4915.810407458214,1700.6111718749999
1996-02-05,5700.0,5185.684666015625,4882.864999360231,514.315333984375
1996-02-06,4900.0,4900.0,4793.710832752802,0.0
1996-02-07,4330.0,4330.0,4330.0,0.0
1996-02-08,4270.0,4270.0,4245.37037037037,0.0
1996-02-09,4490.0,4278.25,4184.873113854595,211.75
1996-02-10,4160.0,4160.0,4105.533010719911,0.0
1996-02-11,3880.0,3880.0,3880.0,0.0
1996-02-12,3650.0,3650.0,3650.0,0.0
1996-02-13,3440.0,3440.0,3440.0,0.0
1996-02-14,3320.0,3320.0,3320.0,0.0
1996-02-15,3220.0,3220.0,3220.0,0.0
1996-02-16,3140.0,3140.0,3140.0,0.0
1996-02-17,3020.0,3020.0,3020.0,0.0
1996-02-18,2940.0,2940.0,2940.0,0.0
1996-02-19,2880.0,2880.0,2880.0,0.0
1996-02-20,3640.0,2908.5,2882.962962962963,731.5
1996-02-21,4150.0,2982.4875,2923.4293552812073,1167.5125
1996-02-22,3590.0,3049.0509375,2918.667377940355,540.9490625000001
1996-02-23,3290.0,3078.3721171875,2892.1241022051368,211.6278828125001
1996-02-24,3140.0,3088.6192083984374,2856.9274260750312,51.380791601562606
1996-02-25,2970.0,2970.0,2812.397108845862,0.0
1996-02-26,2880.0,2880.0,2765.3233024712454,0.0
1996-02-27,2820.0,2820.0,2718.1637374276115,0.0
1996-02-28,2780.0,2780.0,2672.4078358139436,0.0
1996-02-29,2670.0,2670.0,2622.7404436089487,0.0
1996-03-01,2590.0,2590.0,2571.7459580896016,0.0
1996-03-02,2560.0,2560.0,2523.250961970194,0.0
1996-03-03,2500.0,2500.0,2474.8017988248057,0.0
1996-03-04,2400.0,2400.0,2400.0,0.0
1996-03-05,2390.0,2390.0,2354.814814814815,0.0
1996-03-06,2990.0,2412.5,2358.2578875171466,577.5
1996-03-07,4040.0,2495.1875,2439.159934969263,1544.8125
1996-03-08,4080.0,2612.5484374999996,2515.534015064701,1467.4515625000001
1996-03-09,3310.0,2693.7323046875,2527.7993840401923,616.2676953125001
1996-03-10,2980.0,2727.5773818359376,2514.484626258693,252.42261816406267
1996-03-11,2830.0,2740.884078198242,2491.291605308814,89.11592180175799
1996-03-12,2750.0,2744.567772333374,2464.3201603728126,5.432227666626147
1996-03-13,2660.0,2660.0,2433.1794047827375,0.0
1996-03-14,2580.0,2580.0,2398.996126562114,0.0
1996-03-15,2630.0,2581.875,2371.6816703989552,48.125
1996-03-16,2870.0,2594.484375,2364.674108324978,275.515625
1996-03-17,2740.0,2610.273046875,2348.685764961554,129.72695312500002
1996-03-18,2570.0,2570.0,2321.5852311688177,0.0
1996-03-19,3400.0,2601.125,2358.4754875420754,798.875
1996-03-20,3710.0,2672.665625,2414.9129423992904,1037.334375
1996-03-21,3160.0,2729.840703125,2425.383966251208,430.159296875
1996-03-22,2910.0,2752.727650390625,2416.366932339059,157.272349609375
1996-03-23,2740.0,2740.0,2395.592216381739,0.0
1996-03-24,2590.0,2590.0,2365.6299741241705,0.0
1996-03-25,2560.0,2560.0,2336.2197913348955,0.0
1996-03-26,2650.0,2563.375,2316.199440285368,86.625
1996-03-27,2570.0,2566.871875,2292.106899518204,3.128124999999997
1996-03-28,3270.0,2593.356484375,2322.0970014146665,676.643515625
1996-03-29,3960.0,2669.979748046875,2400.421353135531,1290.020251953125
1996-03-30,3330.0,2743.1062669433595,2424.8267834007593,586.8937330566405
1996-03-31,3090.0,2778.1232969226076,2429.1946738266147,311.87670307739245
1996-04-01,3320.0,2810.139049653412,2450.195166990817,509.860950346588
1996-04-02,3220.0,2844.628620929406,2461.8437626398154,375.37137907059395
1996-04-03,2940.0,2862.2814743597005,2451.6730438768695,77.71852564029939
1996-04-04,2780.0,2780.0,2430.592206480863,0.0
1996-04-05,2670.0,2670.0,2403.3151503252275,0.0
1996-04-06,2580.0,2580.0,2371.8970808506697,0.0
1996-04-07,2520.0,2520.0,2338.9436474385707,0.0
1996-04-08,2440.0,2440.0,2303.115531934999,0.0
1996-04-09,2500.0,2442.25,2275.0492789780546,57.75
1996-04-10,2400.0,2400.0,2242.174345739346,0.0
1996-04-11,2290.0,2290.0,2204.1952396523693,0.0
1996-04-12,2240.0,2240.0,2166.029013758631,0.0
1996-04-13,2200.0,2200.0,2128.4337347069063,0.0
1996-04-14,2200.0,2200.0,2094.3195000118226,0.0
1996-04-15,2140.0,2140.0,2058.919546307024,0.0
1996-04-16,2130.0,2130.0,2026.0566253526702,0.0
1996-04-17,2060.0,2060.0,1991.05138226446,0.0
1996-04-18,1990.0,1990.0,1954.1021802029359,0.0
1996-04-19,1980.0,1980.0,1919.8334598137749,0.0
1996-04-20,2210.0,1988.625,1905.774806127314,221.375
1996-04-21,2670.0,2022.478125,1927.0919537081181,647.521875
1996-04-22,2480.0,2063.917265625,1932.3612172536625,416.0827343750001
1996-04-23,2230.0,2085.748470703125,1918.6240675079528,144.2515292968751
1996-04-24,2130.0,2092.8173354003907,1898.7514686646239,37.18266459960947
1996-04-25,2050.0,2050.0,1874.7929993438254,0.0
1996-04-26,2390.0,2062.75,1878.238091997175,327.25
1996-04-27,2620.0,2095.91875,1898.4012316270662,524.08125
1996-04-28,2280.0,2122.47484375,1891.512228698634,157.52515625
1996-04-29,2170.0,2130.16423046875,1877.1129482635752,39.83576953125001
1996-04-30,2740.0,2154.526913183594,1906.2691567576885,585.4730868164063
1996-05-01,2810.0,2201.0623946948244,1937.9109015023469,608.9376053051758
1996-05-02,2460.0,2233.607715092712,1940.6969291410185,226.3922849072876
1996-05-03,2300.0,2244.5871364607588,1931.3731394057388,55.412863539241044
1996-05-04,2160.0,2160.0,1912.5422931644664,0.0
1996-05-05,2080.0,2080.0,1889.5291178714601,0.0
1996-05-06,2250.0,2086.375,1881.2393847352137,163.625
1996-05-07,2470.0,2106.896875,1890.0135157782495,363.103125
1996-05-08,2250.0,2125.879609375,1881.6789309839671,124.12039062499997
1996-05-09,2110.0,2110.0,1863.7456966336,0.0
1996-05-10,2110.0,2110.0,1847.4729469453036,0.0
1996-05-11,2030.0,2030.0,1826.781007413331,0.0
1996-05-12,1970.0,1970.0,1803.5605437639485,0.0
1996-05-13,1880.0,1880.0,1775.8234563783976,0.0
1996-05-14,1830.0,1830.0,1746.9509141211386,0.0
1996-05-15,1900.0,1832.625,1725.9369405914033,67.375
1996-05-16,1970.0,1840.303125,1712.0538905366436,129.696875
1996-05-17,1890.0,1847.030390625,1693.5303821536208,42.969609375000005
1996-05-18,1780.0,1780.0,1668.5738652875448,0.0
1996-05-19,1700.0,1700.0,1640.0022110942537,0.0
1996-05-20,1640.0,1640.0,1609.6316359929338,0.0
1996-05-21,1590.0,1590.0,1578.3694474750694,0.0
1996-05-22,1560.0,1560.0,1547.7796838199704,0.0
1996-05-23,1490.0,1490.0,1490.0,0.0
1996-05-24,1430.0,1430.0,1430.0,0.0
1996-05-25,1660.0,1438.625,1420.5555555555554,221.375
1996-05-26,1970.0,1466.853125,1434.948559670782,503.146875
1996-05-27,2330.0,1518.089140625,1474.6755448864506,811.910859375
1996-05-28,2250.0,1575.982455078125,1504.7981796191864,674.017544921875
1996-05-29,1900.0,1613.4087709472656,1506.2057555803729,286.59122905273443
1996-05-30,1670.0,1626.2781131262207,1490.445963397005,43.72188687377934
1996-05-31,1580.0,1580.0,1469.478744563949,0.0
1996-06-01,1500.0,1500.0,1444.527008956176,0.0
1996-06-02,1450.0,1450.0,1418.1819155343078,0.0
1996-06-03,1430.0,1430.0,1392.794701132983,0.0
1996-06-04,1750.0,1442.0,1393.4618584354844,308.0
1996-06-05,1610.0,1459.85,1383.69687154331,150.15000000000003
1996-06-06,1450.0,1450.0,1362.9841982522628,0.0
1996-06-07,1420.0,1420.0,1341.9671428585345,0.0
1996-06-08,1790.0,1433.875,1350.3035185197814,356.125
1996-06-09,2530.0,1488.334375,1412.6828223605423,1041.665625
1996-06-10,3660.0,1608.8342968749998,1552.98996843827,2051.165703125
1996-06-11,2960.0,1736.4217246093747,1628.4538602495415,1223.5782753906253
1996-06-12,2390.0,1806.8150952636715,1654.7081324486583,583.1849047363285
1996-06-13,2240.0,1844.9289631188963,1667.4203424071156,395.07103688110385
1996-06-14,1960.0,1864.059290884979,1658.2147551471974,95.9407091150211
1996-06-15,1930.0,1870.1298440686055,1647.6393148557904,59.87015593139452
1996-06-16,1900.0,1873.49510576346,1635.8208597765506,26.504894236539933
1996-06-17,1750.0,1750.0,1613.9855949824253,0.0
1996-06-18,2020.0,1760.125,1614.1721139655342,259.875
1996-06-19,1880.0,1774.365625,1603.970992302059,105.634375
1996-06-20,2000.0,1786.788203125,1603.603307829646,213.211796875
1996-06-21,2060.0,1805.029087890625,1607.7141126602344,254.970912109375
1996-06-22,1760.0,1760.0,1589.2220651916941,0.0
1996-06-23,1590.0,1590.0,1559.8496517480187,0.0
1996-06-24,1560.0,1560.0,1530.9746839935724,0.0
1996-06-25,1580.0,1560.75,1506.2548058460195,19.25
1996-06-26,1450.0,1450.0,1450.0,0.0
1996-06-27,1350.0,1350.0,1350.0,0.0
1996-06-28,1300.0,1300.0,1300.0,0.0
1996-06-29,1270.0,1270.0,1270.0,0.0
1996-06-30,1220.0,1220.0,1220.0,0.0
1996-07-01,1190.0,1190.0,1190.0,0.0
1996-07-02,1160.0,1160.0,1160.0,0.0
1996-07-03,1120.0,1120.0,1120.0,0.0
1996-07-04,1090.0,1090.0,1090.0,0.0
1996-07-05,1050.0,1050.0,1050.0,0.0
1996-07-06,1030.0,1030.0,1029.0740740740741,0.0
1996-07-07,1060.0,1031.125,1012.3079561042524,28.875
1996-07-08,1230.0,1039.665625,1009.6868490575623,190.334375
1996-07-09,1330.0,1057.690703125,1014.7158445151955,272.309296875
1996-07-10,1110.0,1069.863900390625,1002.9828959489737,40.13609960937498
1996-07-11,1020.0,1020.0,985.6696648425872,0.0
1996-07-12,991.0,991.0,967.8113625423476,0.0
1996-07-13,1010.0,991.7125,953.014014158797,18.2875
1996-07-14,1340.0,1005.4590625000001,964.0312350700194,334.5409375
1996-07-15,2080.0,1058.2996328125,1028.8431577487213,1021.7003671875
1996-07-16,2270.0,1142.0521603515626,1101.7280505497658,1127.9478396484374
1996-07-17,1600.0,1201.5232483251955,1118.2347125358988,398.4767516748045
1996-07-18,1440.0,1225.4090047008058,1121.361128041834,214.59099529919422
1996-07-19,1370.0,1238.8783293482454,1119.0128754453679,131.12167065175467
1996-07-20,1150.0,1150.0,1100.5857573485746,0.0
1996-07-21,1100.0,1100.0,1080.1611501866694,0.0
1996-07-22,1220.0,1104.5,1070.5165992434593,115.5
1996-07-23,1280.0,1115.4125,1066.2095067209168,164.5875
1996-07-24,1300.0,1128.5065625,1063.782700543054,171.4934375
1996-07-25,1260.0,1139.8685703125,1058.6176356779565,120.1314296875
1996-07-26,1600.0,1161.6284275390626,1079.1160027448125,438.3715724609375
1996-07-27,1470.0,1189.6312954736327,1088.086743231404,280.3687045263672
1996-07-28,1340.0,1205.7839483131104,1086.5972299692369,134.21605168688967
1996-07-29,1390.0,1217.7251521896271,1088.9493383054187,172.27484781037293
1996-07-30,1300.0,1227.270765775405,1084.416992166028,72.72923422459496
1996-07-31,1360.0,1234.9754583422496,1084.748752150655,125.02454165775035
1996-08-01,1660.0,1255.602298966581,1107.2720158404093,404.3977010334191
1996-08-02,1470.0,1278.8071265440874,1113.6357180774085,191.19287345591266
1996-08-03,1240.0,1240.0,1102.3731515887596,0.0
1996-08-04,1210.0,1210.0,1089.931193108319,0.0
1996-08-05,1220.0,1210.375,1079.3820085612524,9.625
1996-08-06,1630.0,1226.471875,1100.1799707315067,403.528125
1996-08-07,1700.0,1259.361484375,1124.23738084896,440.638515625
1996-08-08,1620.0,1289.4093730468749,1140.1413270666487,330.590626953125
1996-08-09,1420.0,1306.7036700683593,1139.757870856774,113.29632993164068
1996-08-10,1260.0,1260.0,1127.5580679996651,0.0
1996-08-11,1180.0,1180.0,1110.5619505922887,0.0
1996-08-12,2230.0,1219.375,1172.9173255374471,1010.625
1996-08-13,3220.0,1332.296875,1302.8323879876837,1887.703125
1996-08-14,2330.0,1440.4996093749999,1354.7923520628983,889.5003906250001
1996-08-15,1910.0,1491.462138671875,1370.8300972422596,418.53786132812513
1996-08-16,1680.0,1514.2274782714842,1368.3458289790874,165.77252172851576
1996-08-17,1620.0,1524.410417401123,1361.6471411106534,95.58958259887709
1996-08-18,1730.0,1535.7046360960387,1363.7168502670743,194.2953639039613
1996-08-19,1520.0,1520.0,1350.039364131234,0.0
1996-08-20,1580.0,1522.25,1342.072756341305,57.75
1996-08-21,1450.0,1450.0,1325.214167791184,0.0
1996-08-22,1410.0,1410.0,1306.9535966994079,0.0
1996-08-23,1350.0,1350.0,1285.939374782796,0.0
1996-08-24,1270.0,1270.0,1260.9449882288332,0.0
1996-08-25,1770.0,1288.75,1275.3019337632006,481.25
1996-08-26,2070.0,1336.09375,1310.5517547110526,733.90625
1996-08-27,2100.0,1392.26171875,1344.7599255711402,707.73828125
1996-08-28,2030.0,1442.7170898437498,1370.6154880182569,587.2829101562501
1996-08-29,2090.0,1489.0133081054687,1398.5214613498997,600.9866918945313
1996-08-30,1780.0,1522.4623099975584,1400.880585298983,257.53769000244154
1996-08-31,1800.0,1542.5276367477416,1404.5027533268549,257.47236325225845
1996-09-01,1550.0,1550.0,1389.2710169077016,0.0
1996-09-02,1410.0,1410.0,1365.0792560829143,0.0
1996-09-03,1540.0,1414.875,1352.7571027419037,125.125
1996-09-04,4130.0,1521.384375,1533.4277413769128,2608.615625
1996-09-05,7170.0,1831.0305468749993,1922.5548023605322,5338.969453125001
1996-09-06,4630.0,2136.2032558593737,2087.503431771594,2493.7967441406263
1996-09-07,2900.0,2258.3630116699205,2109.0308917927428,641.6369883300795
1996-09-08,2550.0,2293.3607857946763,2102.639142552674,256.6392142053236
1996-09-09,2130.0,2130.0,2065.728110834834,0.0
1996-09-10,1940.0,1940.0,1940.0,0.0
1996-09-11,2090.0,1945.625,1915.1851851851852,144.375
1996-09-12,1780.0,1780.0,1780.0,0.0
1996-09-13,1620.0,1620.0,1620.0,0.0
1996-09-14,1500.0,1500.0,1500.0,0.0
1996-09-15,1430.0,1430.0,1430.0,0.0
1996-09-16,1500.0,1432.625,1408.7037037037035,67.375
1996-09-17,1970.0,1455.303125,1424.1941015089162,514.696875
1996-09-18,1880.0,1490.530390625,1431.5835365543871,389.469609375
1996-09-19,1520.0,1506.240611328125,1411.6220979845366,13.759388671875001
1996-09-20,1400.0,1400.0,1384.6200518748574,0.0
1996-09-21,1360.0,1360.0,1357.155232256815,0.0
1996-09-22,1430.0,1362.625,1337.4186366774802,67.375
1996-09-23,1420.0,1367.303125,1318.768762911047,52.696875000000006
1996-09-24,1300.0,1300.0,1292.956840419283,0.0
1996-09-25,1250.0,1250.0,1250.0,0.0
1996-09-26,1250.0,1250.0,1226.8518518518517,0.0
1996-09-27,1240.0,1240.0,1205.1063100137173,0.0
1996-09-28,2510.0,1287.625,1279.4483183457805,1222.375
1996-09-29,5050.0,1474.553125,1535.0549555359862,3575.446875
1996-09-30,4020.0,1704.0866406249997,1690.6980152085803,2315.9133593750003
1996-10-01,2910.0,1836.1551425781245,1749.707458244823,1073.8448574218755
1996-10-02,2490.0,1900.9435068847652,1772.1419528517838,589.056493115235
1996-10-03,2370.0,1940.6227438684077,1783.6102905506925,429.3772561315924
1996-10-04,2110.0,1963.076038078277,1774.757485870073,146.923961921723
1996-10-05,1910.0,1910.0,1751.9095705117327,0.0
1996-10-06,1790.0,1790.0,1722.2883139828687,0.0
1996-10-07,1730.0,1730.0,1690.9653219474178,0.0
1996-10-08,1740.0,1730.375,1663.2833476930273,9.625
1996-10-09,1730.0,1730.0,1637.4237784621912,0.0
1996-10-10,1580.0,1580.0,1580.0,0.0
1996-10-11,1530.0,1530.0,1530.0,0.0
1996-10-12,1490.0,1490.0,1490.0,0.0
1996-10-13,1450.0,1450.0,1450.0,0.0
1996-10-14,1420.0,1420.0,1420.0,0.0
1996-10-15,1390.0,1390.0,1390.0,0.0
1996-10-16,1370.0,1370.0,1362.7777777777778,0.0
1996-10-17,1350.0,1350.0,1336.5946502057614,0.0
1996-10-18,1320.0,1320.0,1310.613664075598,0.0
1996-10-19,1300.0,1300.0,1285.5568433278572,0.0
1996-10-20,1270.0,1270.0,1260.5978763530554,0.0
1996-10-21,1260.0,1260.0,1237.209184098143,0.0
1996-10-22,1260.0,1260.0,1215.9861114964629,0.0
1996-10-23,1260.0,1260.0,1196.7281382097533,0.0
1996-10-24,1280.0,1260.75,1180.7347920792206,19.25
1996-10-25,1260.0,1260.0,1164.7408298496632,0.0
1996-10-26,1240.0,1240.0,1148.746308567287,0.0
1996-10-27,1220.0,1220.0,1132.751279996242,0.0
1996-10-28,1320.0,1223.75,1125.64467999659,96.25
1996-10-29,1280.0,1229.46875,1116.2331355524614,50.53125
1996-10-30,1250.0,1232.13359375,1105.4708081864928,17.866406250000004
1996-10-31,1190.0,1190.0,1091.2605481692249,0.0
1996-11-01,1190.0,1190.0,1078.3660529683707,0.0
1996-11-02,1330.0,1195.25,1077.0358628787067,134.75
1996-11-03,1390.0,1207.60625,1080.2732829825302,182.39375
1996-11-04,1270.0,1216.78578125,1074.3220530767403,53.214218750000015
1996-11-05,1200.0,1200.0,1063.736677791857,0.0
1996-11-06,1200.0,1200.0,1054.1314298481664,0.0
1996-11-07,1230.0,1201.125,1047.6377789362991,28.875
1996-11-08,4300.0,1318.415625,1269.1527994051607,2981.584375
1996-11-09,5040.0,1569.7844531249998,1524.9719846454238,3470.215546875
1996-11-10,3520.0,1773.0506191406248,1644.5116156967738,1746.9493808593752
1996-11-11,2370.0,1860.946822705078,1667.7975772063317,509.0531772949221
1996-11-12,2040.0,1886.750811002197,1664.4829867242638,153.24918899780295
1996-11-13,1860.0,1860.0,1648.1419694349802,0.0
1996-11-14,1750.0,1750.0,1625.1658611539633,0.0
1996-11-15,1690.0,1690.0,1599.8727258619297,0.0
1996-11-16,1610.0,1610.0,1570.9956216154546,0.0
1996-11-17,1550.0,1550.0,1540.347878873283,0.0
1996-11-18,1580.0,1551.125,1514.7601123109418,28.875
1996-11-19,1640.0,1555.540625,1495.9860278377064,84.459375
1996-11-20,1570.0,1559.250078125,1473.765099334215,10.749921874999998
1996-11-21,1550.0,1550.0,1452.120182729195,0.0
1996-11-22,1650.0,1553.75,1439.886832476492,96.25
1996-11-23,1610.0,1559.46875,1425.823236876817,50.53125
1996-11-24,1510.0,1510.0,1405.654418647482,0.0
1996-11-25,1490.0,1490.0,1385.8716021060486,0.0
1996-11-26,2010.0,1509.5,1406.4390463554885,500.5
1996-11-27,2170.0,1553.0375,1436.953949470721,616.9625000000001
1996-11-28,1810.0,1585.8096874999999,1437.9767319271357,224.19031250000012
1996-11-29,1690.0,1598.1239609374998,1430.0159234153639,91.87603906250013
1996-11-30,1750.0,1607.2646638671874,1427.2366712472744,142.73533613281262
1996-12-01,6950.0,1812.969814077148,1809.8999424280828,5137.030185922852
1996-12-02,9010.0,2275.4970780213616,2309.7240218328907,6734.502921978638
1996-12-03,8250.0,2752.0847971697594,2706.971797589105,5497.915202830241
1996-12-04,7730.0,3144.9284373820274,3028.9188533678916,4585.071562617973
1996-12-05,4860.0,3381.183804578375,3108.463403981976,1478.8161954216248
1996-12-06,3200.0,3200.0,3057.6797554651266,0.0
1996-12-07,2940.0,2940.0,2940.0,0.0
1996-12-08,2730.0,2730.0,2730.0,0.0
1996-12-09,2510.0,2510.0,2510.0,0.0
1996-12-10,2340.0,2340.0,2340.0,0.0
1996-12-11,2250.0,2250.0,2250.0,0.0
1996-12-12,2410.0,2256.0,2220.185185185185,154.0
1996-12-13,3190.0,2296.8,2250.9087791495203,893.2
1996-12-14,2800.0,2349.165,2249.898707006046,450.83500000000004
1996-12-15,2460.0,2370.227625,2223.7969748758564,89.77237500000007
1996-12-16,2300.0,2300.0,2188.260217942907,0.0
1996-12-17,2390.0,2303.375,2162.680568133378,86.625
1996-12-18,2460.0,2312.496875,2144.6545896025095,147.503125
1996-12-19,2310.0,2310.0,2117.1865720467217,0.0
1996-12-20,2150.0,2150.0,2080.4100375979515,0.0
1996-12-21,2030.0,2030.0,2030.0,0.0
1996-12-22,1990.0,1990.0,1989.4444444444443,0.0
1996-12-23,1980.0,1980.0,1951.90329218107,0.0
1996-12-24,1990.0,1980.375,1918.5789132754153,9.625
1996-12-25,2070.0,1984.096875,1894.2660509350992,85.903125
1996-12-26,1990.0,1987.539609375,1866.2784536262939,2.4603906250000023
1996-12-27,1950.0,1950.0,1837.919337549785,0.0
1996-12-28,1930.0,1930.0,1810.7045840729534,0.0
1996-12-29,2150.0,1938.25,1802.3060114736058,211.75
1996-12-30,2240.0,1957.50625,1801.3517511519758,282.49375
1996-12-31,2110.0,1973.81828125,1790.856218637904,136.18171875000002
1997-01-01,2020.0,1980.65691015625,1774.6658280232834,39.34308984375002
1997-01-02,1960.0,1960.0,1755.5301032063126,0.0
1997-01-03,1910.0,1910.0,1734.4625010575799,0.0
1997-01-04,1880.0,1880.0,1713.1233805892855,0.0
1997-01-05,2210.0,1892.375,1718.2045490532405,317.625
1997-01-06,2300.0,1919.571875,1729.4819056223848,380.428125
1997-01-07,2100.0,1940.603984375,1724.9002476943863,159.39601562500002
1997-01-08,1980.0,1948.058685546875,1711.8539284634246,31.941314453125017
1997-01-09,2770.0,1980.0792841308594,1758.5341202723666,789.9207158691406
1997-01-10,3390.0,2062.573337821045,1846.8179980249254,1327.4266621789552
1997-01-11,2890.0,2143.3803374844665,1889.8904056152098,746.6196625155337
1997-01-12,2500.0,2184.7518121731314,1900.0857384286164,315.24818782686873
1997-01-13,2270.0,2199.7704262601465,1892.3000219074481,70.2295737398536
1997-01-14,2140.0,2140.0,1875.6055754345361,0.0
1997-01-15,2080.0,2080.0,1856.012466598005,0.0
1997-01-16,3220.0,2122.75,1922.6779789500415,1097.25
1997-01-17,3030.0,2197.91875,1969.0966846028157,832.0812500000001
1997-01-18,2450.0,2238.5748437499997,1968.2543989914438,211.4251562500001
1997-01-19,2300.0,2248.8067304687497,1956.3789916774213,51.19326953125011
1997-01-20,2200.0,2200.0,1938.1957517072897,0.0
1997-01-21,2120.0,2120.0,1915.7702191417998,0.0
1997-01-22,2080.0,2080.0,1892.4581618138552,0.0
1997-01-23,2140.0,2082.25,1875.7490727570166,57.75
1997-01-24,2640.0,2105.33125,1897.6241586128485,534.66875
1997-01-25,4850.0,2228.30640625,2081.1774772598073,2621.69359375
1997-01-26,4450.0,2409.9334257812498,2218.10548862464,2040.0665742187502
1997-01-27,3320.0,2520.563418847656,2258.6512767149516,799.4365811523442
1997-01-28,3650.0,2592.896162434082,2319.8872696117155,1057.1038375659184
1997-01-29,3690.0,2673.6789502515253,2378.4162261291494,1016.3210497484746
1997-01-30,3160.0,2730.028028982661,2392.2665755616354,429.971971017339
1997-01-31,2920.0,2753.2759268089612,2387.0567074540763,166.7240731910386
1997-02-01,2720.0,2720.0,2367.514419726847,0.0
1997-02-02,2560.0,2560.0,2337.92975123362,0.0
1997-02-03,2420.0,2420.0,2300.7140335268036,0.0
1997-02-04,2850.0,2436.125,2298.796067459507,413.875
1997-02-05,3730.0,2500.165625,2362.2408760280714,1229.834375
1997-02-06,3430.0,2581.153203125,2397.5889430625093,848.8467968749999
1997-02-07,2980.0,2627.9417128906252,2396.3307075937582,352.0582871093749
1997-02-08,3130.0,2659.9710844238284,2406.300086520262,470.02891557617176
1997-02-09,3120.0,2694.848253092041,2414.6056340646824,425.1517469079589
1997-02-10,2850.0,2716.609634110138,2402.142149429064,133.39036588986198
1997-02-11,2720.0,2720.0,2381.2030615189656,0.0
1997-02-12,2560.0,2560.0,2350.3509261931354,0.0
1997-02-13,2510.0,2510.0,2318.6517663604377,0.0
1997-02-14,2640.0,2514.875,2299.517343549286,125.125
1997-02-15,3990.0,2574.884375,2382.154626553982,1415.115625
1997-02-16,3930.0,2678.768046875,2452.695864836021,1251.231953125
1997-02-17,3220.0,2745.985443359375,2464.1129143882417,474.01455664062496
1997-02-18,2960.0,2771.786535107422,2455.2135704634043,188.2134648925781
1997-02-19,2800.0,2779.9025449743654,2435.2863880130894,20.09745502563473
1997-02-20,2700.0,2700.0,2409.7969076415066,0.0
1997-02-21,2850.0,2705.625,2397.778675452478,144.375
1997-02-22,4230.0,2768.203125,2489.095464762434,1461.796875
1997-02-23,3810.0,2862.087890625,2540.8458846918384,947.912109375
1997-02-24,3170.0,2909.181298828125,2540.397191664816,260.8187011718751
1997-02-25,2940.0,2920.1177014160157,2522.9530072514076,19.882298583984465
1997-02-26,2790.0,2790.0,2496.012913987388,0.0
1997-02-27,2790.0,2790.0,2471.5672738033704,0.0
1997-02-28,5810.0,2903.25,2673.088822525281,2906.75
1997-03-01,7400.0,3180.8812500000004,2973.728746365533,4219.11875
1997-03-02,6510.0,3463.94015625,3180.6057142946506,3046.05984375
1997-03-03,6340.0,3686.01964453125,3355.734814822924,2653.98035546875
1997-03-04,5410.0,3850.1931711914062,3445.759369005986,1559.8068288085938
1997-03-05,4560.0,3935.303683352051,3464.4853533572837,624.6963166479493
1997-03-06,4390.0,3975.780907100647,3468.884857676054,414.2190928993531
1997-03-07,3860.0,3860.0,3433.6177412245675,0.0
1997-03-08,3500.0,3500.0,3374.949431851922,0.0
1997-03-09,3270.0,3270.0,3270.0,0.0
1997-03-10,3150.0,3150.0,3150.0,0.0
1997-03-11,3020.0,3020.0,3020.0,0.0
1997-03-12,2880.0,2880.0,2880.0,0.0
1997-03-13,2980.0,2883.75,2834.0740740740744,96.25
1997-03-14,8750.0,3107.34375,3219.8079561042528,5642.65625
1997-03-15,8530.0,3522.29296875,3553.5294416501556,5007.70703125
1997-03-16,7610.0,3863.3709960937495,3788.202641497364,3746.6290039062505
1997-03-17,6370.0,4097.868171386718,3909.2949895068673,2272.131828613282
1997-03-18,4450.0,4196.278058532715,3876.952860848824,253.7219414672859
1997-03-19,6660.0,4298.18220414276,4011.3090774368957,2361.8177958572396
1997-03-20,6570.0,4471.943538832053,4126.55823693348,2098.056461167947
1997-03-21,5020.0,4571.172773419649,4116.321363143343,448.82722658035095
1997-03-22,4300.0,4300.0,4053.6990147041442,0.0
1997-03-23,3850.0,3850.0,3850.0,0.0
1997-03-24,3540.0,3540.0,3540.0,0.0
1997-03-25,3360.0,3360.0,3360.0,0.0
1997-03-26,3610.0,3369.375,3316.2962962962965,240.625
1997-03-27,3510.0,3383.671875,3269.23182441701,126.328125
1997-03-28,3270.0,3270.0,3208.74739623025,0.0
1997-03-29,3780.0,3289.125,3191.6411558385603,490.875
1997-03-30,3510.0,3315.815625,3156.118826594249,194.18437500000005
1997-03-31,3260.0,3260.0,3105.3670833910783,0.0
1997-04-01,3080.0,3080.0,3045.9812423363487,0.0
1997-04-02,2930.0,2930.0,2930.0,0.0
1997-04-03,2830.0,2830.0,2830.0,0.0
1997-04-04,2750.0,2750.0,2750.0,0.0
1997-04-05,2680.0,2680.0,2680.0,0.0
1997-04-06,3350.0,2705.125,2680.0,644.875
1997-04-07,4560.0,2798.865625,2769.6296296296296,1761.134375
1997-04-08,3620.0,2895.7007031249996,2781.330589849108,724.2992968750002
1997-04-09,3120.0,2931.273150390625,2754.9110907890054,188.72684960937522
1997-04-10,2940.0,2938.677664111328,2717.604508308542,1.322335888672086
1997-04-11,2800.0,2800.0,2673.381868650343,0.0
1997-04-12,3300.0,2818.75,2670.2909548864227,481.25
1997-04-13,4490.0,2899.46875,2755.6343849895316,1590.53125
1997-04-14,4140.0,3005.63359375,2807.149719712723,1134.3664062500002
1997-04-15,3390.0,3062.5860742187497,2798.339560480063,327.4139257812503
1997-04-16,3120.0,3077.0171186523435,2770.345156731909,42.98288134765659
1997-04-17,2960.0,2960.0,2733.0909755530283,0.0
1997-04-18,2840.0,2840.0,2690.3973667055257,0.0
1997-04-19,2730.0,2730.0,2643.508721640199,0.0
1997-04-20,2680.0,2680.0,2597.2579140809207,0.0
1997-04-21,2620.0,2620.0,2550.845144258613,0.0
1997-04-22,2700.0,2623.0,2514.6557790494817,77.0
1997-04-23,4530.0,2697.4,2617.3728365449,1832.6
1997-04-24,3980.0,2814.2200000000003,2669.838314642595,1165.78
1997-04-25,3320.0,2876.9035,2668.556989212725,443.0965000000001
1997-04-26,3030.0,2899.2607375,2645.9128235448798,130.7392625000001
1997-04-27,2970.0,2906.8161821875,2620.920895438873,63.18381781250011
1997-04-28,4200.0,2957.6799685234373,2689.3541458611994,1242.3200314765627
1997-04-29,5380.0,3095.1039708841795,2838.8583916147923,2284.8960291158205
1997-04-30,4570.0,3236.096173067866,2914.5196516504598,1333.903826932134
1997-05-01,3790.0,3306.888960087776,2925.397461682825,483.111039912224
1997-05-02,3340.0,3326.247288081193,2901.93473374923,13.752711918807222
1997-05-03,4690.0,3377.9037414751033,2980.6444806243017,1312.0962585248967
1997-05-04,4910.0,3484.5609608644704,3068.3625842702,1425.4390391355296
1997-05-05,3980.0,3556.5938887996354,3079.0697523933295,423.4061112003649
1997-05-06,3500.0,3500.0,3053.229960505058,0.0
1997-05-07,3230.0,3230.0,3009.782741939775,0.0
1997-05-08,3050.0,3050.0,2957.0250806490553,0.0
1997-05-09,2940.0,2940.0,2901.004239848217,0.0
1997-05-10,2820.0,2820.0,2820.0,0.0
1997-05-11,2670.0,2670.0,2670.0,0.0
1997-05-12,2580.0,2580.0,2580.0,0.0
1997-05-13,2500.0,2500.0,2500.0,0.0
1997-05-14,2410.0,2410.0,2410.0,0.0
1997-05-15,2340.0,2340.0,2340.0,0.0
1997-05-16,2250.0,2250.0,2250.0,0.0
1997-05-17,2170.0,2170.0,2170.0,0.0
1997-05-18,2140.0,2140.0,2127.592592592592,0.0
1997-05-19,2100.0,2100.0,2086.1488340192036,0.0
1997-05-20,2110.0,2100.375,2049.283201239648,9.625
1997-05-21,2050.0,2050.0,2011.386608532273,0.0
1997-05-22,1950.0,1950.0,1950.0,0.0
1997-05-23,1900.0,1900.0,1900.0,0.0
1997-05-24,1870.0,1870.0,1862.5925925925926,0.0
1997-05-25,1860.0,1860.0,1827.9080932784636,0.0
1997-05-26,1970.0,1864.125,1804.583269826754,105.875
1997-05-27,1930.0,1870.565625,1780.4551892872398,59.434375
1997-05-28,1990.0,1877.273203125,1763.0056347236066,112.726796875
1997-05-29,2020.0,1886.852712890625,1749.3940018788285,133.14728710937501
1997-05-30,2080.0,1899.0887594238282,1741.487149853011,180.9112405761719
1997-05-31,2270.0,1919.782102467041,1748.3864878295842,350.217897532959
1997-06-01,3790.0,2003.048444782013,1867.2395908083265,1786.951555217987
1997-06-02,4970.0,2181.319811423362,2062.4951842520004,2788.680188576638
1997-06-03,4200.0,2361.5958255666096,2182.6345190434818,1838.4041744333904
1997-06-04,3330.0,2466.8511386491136,2227.205396909826,863.1488613508861
1997-06-05,2930.0,2516.5873032504305,2238.019712010768,413.4126967495697
1997-06-06,2640.0,2536.718255506648,2226.351220157919,103.281744493352
1997-06-07,2470.0,2470.0,2203.1705516247785,0.0
1997-06-08,2350.0,2350.0,2173.247352400262,0.0
1997-06-09,2280.0,2280.0,2140.9096345854227,0.0
1997-06-10,2210.0,2210.0,2106.380964716402,0.0
1997-06-11,2100.0,2100.0,2066.90124576118,0.0
1997-06-12,2070.0,2070.0,2028.854834116626,0.0
1997-06-13,2680.0,2092.875,2039.5164235502718,587.125
1997-06-14,3390.0,2163.534375,2101.7834213696915,1226.465625
1997-06-15,4490.0,2296.769296875,2239.766437909535,2193.230703125
1997-06-16,3160.0,2411.3865996093746,2266.4547306956892,748.6134003906252
1997-06-17,2650.0,2448.4076046386717,2252.8941074831255,201.59239536132839
1997-06-18,2430.0,2430.0,2224.292801234688,0.0
1997-06-19,2230.0,2230.0,2183.524949268513,0.0
1997-06-20,2130.0,2130.0,2130.0,0.0
1997-06-21,2230.0,2133.75,2097.962962962963,96.25
1997-06-22,2350.0,2145.46875,2077.781207133059,204.53125
1997-06-23,2210.0,2155.55859375,2049.097762028146,54.44140625
1997-06-24,2090.0,2090.0,2014.1813025810952,0.0
1997-06-25,2000.0,2000.0,1975.8311819717344,0.0
1997-06-26,2240.0,2009.0,1958.8097762336108,231.0
1997-06-27,3260.0,2064.575,2018.919982137906,1195.425
1997-06-28,2290.0,2117.856875,2001.612576384396,172.14312500000005
1997-06-29,2150.0,2125.517609375,1975.5373378302852,24.48239062500005
1997-06-30,2030.0,2030.0,1942.987584327481,0.0
1997-07-01,1960.0,1960.0,1908.266511704566,0.0
1997-07-02,1920.0,1920.0,1873.7973902504395,0.0
1997-07-03,1810.0,1810.0,1810.0,0.0
1997-07-04,1710.0,1710.0,1710.0,0.0
1997-07-05,1700.0,1700.0,1677.5925925925926,0.0
1997-07-06,1640.0,1640.0,1640.0,0.0
1997-07-07,1580.0,1580.0,1580.0,0.0
1997-07-08,1530.0,1530.0,1530.0,0.0
1997-07-09,1500.0,1500.0,1499.4444444444443,0.0
1997-07-10,2170.0,1525.125,1521.3477366255142,644.875
1997-07-11,3640.0,1628.615625,1650.111835086115,2011.384375
1997-07-12,2170.0,1724.3444531249997,1658.064442948512,445.65554687500025
1997-07-13,1790.0,1743.5186191406247,1637.1325500829091,46.481380859375236
1997-07-14,1640.0,1640.0,1607.0276843344916,0.0
1997-07-15,1580.0,1580.0,1575.2658617109275,0.0
1997-07-16,1560.0,1560.0,1544.963467108064,0.0
1997-07-17,1650.0,1563.375,1524.13351644991,86.625
1997-07-18,1540.0,1540.0,1497.0841167786223,0.0
1997-07-19,1460.0,1460.0,1460.0,0.0
1997-07-20,1400.0,1400.0,1400.0,0.0
1997-07-21,1480.0,1403.0,1379.9999999999998,77.0
1997-07-22,1380.0,1380.0,1354.4444444444443,0.0
1997-07-23,1390.0,1380.375,1331.9958847736625,9.625
1997-07-24,2570.0,1425.346875,1399.0333028501752,1144.653125
1997-07-25,2430.0,1505.9458593749998,1449.4931822158999,924.0541406250002
1997-07-26,1740.0,1549.3749199218748,1444.1697394181313,190.62508007812517
1997-07-27,1570.0,1557.2968009277342,1426.746615397934,12.70319907226579
1997-07-28,1510.0,1510.0,1406.4922991573847,0.0
1997-07-29,1550.0,1511.5,1391.076345531701,38.5
1997-07-30,1710.0,1520.3875,1388.9396468713583,189.6125
1997-07-31,1830.0,1539.1084375,1395.8896795684545,290.8915625
1997-08-01,1700.0,1556.0503046875,1392.5665610898939,143.9496953125
1997-08-02,1500.0,1500.0,1374.7363239519407,0.0
1997-08-03,1380.0,1380.0,1349.6681458082426,0.0
1997-08-04,1330.0,1330.0,1323.2173915667386,0.0
1997-08-05,1290.0,1290.0,1290.0,0.0
1997-08-06,1260.0,1260.0,1260.0,0.0
1997-08-07,1220.0,1220.0,1220.0,0.0
1997-08-08,1240.0,1220.75,1198.888888888889,19.25
1997-08-09,1250.0,1222.56875,1180.4732510288065,27.431250000000002
1997-08-10,1210.0,1210.0,1160.7998018594726,0.0
1997-08-11,1240.0,1211.125,1145.1701905761881,28.875
1997-08-12,1220.0,1212.540625,1129.506284041356,7.459375000000001
1997-08-13,1170.0,1170.0,1111.5890355190081,0.0
1997-08-14,1130.0,1130.0,1092.3678285265073,0.0
1997-08-15,1110.0,1110.0,1073.4448814407197,0.0
1997-08-16,1130.0,1110.75,1057.755540566579,19.25
1997-08-17,1090.0,1090.0,1040.555953477081,0.0
1997-08-18,1040.0,1040.0,1021.245217044018,0.0
1997-08-19,1010.0,1010.0,1001.5002895399423,0.0
1997-08-20,995.0,995.0,982.4724849529106,0.0
1997-08-21,993.0,993.0,965.0583659757892,0.0
1997-08-22,947.0,947.0,945.849258015068,0.0
1997-08-23,907.0,907.0,907.0,0.0
1997-08-24,898.0,898.0,889.5370370370371,0.0
1997-08-25,882.0,882.0,872.5058299039781,0.0
1997-08-26,886.0,882.15,857.3478826906468,3.85
1997-08-27,881.0,881.0,843.223078737809,0.0
1997-08-28,869.0,869.0,829.5172381139379,0.0
1997-08-29,926.0,871.1375,821.3026790293139,54.862500000000004
1997-08-30,866.0,866.0,809.404282822896,0.0
1997-08-31,878.0,866.45,799.4964788578129,11.55
1997-09-01,1220.0,880.14125,815.8393974820896,339.85875
1997-09-02,1140.0,902.63065625,824.7431569744887,237.36934374999998
1997-09-03,1060.0,917.43335703125,826.8965683657398,142.56664296875
1997-09-04,935.0,923.4383552539063,819.5913305540972,11.561644746093748
1997-09-05,888.0,888.0,809.4810221694587,0.0
1997-09-06,829.0,829.0,795.936483079694,0.0
1997-09-07,815.0,815.0,782.6090309426853,0.0
1997-09-08,783.0,783.0,768.1452317813256,0.0
1997-09-09,774.0,774.0,754.3540066163881,0.0
1997-09-10,1090.0,785.8499999999999,765.2471541519078,304.15000000000003
1997-09-11,1450.0,822.1612499999999,801.7983435822866,627.8387500000001
1997-09-12,1270.0,862.4991562499998,821.6318302876306,407.5008437500002
1997-09-13,1090.0,886.3117195312498,826.2955497054426,203.68828046875018
1997-09-14,982.0,897.5383405664061,822.5274432512349,84.46165943359391
1997-09-15,884.0,884.0,811.8489762835279,0.0
1997-09-16,886.0,884.075,802.3074044054234,1.925
1997-09-17,830.0,830.0,789.5011632567731,0.0
1997-09-18,808.0,808.0,776.2510555478126,0.0
1997-09-19,809.0,808.0375,764.30188373783,0.9625
1997-09-20,789.0,789.0,751.9776352435865,0.0
1997-09-21,760.0,760.0,738.6463727210322,0.0
1997-09-22,748.0,748.0,725.6605974690848,0.0
1997-09-23,749.0,748.0375,713.951282888614,0.9625
1997-09-24,2740.0,822.7721875,850.8076455841128,1917.2278125
1997-09-25,3320.0,988.3142734374997,1017.9550858078063,2331.6857265625003
1997-09-26,2240.0,1122.6907029296872,1089.6259111959725,1117.3092970703128
1997-09-27,1530.0,1179.8639002099605,1102.0679564556046,350.13609979003945
1997-09-28,1360.0,1199.7491076942135,1100.7653678949005,160.25089230578652
1997-09-29,2010.0,1236.1429246171474,1147.7315375342616,773.8570753828526
1997-09-30,1650.0,1280.6822052708612,1163.6823210959042,369.31779472913865
1997-10-01,1280.0,1280.0,1150.7487728462834,0.0
1997-10-02,1140.0,1140.0,1128.642404990146,0.0
1997-10-03,1070.0,1070.0,1070.0,0.0
1997-10-04,1040.0,1040.0,1040.0,0.0
1997-10-05,1000.0,1000.0,1000.0,0.0
1997-10-06,972.0,972.0,972.0,0.0
1997-10-07,947.0,947.0,947.0,0.0
1997-10-08,925.0,925.0,925.0,0.0
1997-10-09,931.0,925.225,908.3148148148148,5.775
1997-10-10,909.0,909.0,891.5449245541838,0.0
1997-10-11,903.0,903.0,875.8833574658333,0.0
1997-10-12,899.0,899.0,861.3756391819599,0.0
1997-10-13,894.0,894.0,847.8408577762228,0.0
1997-10-14,890.0,890.0,835.2630005747206,0.0
1997-10-15,887.0,887.0,823.6275375585427,0.0
1997-10-16,884.0,884.0,812.8472100068258,0.0
1997-10-17,870.0,870.0,802.0280238950827,0.0
1997-10-18,882.0,870.45,793.0995031640565,11.55
1997-10-19,1020.0,876.49125,795.219919537755,143.50875000000002
1997-10-20,1260.0,896.25440625,814.9217788398148,363.74559375
1997-10-21,1060.0,916.03532578125,817.9845770953875,143.96467421875002
1997-10-22,939.0,922.2951763476563,811.8008199569257,16.704823652343777
1997-10-23,911.0,911.0,804.115558849803,0.0
1997-10-24,922.0,911.4125,797.9567108081546,10.5875
1997-10-25,1220.0,923.3815625,814.4422005481404,296.61843749999997
1997-10-26,3400.0,1027.3779453124998,990.8827375344238,2372.6220546875
1997-10-27,5460.0,1282.5745994140616,1303.578780355311,4177.425400585938
1997-10-28,4100.0,1544.881504458007,1486.5807451372268,2555.118495541993
1997-10-29,2290.0,1668.6403916236563,1518.5640094763726,621.3596083763437
1997-10-30,1810.0,1697.2423622518822,1512.0303048952271,112.75763774811787
1997-10-31,1580.0,1580.0,1489.0645359234468,0.0
1997-11-01,1580.0,1580.0,1468.2252270416461,0.0
1997-11-02,1840.0,1589.75,1468.5747430563085,250.25
1997-11-03,1850.0,1608.89375,1469.6326372177616,241.10625000000002
1997-11-04,1570.0,1570.0,1449.8518374753762,0.0
1997-11-05,1460.0,1460.0,1423.7544451165452,0.0
1997-11-06,1380.0,1380.0,1380.0,0.0
1997-11-07,1380.0,1380.0,1354.4444444444446,0.0
1997-11-08,1350.0,1350.0,1329.0329218106995,0.0
1997-11-09,1290.0,1290.0,1290.0,0.0
1997-11-10,1260.0,1260.0,1260.0,0.0
1997-11-11,1240.0,1240.0,1235.1851851851852,0.0
1997-11-12,1220.0,1220.0,1211.1865569272975,0.0
1997-11-13,1280.0,1222.25,1193.8544683229181,57.75
1997-11-14,1460.0,1233.33125,1191.4605360707963,226.66875
1997-11-15,1480.0,1251.0814062499999,1190.7697456938708,228.91859375
1997-11-16,1340.0,1263.00030078125,1179.7725470185126,76.99969921875001
1997-11-17,1270.0,1266.1502782226562,1164.6084222945763,3.8497217773437598
1997-11-18,1220.0,1220.0,1147.1446794895228,0.0
1997-11-19,1210.0,1210.0,1130.5572091664187,0.0
1997-11-20,1190.0,1190.0,1114.0241342436022,0.0
1997-11-21,1180.0,1180.0,1098.281158850676,0.0
1997-11-22,1290.0,1184.125,1092.1440145126505,105.875
1997-11-23,1330.0,1193.565625,1089.5380872429607,136.434375
1997-11-24,1240.0,1200.423203125,1080.5067828686126,39.576796875
1997-11-25,1170.0,1170.0,1067.1265251955929,0.0
1997-11-26,1150.0,1150.0,1053.5036987885935,0.0
1997-11-27,1140.0,1140.0,1040.4015044563162,0.0
1997-11-28,1120.0,1120.0,1027.030994784435,0.0
1997-11-29,1110.0,1110.0,1014.157754526617,0.0
1997-11-30,1150.0,1111.5,1005.4394439223006,38.5
1997-12-01,1260.0,1118.5125,1005.6765324480135,141.4875
1997-12-02,1250.0,1128.7490625,1005.150927591716,121.25093750000002
1997-12-03,1180.0,1135.2178828125,999.4888046665573,44.78211718750002
1997-12-04,1340.0,1144.5765416015624,1006.2028042344687,195.4234583984375
1997-12-05,1490.0,1164.8583009814452,1023.4062482868327,325.14169901855473
1997-12-06,1320.0,1182.8689284078368,1026.4241882602741,137.13107159216315
1997-12-07,1220.0,1189.403758777249,1021.7552819398783,30.59624122275092
1997-12-08,1180.0,1180.0,1014.555718797297,0.0
1997-12-09,1200.0,1180.75,1009.5042633531028,19.25
1997-12-10,1340.0,1187.44375,1015.290905635223,152.55625
1997-12-11,1550.0,1206.76046875,1036.0973032615912,343.23953125
1997-12-12,1450.0,1228.7534335937498,1047.5697751818143,221.24656640625005
1997-12-13,1340.0,1241.2219260742186,1049.83183303535,98.77807392578131
1997-12-14,1290.0,1246.7552816186524,1048.1807373839288,43.244718381347724
1997-12-15,1240.0,1240.0,1042.9788172557874,0.0
1997-12-16,1200.0,1200.0,1035.295593435807,0.0
1997-12-17,1180.0,1180.0,1026.8422977473065,0.0
1997-12-18,1160.0,1160.0,1017.6902331410743,0.0
1997-12-19,1140.0,1140.0,1007.9041004428266,0.0
1997-12-20,1120.0,1120.0,997.5426096610834,0.0
1997-12-21,1120.0,1120.0,988.1405161739459,0.0
1997-12-22,1310.0,1127.125,993.6830609726545,182.875
1997-12-23,1620.0,1152.465625,1021.6753701418531,467.534375
1997-12-24,1630.0,1187.905703125,1047.816539573163,442.09429687500005
1997-12-25,2760.0,1263.437775390625,1155.2409340571296,1496.562224609375
1997-12-26,2410.0,1362.5549422363279,1226.7926994222103,1047.4450577636721
1997-12-27,2450.0,1442.6133215686032,1294.682264290524,1007.3866784313968
1997-12-28,2510.0,1520.4173224509577,1360.7302027821422,989.5826775490422
1997-12-29,2070.0,1578.136023267136,1388.069998820833,491.863976732864
1997-12-30,1860.0,1607.1508215221008,1397.322776707793,252.84917847789922
1997-12-31,1720.0,1620.864509907943,1395.3484455311454,99.13549009205678
1998-01-01,1560.0,1560.0,1381.7050709449284,0.0
1998-01-02,1500.0,1500.0,1364.8805273389164,0.0
1998-01-03,1480.0,1480.0,1348.132330363091,0.0
1998-01-04,1460.0,1460.0,1331.4534108850269,0.0
1998-01-05,1440.0,1440.0,1314.8373543215985,0.0
1998-01-06,1550.0,1444.125,1307.9079696621911,105.875
1998-01-07,6150.0,1624.5656250000002,1642.360935434211,4525.434375
1998-01-08,22600.0,2580.8482031249987,3164.364552523637,20019.151796875
1998-01-09,21900.0,4056.034587890623,4493.590056919597,17843.965412109377
1998-01-10,15500.0,5154.3319937988235,5225.665051649265,10345.668006201176
1998-01-11,8510.0,5668.13209426391,5372.177546866926,2841.8679057360896
1998-01-12,5170.0,5170.0,5170.0,0.0
1998-01-13,3560.0,3560.0,3560.0,0.0
1998-01-14,3130.0,3130.0,3130.0,0.0
1998-01-15,3940.0,3160.375,3132.0370370370374,779.625
1998-01-16,6140.0,3301.346875,3296.848422496571,2838.653125
1998-01-17,6300.0,3520.2458593750002,3458.2513463394807,2779.7541406249998
1998-01-18,5110.0,3684.102419921875,3516.561406863603,1425.897580078125
1998-01-19,4190.0,3756.544738427734,3501.324239561418,433.4552615722657
1998-01-20,3700.0,3700.0,3451.2016247872125,0.0
1998-01-21,3300.0,3300.0,3300.0,0.0
1998-01-22,3190.0,3190.0,3190.0,0.0
1998-01-23,5600.0,3280.375,3309.4444444444443,2319.625
1998-01-24,5930.0,3466.7218749999997,3442.2736625514403,2463.2781250000003
1998-01-25,5190.0,3623.7177343749995,3507.9890641670477,1566.2822656250005
1998-01-26,3930.0,3693.938904296874,3474.2863730404697,236.0610957031256
1998-01-27,3680.0,3680.0,3425.1857829441296,0.0
1998-01-28,4930.0,3726.875,3473.224136375229,1203.125
1998-01-29,4720.0,3809.234375,3501.258938562708,910.765625
1998-01-30,4180.0,3857.291796875,3486.6979257328276,322.70820312500007
1998-01-31,3830.0,3830.0,3447.559228905714,0.0
1998-02-01,3510.0,3510.0,3388.3407817848147,0.0
1998-02-02,3280.0,3280.0,3280.0,0.0
1998-02-03,6910.0,3416.125,3488.1481481481483,3493.875
1998-02-04,15000.0,3981.5406249999996,4276.2825788751725,11018.459375
1998-02-05,12900.0,4729.175078124999,4835.8860437941385,8170.824921875001
1998-02-06,10600.0,5255.736947265624,5173.304002702089,5344.263052734376
1998-02-07,8510.0,5578.181676220702,5324.664743192637,2931.818323779298
1998-02-08,6140.0,5709.193050504149,5286.455044748874,430.80694949585086
1998-02-09,4580.0,4580.0,4580.0,0.0
1998-02-10,4090.0,4090.0,4090.0,0.0
1998-02-11,4000.0,4000.0,4000.0,0.0
1998-02-12,4200.0,4007.5,3940.7407407407404,192.5
1998-02-13,3840.0,3840.0,3840.0,0.0
1998-02-14,3540.0,3540.0,3540.0,0.0
1998-02-15,3330.0,3330.0,3330.0,0.0
1998-02-16,4950.0,3390.75,3388.3333333333335,1559.25
1998-02-17,10400.0,3712.0687500000004,3844.9691358024697,6687.93125
1998-02-18,11300.0,4247.4135937500005,4325.990512117057,7052.5864062499995
1998-02-19,9850.0,4721.98257421875,4655.065464698811,5128.01742578125
1998-02-20,8240.0,5046.208881152344,4834.411255004477,3193.7911188476564
1998-02-21,6280.0,5212.243215065918,4851.965768429988,1067.7567849340821
1998-02-22,4860.0,4860.0,4762.709678760545,0.0
1998-02-23,5020.0,4866.0,4693.569893690124,154.0
1998-02-24,5330.0,4889.175,4653.794903533631,440.82500000000005
1998-02-25,4700.0,4700.0,4571.036116169406,0.0
1998-02-26,4240.0,4240.0,4240.0,0.0
1998-02-27,4170.0,4170.0,4156.2962962962965,0.0
1998-02-28,4420.0,4179.375,4098.86145404664,240.625
1998-03-01,4190.0,4188.796875,4029.7076157089878,1.203125
1998-03-02,3890.0,3890.0,3890.0,0.0
1998-03-03,3700.0,3700.0,3700.0,0.0
1998-03-04,3550.0,3550.0,3550.0,0.0
1998-03-05,3420.0,3420.0,3420.0,0.0
1998-03-06,3340.0,3340.0,3340.0,0.0
1998-03-07,3270.0,3270.0,3270.0,0.0
1998-03-08,4870.0,3330.0,3327.962962962963,1540.0
1998-03-09,7700.0,3551.625,3590.1886145404665,4148.375
1998-03-10,8140.0,3879.2531249999993,3860.72670578672,4260.746875000001
1998-03-11,7700.0,4182.309140624999,4073.622381176839,3517.690859375001
1998-03-12,6510.0,4401.5109550781235,4178.657345882687,2108.489044921876
1998-03-13,4890.0,4498.8976334472645,4153.966850893549,391.1023665527355
1998-03-14,4250.0,4250.0,4084.1551054404426,0.0
1998-03-15,3950.0,3950.0,3950.0,0.0
1998-03-16,3730.0,3730.0,3730.0,0.0
1998-03-17,3590.0,3590.0,3590.0,0.0
1998-03-18,3620.0,3591.125,3525.740740740741,28.875
1998-03-19,4970.0,3643.915625,3567.431412894376,1326.084375
1998-03-20,5680.0,3769.996953125,3657.854430218971,1910.0030468749999
1998-03-21,6270.0,3935.372181640625,3783.6086496431403,2334.627818359375
1998-03-22,5320.0,4074.844268017578,3827.348589490998,1245.155731982422
1998-03-23,4500.0,4137.4809479162595,3806.2977941677577,362.51905208374023
1998-03-24,4030.0,4030.0,3752.381331744817,0.0
1998-03-25,3740.0,3740.0,3681.975652879556,0.0
1998-03-26,3520.0,3520.0,3520.0,0.0
1998-03-27,3360.0,3360.0,3360.0,0.0
1998-03-28,3270.0,3270.0,3270.0,0.0
1998-03-29,3150.0,3150.0,3150.0,0.0
1998-03-30,3040.0,3040.0,3040.0,0.0
1998-03-31,2940.0,2940.0,2940.0,0.0
1998-04-01,2940.0,2940.0,2885.5555555555557,0.0
1998-04-02,3000.0,2942.25,2840.5967078189296,57.75
1998-04-03,2920.0,2920.0,2793.8747904282877,0.0
1998-04-04,3320.0,2935.0,2781.1086061293718,385.0
1998-04-05,3390.0,2966.5,2774.709661117393,423.5
1998-04-06,3120.0,2988.1375,2748.9032110139306,131.8625
1998-04-07,2900.0,2900.0,2709.1899507348635,0.0
1998-04-08,2760.0,2760.0,2662.783473814969,0.0
1998-04-09,3070.0,2771.625,2643.6368558691383,298.375
1998-04-10,3620.0,2814.628125,2667.003813659033,805.371875
1998-04-11,3260.0,2861.531015625,2661.5404975794927,398.4689843750001
1998-04-12,2920.0,2878.666189453125,2631.397858914725,41.3338105468751
1998-04-13,2740.0,2740.0,2590.7128719781763,0.0
1998-04-14,2630.0,2630.0,2545.6468653135303,0.0
1998-04-15,2600.0,2600.0,2502.531414821537,0.0
1998-04-16,2550.0,2550.0,2459.704431967691,0.0
1998-04-17,6760.0,2707.875,2732.6947623410533,4052.125
1998-04-18,5920.0,2980.2843749999997,2918.1859880502147,2939.7156250000003
1998-04-19,7270.0,3251.3880468749994,3186.5021002677877,4018.6119531250006
1998-04-20,9070.0,3620.2839433593745,3563.307461354104,5449.7160566406255
1998-04-21,7990.0,3988.512647607421,3825.2234371546506,4001.487352392579
1998-04-22,6670.0,4239.124199036864,3965.1101559366275,2430.8758009631356
1998-04-23,6160.0,4402.3148841091,4054.2666229795323,1757.6851158909003
1998-04-24,5790.0,4520.266267800917,4107.7604541851315,1269.7337321990829
1998-04-25,5010.0,4586.246297715848,4098.523375093916,423.7537022841516
1998-04-26,4400.0,4400.0,4044.956395918554,0.0
1998-04-27,3980.0,3980.0,3965.23821111128,0.0
1998-04-28,3780.0,3780.0,3780.0,0.0
1998-04-29,3560.0,3560.0,3560.0,0.0
1998-04-30,3480.0,3480.0,3480.0,0.0
1998-05-01,4330.0,3511.875,3478.5185185185187,818.125
1998-05-02,4810.0,3591.234375,3512.729766803841,1218.765625
1998-05-03,4670.0,3677.391796875,3533.4029365442257,992.608203125
1998-05-04,4360.0,3740.212412109375,3529.198960938279,619.7875878906251
1998-05-05,4050.0,3775.071481201172,3502.42127936992,274.92851879882824
1998-05-06,3680.0,3680.0,3450.7156053541867,0.0
1998-05-07,3540.0,3540.0,3393.4271233769473,0.0
1998-05-08,3640.0,3543.75,3348.850537879082,96.25
1998-05-09,3410.0,3410.0,3291.3643769643522,0.0
1998-05-10,3280.0,3280.0,3229.5713790972823,0.0
1998-05-11,3710.0,3296.125,3205.351806958645,413.875
1998-05-12,3320.0,3312.540625,3154.4858989069185,7.459375000000023
1998-05-13,3070.0,3070.0,3070.0,0.0
1998-05-14,2930.0,2930.0,2930.0,0.0
1998-05-15,2800.0,2800.0,2800.0,0.0
1998-05-16,2710.0,2710.0,2710.0,0.0
1998-05-17,2630.0,2630.0,2630.0,0.0
1998-05-18,2510.0,2510.0,2510.0,0.0
1998-05-19,2420.0,2420.0,2420.0,0.0
1998-05-20,2340.0,2340.0,2340.0,0.0
1998-05-21,2290.0,2290.0,2290.0,0.0
1998-05-22,2240.0,2240.0,2240.0,0.0
1998-05-23,2190.0,2190.0,2190.0,0.0
1998-05-24,2150.0,2150.0,2146.4814814814813,0.0
1998-05-25,2100.0,2100.0,2100.0,0.0
1998-05-26,2040.0,2040.0,2040.0,0.0
1998-05-27,1990.0,1990.0,1990.0,0.0
1998-05-28,2040.0,1991.875,1956.851851851852,48.125
1998-05-29,2010.0,1994.359375,1924.5507544581621,15.640625
1998-05-30,2140.0,2000.407421875,1904.8701290453694,139.592578125
1998-05-31,2050.0,2007.501865234375,1880.345117096724,42.498134765625
1998-06-01,2050.0,2010.6892253417968,1858.090939587768,39.31077465820312
1998-06-02,2010.0,2010.0,1834.9343711074189,0.0
1998-06-03,2160.0,2015.625,1825.0330404493245,144.375
1998-06-04,1940.0,1940.0,1799.7522033706832,0.0
1998-06-05,2790.0,1971.875,1839.7751475030275,818.125
1998-06-06,2770.0,2032.484375,1874.6107819934878,737.515625
1998-06-07,2210.0,2066.798046875,1864.739413290387,143.20195312500005
1998-06-08,1940.0,1940.0,1835.7820602079437,0.0
1998-06-09,1870.0,1870.0,1804.3207583368378,0.0
1998-06-10,2090.0,1878.25,1792.068836268612,211.75
1998-06-11,2430.0,1906.88125,1806.136536614111,523.11875
1998-06-12,2080.0,1932.99015625,1792.9757461868785,147.00984375000002
1998-06-13,1860.0,1860.0,1764.7372511695748,0.0
1998-06-14,1760.0,1760.0,1731.706024209429,0.0
1998-06-15,1750.0,1750.0,1700.9925034492965,0.0
1998-06-16,1750.0,1750.0,1673.122827203991,0.0
1998-06-17,1660.0,1660.0,1641.1670098702878,0.0
1998-06-18,1590.0,1590.0,1590.0,0.0
1998-06-19,1540.0,1540.0,1540.0,0.0
1998-06-20,1630.0,1543.375,1518.1481481481483,86.625
1998-06-21,1600.0,1548.746875,1496.0973936899863,51.253125
1998-06-22,1660.0,1554.840859375,1480.5328202001726,105.15914062499999
1998-06-23,1780.0,1567.227794921875,1475.2982998112677,212.772205078125
1998-06-24,1700.0,1580.1857103027344,1464.6225313102245,119.81428969726565
1998-06-25,1540.0,1540.0,1443.0834080407592,0.0
1998-06-26,1530.0,1530.0,1422.7979072962444,0.0
1998-06-27,1480.0,1480.0,1400.6869899539995,0.0
1998-06-28,1470.0,1470.0,1379.882639032333,0.0
1998-06-29,1400.0,1400.0,1355.8194317145242,0.0
1998-06-30,1470.0,1402.625,1339.16948433355,67.375
1998-07-01,1370.0,1370.0,1316.6537913397028,0.0
1998-07-02,1300.0,1300.0,1291.0376995489894,0.0
1998-07-03,1270.0,1270.0,1265.5712458870457,0.0
1998-07-04,1300.0,1271.125,1244.685019416023,28.875
1998-07-05,1420.0,1277.790625,1234.621591692317,142.209375
1998-07-06,1320.0,1284.706328125,1218.0825554245098,35.293671875
1998-07-07,1240.0,1240.0,1197.1489854777958,0.0
1998-07-08,1220.0,1220.0,1176.672227563185,0.0
1998-07-09,1250.0,1221.125,1160.3136879740014,28.875
1998-07-10,1250.0,1223.290625,1145.4698279764089,26.709375
1998-07-11,1230.0,1224.543828125,1130.5189179785932,5.456171875000003
1998-07-12,1200.0,1200.0,1114.7301292768716,0.0
1998-07-13,1240.0,1201.5,1103.366228417902,38.5
1998-07-14,1380.0,1209.6375,1103.4249109717998,170.3625
1998-07-15,1170.0,1170.0,1087.922604400337,0.0
1998-07-16,1070.0,1070.0,1066.4482891780833,0.0
1998-07-17,1030.0,1030.0,1030.0,0.0
1998-07-18,1000.0,1000.0,1000.0,0.0
1998-07-19,1050.0,1001.875,985.1851851851851,48.125
1998-07-20,1030.0,1004.734375,970.2606310013716,25.265625
1998-07-21,994.0,994.0,954.0513133160595,0.0
1998-07-22,1290.0,1005.0999999999999,961.2687843053131,284.90000000000003
1998-07-23,1170.0,1021.9675,958.9290820548213,148.03250000000003
1998-07-24,1220.0,1034.9449375,960.5097226053007,185.05506250000002
1998-07-25,1170.0,1046.9490671875,958.2403038455507,123.05093281250004
1998-07-26,1050.0,1050.0,947.2921275635553,0.0
1998-07-27,1150.0,1053.75,944.7650787150778,96.25
1998-07-28,1050.0,1050.0,935.0646084636817,0.0
1998-07-29,953.0,953.0,919.0771447170445,0.0
1998-07-30,903.0,903.0,900.8662979839847,0.0
1998-07-31,884.0,884.0,882.9342333558379,0.0
1998-08-01,883.0,883.0,866.5884710080752,0.0
1998-08-02,840.0,840.0,840.0,0.0
1998-08-03,796.0,796.0,796.0,0.0
1998-08-04,757.0,757.0,757.0,0.0
1998-08-05,724.0,724.0,724.0,0.0
1998-08-06,707.0,707.0,707.0,0.0
1998-08-07,663.0,663.0,663.0,0.0
1998-08-08,647.0,647.0,647.0,0.0
1998-08-09,722.0,649.8125,640.574074074074,72.1875
1998-08-10,800.0,658.1515625,640.5209190672152,141.8484375
1998-08-11,782.0,668.1151953125,639.1393524869176,113.8848046875
1998-08-12,719.0,674.2940556640625,633.2190420714622,44.7059443359375
1998-08-13,654.0,654.0,623.032093731512,0.0
1998-08-14,969.0,665.8125,637.1217146822979,303.1875
1998-08-15,1190.0,696.8390625,666.2771114709741,493.16093750000005
1998-08-16,1340.0,739.4511328125,703.8440455940322,600.5488671875
1998-08-17,1110.0,775.8672978515624,720.8955228538441,334.1327021484376
1998-08-18,866.0,791.7772505126952,718.2940855525624,74.22274948730481
1998-08-19,783.0,783.0,709.7853739273252,0.0
1998-08-20,821.0,784.425,704.8793207859063,36.575
1998-08-21,750.0,750.0,695.168272564989,0.0
1998-08-22,702.0,702.0,682.8008399200825,0.0
1998-08-23,649.0,649.0,649.0,0.0
1998-08-24,621.0,621.0,621.0,0.0
1998-08-25,587.0,587.0,587.0,0.0
1998-08-26,545.0,545.0,545.0,0.0
1998-08-27,515.0,515.0,515.0,0.0
1998-08-28,498.0,498.0,498.0,0.0
1998-08-29,485.0,485.0,485.0,0.0
1998-08-30,487.0,485.075,476.16666666666663,1.925
1998-08-31,524.0,486.606875,470.891975308642,37.393125000000005
1998-09-01,506.0,488.736359375,464.7723479652492,17.263640625000004
1998-09-02,484.0,484.0,457.589723153652,0.0
1998-09-03,521.0,485.3875,453.8128969357213,35.612500000000004
1998-09-04,506.0,487.49593749999997,449.2746657379693,18.504062500000003
1998-09-05,497.0,488.5462421875,444.4899744659351,8.453757812500003
1998-09-06,476.0,476.0,438.59275460797824,0.0
1998-09-07,492.0,476.6,434.4267588109432,15.4
1998-09-08,498.0,477.98,431.0909478099299,20.020000000000003
1998-09-09,485.0,478.99399999999997,427.1010452349364,6.006000000000002
1998-09-10,453.0,453.0,421.110207713183,0.0
1998-09-11,434.0,434.0,414.26666996196235,0.0
1998-09-12,422.0,422.0,407.16790422474367,0.0
1998-09-13,416.0,416.0,400.281987166897,0.0
1998-09-14,412.0,412.0,393.7373587255176,0.0
1998-09-15,403.0,403.0,387.1320477324141,0.0
1998-09-16,399.0,399.0,380.8420433127461,0.0
1998-09-17,406.0,399.2625,375.65296522823263,6.7375
1998-09-18,397.0,397.0,370.2776906700629,0.0
1998-09-19,404.0,397.2625,365.9186452376497,6.7375
1998-09-20,425.0,398.5553125,363.5187706786081,26.4446875
1998-09-21,634.0,408.37616406250004,376.8225882083666,225.6238359375
1998-09-22,1150.0,444.6479517578125,427.1167930038883,705.3520482421875
1998-09-23,815.0,484.9868553759766,447.9393121701949,330.0131446240234
1998-09-24,562.0,500.2503412227784,448.0930795618435,61.74965877722164
1998-09-25,506.0,502.78156563106995,444.084461083895,3.218434368930019
1998-09-26,492.0,492.0,439.40997394649725,0.0
1998-09-27,480.0,480.0,434.2794208033031,0.0
1998-09-28,496.0,480.6,430.8091040622565,15.4
1998-09-29,577.0,484.7925,433.66011294538094,92.20750000000001
1998-09-30,568.0,491.3705625,435.5804728578457,76.62943750000002
1998-10-01,622.0,499.1427703125,441.32302166730443,122.85722968750002
1998-10-02,586.0,507.0070625390625,443.8671863277392,78.99293746093753
1998-10-03,495.0,495.0,439.4350394455411,0.0
1998-10-04,497.0,495.075,435.56142468206514,1.925
1998-10-05,548.0,497.131875,435.82425573002206,50.868125
1998-10-06,1370.0,531.7719843749999,496.9516394587238,838.2280156250001
1998-10-07,1130.0,585.6390855468749,534.6413024718049,544.3609144531251
1998-10-08,3160.0,702.5911541308592,719.2115522429343,2457.408845869141
1998-10-09,2610.0,866.2718175710447,845.9512233315517,1743.7281824289553
1998-10-10,1330.0,949.0514312532164,866.1409248749266,380.9485687467836
1998-10-11,992.0,964.9475739092252,859.4241725716927,27.052426090774873
1998-10-12,848.0,848.0,842.6626751113508,0.0
1998-10-13,784.0,784.0,784.0,0.0
1998-10-14,740.0,740.0,740.0,0.0
1998-10-15,696.0,696.0,696.0,0.0
1998-10-16,654.0,654.0,654.0,0.0
1998-10-17,640.0,640.0,640.0,0.0
1998-10-18,630.0,630.0,627.4074074074074,0.0
1998-10-19,628.0,628.0,615.832647462277,0.0
1998-10-20,624.0,624.0,605.0333282528069,0.0
1998-10-21,599.0,599.0,593.3820941553247,0.0
1998-10-22,581.0,581.0,581.0,0.0
1998-10-23,575.0,575.0,569.7962962962963,0.0
1998-10-24,605.0,576.125,561.85219478738,28.875
1998-10-25,610.0,578.478125,555.0140286033633,31.521875
1998-10-26,595.0,580.279765625,547.6979148437925,14.720234375000004
1998-10-27,583.0,580.933783203125,540.170330136034,2.066216796875004
1998-10-28,581.0,581.0,533.191595864179,0.0
1998-10-29,579.0,579.0,526.7108925434218,0.0
1998-10-30,575.0,575.0,520.5339580486605,0.0
1998-10-31,573.0,573.0,514.7808137848956,0.0
1998-11-01,579.0,573.225,510.0048125085164,5.775
1998-11-02,590.0,574.070625,506.4858483873575,15.929375
1998-11-03,673.0,578.377828125,509.4408624255652,94.622171875
1998-11-04,736.0,587.836991015625,516.7889307194944,148.163008984375
1998-11-05,716.0,598.1992166894531,521.9751408380597,117.8007833105469
1998-11-06,655.0,604.7467754377441,522.1626277974985,50.25322456225589
1998-11-07,639.0,607.9157672799133,521.1475696681005,31.084232720086696
1998-11-08,632.0,609.9845847339199,519.707979884017,22.015415266080193
1998-11-09,634.0,611.7107408788759,518.5498335984598,22.289259121124182
1998-11-10,677.0,614.9949353129601,520.6841082652691,62.00506468703988
1998-11-11,1250.0,641.1328151644881,565.0652093518182,608.8671848355119
1998-11-12,2040.0,716.4228540271515,663.8554677451685,1323.5771459728485
1998-11-13,1230.0,785.316139975115,693.4984799909862,444.683860024885
1998-11-14,1010.0,810.4174294769814,704.1004725844134,199.58257052301866
1998-11-15,1090.0,828.3861222662077,719.6467251228937,261.61387773379226
1998-11-16,1130.0,849.5071630962422,736.7164727966999,280.49283690375785
1998-11-17,1320.0,877.669125864024,766.279762352561,442.33087413597605
1998-11-18,1360.0,912.3439414242221,796.0686732458423,447.6560585757779
1998-11-19,1120.0,936.9181458174055,805.3215738712273,183.08185418259455
1998-11-20,1000.0,946.1492848811,804.8288355498173,53.850715118899984
1998-11-21,922.0,922.0,798.6039433692786,0.0
1998-11-22,879.0,879.0,789.7702449091602,0.0
1998-11-23,848.0,848.0,779.4581851953491,0.0
1998-11-24,837.0,837.0,769.2861310105945,0.0
1998-11-25,820.0,820.0,758.7966744355394,0.0
1998-11-26,833.0,820.4875,750.2414268026191,12.512500000000001
1998-11-27,807.0,807.0,740.5524058023766,0.0
1998-11-28,785.0,785.0,730.1308867466009,0.0
1998-11-29,766.0,766.0,719.2669157515453,0.0
1998-11-30,757.0,757.0,708.742201330106,0.0
1998-12-01,756.0,756.0,699.1179234291702,0.0
1998-12-02,735.0,735.0,688.8292268153582,0.0
1998-12-03,727.0,727.0,678.900594702825,0.0
1998-12-04,720.0,720.0,669.3727618599708,0.0
1998-12-05,705.0,705.0,659.6160246507142,0.0
1998-12-06,708.0,705.1125,650.9849112571295,2.8875
1998-12-07,705.0,705.0,642.9307528073953,0.0
1998-12-08,707.0,705.075,635.7704979178216,1.925
1998-12-09,980.0,715.4568750000001,649.4954518143195,264.543125
1998-12-10,994.0,735.822609375,662.986613683364,258.177390625
1998-12-11,842.0,749.485913671875,663.9693346386081,92.51408632812499
1998-12-12,784.0,754.2494701464843,660.5647666165147,29.750529853515616
1998-12-13,1240.0,773.5807598854981,691.2532141520227,466.419240114502
1998-12-14,1830.0,830.6872028940857,762.80384247128,999.3127971059143
1998-12-15,1360.0,888.0106626770292,792.9145977980132,471.98933732297075
1998-12-16,1060.0,912.159862976252,798.0150980019009,147.84013702374796
1998-12-17,965.0,919.6853732530332,795.6062926313546,45.314626746966866
1998-12-18,903.0,903.0,788.8279322025254,0.0
1998-12-19,872.0,872.0,780.3809014430323,0.0
1998-12-20,906.0,873.275,775.2345216797886,32.725
1998-12-21,968.0,878.0543749999999,775.1572511538823,89.945625
1998-12-22,938.0,883.675296875,772.8649130840784,54.32470312500001
1998-12-23,938.0,887.749649609375,770.7848285392563,50.250350390625016
1998-12-24,1450.0,910.7184258886718,806.823270341177,539.2815741113282
1998-12-25,2200.0,979.2895439470215,895.0803749392163,1220.7104560529785
1998-12-26,1800.0,1055.8428281509948,945.535895778178,744.1571718490052
1998-12-27,1450.0,1098.5296160396701,965.3936832061245,351.47038396032985
1998-12-28,1270.0,1118.1398948366948,970.0794532796315,151.86010516330515
1998-12-29,1210.0,1127.2794027239427,969.8869113092952,82.72059727605728
1998-12-30,1160.0,1131.608447519647,966.0084935954715,28.391552480352985
1998-12-31,1070.0,1070.0,955.8225219662611,0.0
1999-01-01,1020.0,1020.0,942.8759921545702,0.0
1999-01-02,1080.0,1022.25,935.5726595476656,57.75
1999-01-03,3410.0,1113.9562500000002,1101.538154033993,2296.04375
1999-01-04,3690.0,1296.6595312499999,1272.8772138456602,2393.34046875
1999-01-05,2210.0,1420.6600664062498,1318.7219162673584,789.3399335937502
1999-01-06,1710.0,1461.110561425781,1323.2847017981585,248.88943857421896
1999-01-07,1570.0,1474.5272693188474,1317.0546368168473,95.47273068115254
1999-01-08,1540.0,1480.5627241199338,1309.179207481954,59.43727588006611
1999-01-09,1700.0,1491.0205198109388,1313.8848364188104,208.97948018906115
1999-01-10,1700.0,1506.6939808251184,1318.1547589726244,193.30601917488158
1999-01-11,1510.0,1510.0,1307.955244252937,0.0
1999-01-12,1380.0,1380.0,1289.0704994147022,0.0
1999-01-13,1300.0,1300.0,1266.008416135563,0.0
1999-01-14,1270.0,1270.0,1242.8594887156032,0.0
1999-01-15,2000.0,1297.375,1275.9280545752697,702.625
1999-01-16,2120.0,1354.571875,1314.8236050775597,765.428125
1999-01-17,1700.0,1396.228984375,1319.0066046074153,303.771015625
1999-01-18,2130.0,1435.136810546875,1354.6541412178399,694.863189453125
1999-01-19,2430.0,1498.5015497558593,1409.2232022161882,931.4984502441406
1999-01-20,1930.0,1549.6139335241699,1421.7025353443191,380.38606647583015
1999-01-21,1700.0,1569.5178885098571,1415.9893376272526,130.48211149014293
1999-01-22,1580.0,1574.8040468716179,1401.9162508099143,5.1959531283822145
1999-01-23,2700.0,1617.1937433562464,1472.1091905497371,1082.8062566437536
1999-01-24,5320.0,1796.6542126045279,1729.8768580914282,3523.345787395472
1999-01-25,4620.0,2034.6551466591882,1911.925297157037,2585.344853340812
1999-01-26,3120.0,2172.306010659749,1966.0062881610152,947.6939893402509
1999-01-27,2400.0,2216.383059860268,1961.7464466646247,183.61694013973215
1999-01-28,2090.0,2090.0,1934.9180719734559,0.0
1999-01-29,1900.0,1900.0,1896.4997319759136,0.0
1999-01-30,1940.0,1901.5,1864.6016086448103,38.5
1999-01-31,1960.0,1905.1375,1837.1384967332538,54.862500000000004
1999-02-01,2670.0,1935.8771875,1864.8108581468414,734.1228125
1999-02-02,5120.0,2082.8113984375,2071.4024453554675,3037.1886015625
1999-02-03,4640.0,2292.600543554687,2223.3096263410725,2347.399456445313
1999-02-04,3290.0,2418.0305027880854,2261.151327605788,871.9694972119146
1999-02-05,2660.0,2459.803215078979,2248.8225009756225,200.19678492102105
1999-02-06,2330.0,2330.0,2213.190787922324,0.0
1999-02-07,2140.0,2140.0,2140.0,0.0
1999-02-08,1990.0,1990.0,1990.0,0.0
1999-02-09,1880.0,1880.0,1880.0,0.0
1999-02-10,2140.0,1889.75,1864.4444444444443,250.25
1999-02-11,2030.0,1904.39375,1842.1810699588477,125.60625000000002
1999-02-12,1840.0,1840.0,1807.9050449626582,0.0
1999-02-13,1730.0,1730.0,1730.0,0.0
1999-02-14,1620.0,1620.0,1620.0,0.0
1999-02-15,1530.0,1530.0,1530.0,0.0
1999-02-16,1510.0,1510.0,1500.1851851851852,0.0
1999-02-17,1540.0,1511.125,1475.3532235939645,28.875
1999-02-18,2740.0,1558.290625,1541.7094065945232,1181.709375
1999-02-19,3220.0,1664.9188281250001,1637.4770541320675,1555.0811718749999
1999-02-20,3540.0,1793.549916015625,1748.0810306013204,1746.450083984375
1999-02-21,2800.0,1896.783672314453,1793.6290833234204,903.216327685547
1999-02-22,2340.0,1947.274896890869,1800.8856496823632,392.72510310913094
1999-02-23,2100.0,1967.7292796240538,1789.692533971033,132.27072037594615
1999-02-24,1960.0,1960.0,1769.1654474922336,0.0
1999-02-25,1850.0,1850.0,1742.3908690207304,0.0
1999-02-26,1770.0,1770.0,1712.1694922595518,0.0
1999-02-27,1700.0,1700.0,1679.5612059392229,0.0
1999-02-28,1860.0,1706.0,1661.8240572411466,154.0
1999-03-01,1940.0,1720.55,1651.6551630521515,219.45000000000002
1999-03-02,1750.0,1729.88375,1628.353759065841,20.116250000000036
1999-03-03,1790.0,1732.89246875,1610.1728554486335,57.10753125000004
1999-03-04,1930.0,1742.42553359375,1604.0457392033898,187.57446640625005
1999-03-05,1740.0,1740.0,1584.4118744623352,0.0
1999-03-06,1660.0,1660.0,1560.670034234341,0.0
1999-03-07,1600.0,1600.0,1534.6820681015315,0.0
1999-03-08,1550.0,1550.0,1507.3966914254636,0.0
1999-03-09,1540.0,1540.0,1481.896997774958,0.0
1999-03-10,1640.0,1543.75,1466.1657942772765,96.25
1999-03-11,1630.0,1550.59375,1451.1504429553065,79.40625
1999-03-12,1530.0,1530.0,1430.1179945335189,0.0
1999-03-13,1510.0,1510.0,1409.551513558193,0.0
1999-03-14,1750.0,1519.0,1408.6671141546565,231.0
1999-03-15,2650.0,1570.075,1474.5312702514475,1079.925
1999-03-16,2330.0,1639.069375,1510.5931896726097,690.930625
1999-03-17,2000.0,1678.514171875,1518.8715980362572,321.485828125
1999-03-18,1840.0,1696.625608984375,1514.5316352551224,143.374391015625
1999-03-19,1720.0,1702.8786883105467,1501.7046319907593,17.121311689453137
1999-03-20,1630.0,1630.0,1483.3986475471704,0.0
1999-03-21,1660.0,1631.125,1469.0098838853953,28.875
1999-03-22,1780.0,1637.790625,1464.8423020441548,142.209375
1999-03-23,1620.0,1620.0,1449.208755558585,0.0
1999-03-24,1530.0,1530.0,1428.356093006864,0.0
1999-03-25,1500.0,1500.0,1407.2120103210432,0.0
1999-03-26,1520.0,1500.75,1389.507194550576,19.25
1999-03-27,1730.0,1510.06875,1388.9972691292262,219.93125
1999-03-28,1690.0,1525.06359375,1385.5715960617051,164.93640625
1999-03-29,1630.0,1535.18382421875,1378.0186705004364,94.81617578125002
1999-03-30,1560.0,1539.6700374023437,1365.9799047133592,20.329962597656277
1999-03-31,1520.0,1520.0,1352.0928764991595,0.0
1999-04-01,3750.0,1603.625,1504.6768694159043,2146.375
1999-04-02,5230.0,1820.1031249999996,1752.7623444699875,3409.8968750000004
1999-04-03,4670.0,2054.8453906249997,1936.3954607227668,2615.1546093750003
1999-04-04,3030.0,2189.4819863281245,1981.5440291743623,840.5180136718755
1999-04-05,2470.0,2231.520837353515,1981.0306931396992,238.47916264648484
1999-04-06,2220.0,2220.0,1962.0463697008383,0.0
1999-04-07,2080.0,2080.0,1934.4494836174272,0.0
1999-04-08,1960.0,1960.0,1900.5189758750726,0.0
1999-04-09,1910.0,1910.0,1866.026478108862,0.0
1999-04-10,1800.0,1800.0,1800.0,0.0
1999-04-11,1690.0,1690.0,1690.0,0.0
1999-04-12,1590.0,1590.0,1590.0,0.0
1999-04-13,1510.0,1510.0,1510.0,0.0
1999-04-14,1460.0,1460.0,1460.0,0.0
1999-04-15,1530.0,1462.625,1438.148148148148,67.375
1999-04-16,1720.0,1474.803125,1432.3936899862824,245.196875
1999-04-17,1560.0,1487.192890625,1415.3202001727377,72.80710937500001
1999-04-18,1420.0,1420.0,1389.4572186752619,0.0
1999-04-19,1380.0,1380.0,1363.0259947238487,0.0
1999-04-20,1350.0,1350.0,1336.8198841012702,0.0
1999-04-21,1350.0,1350.0,1313.0402652030043,0.0
1999-04-22,1290.0,1290.0,1287.0180184249484,0.0
1999-04-23,1220.0,1220.0,1220.0,0.0
1999-04-24,1220.0,1220.0,1197.4074074074076,0.0
1999-04-25,1190.0,1190.0,1174.684499314129,0.0
1999-04-26,1170.0,1170.0,1152.584082710969,0.0
1999-04-27,1230.0,1172.25,1136.9744454229162,57.75
1999-04-28,1350.0,1181.08125,1131.6990338096832,168.91875
1999-04-29,1320.0,1192.62515625,1124.6898640124903,127.37484375
1999-04-30,1630.0,1213.80326953125,1141.292654381704,416.19673046875
1999-05-01,1950.0,1257.0180243164064,1180.0618530500649,692.9819756835938
1999-05-02,1550.0,1293.9916724926757,1185.611681471355,256.0083275073242
1999-05-03,1360.0,1306.067297055725,1176.5735628165999,53.93270294427492
1999-05-04,1260.0,1260.0,1160.9648995928405,0.0
1999-05-05,1230.0,1230.0,1144.5792607416515,0.0
1999-05-06,1630.0,1245.0,1159.3404403026097,385.0
1999-05-07,2210.0,1295.625,1215.697806941257,914.375
1999-05-08,2680.0,1381.828125,1301.6517137059554,1298.171875
1999-05-09,2260.0,1463.4410156249999,1348.5358142887376,796.5589843750001
1999-05-10,1850.0,1507.8079394531248,1360.7084240768174,342.19206054687515
1999-05-11,1630.0,1525.2223439941404,1355.4576440697047,104.77765600585951
1999-05-12,1480.0,1480.0,1339.5819362854727,0.0
1999-05-13,1440.0,1440.0,1322.2132384812624,0.0
1999-05-14,1810.0,1453.875,1333.8601608441086,356.125
1999-05-15,1540.0,1470.459375,1324.4286644696542,69.54062500000003
1999-05-16,1360.0,1360.0,1302.5371214632048,0.0
1999-05-17,1270.0,1270.0,1270.0,0.0
1999-05-18,1240.0,1240.0,1240.0,0.0
1999-05-19,1390.0,1245.625,1228.1481481481483,144.375
1999-05-20,1240.0,1240.0,1206.2825788751713,0.0
1999-05-21,1160.0,1160.0,1160.0,0.0
1999-05-22,1100.0,1100.0,1100.0,0.0
1999-05-23,1070.0,1070.0,1070.0,0.0
1999-05-24,1010.0,1010.0,1010.0,0.0
1999-05-25,963.0,963.0,963.0,0.0
1999-05-26,932.0,932.0,932.0,0.0
1999-05-27,939.0,932.2625,915.2592592592592,6.7375
1999-05-28,926.0,926.0,899.1056241426611,0.0
1999-05-29,869.0,869.0,869.0,0.0
1999-05-30,839.0,839.0,839.0,0.0
1999-05-31,825.0,825.0,822.425925925926,0.0
1999-06-01,801.0,801.0,801.0,0.0
1999-06-02,805.0,801.15,786.4629629629629,3.85
1999-06-03,981.0,808.0387499999999,786.3089849108369,172.96125
1999-06-04,1140.0,826.97334375,797.9470418635372,313.02665625
1999-06-05,907.0,841.71284296875,791.2482416909874,65.28715703124996
1999-06-06,819.0,819.0,778.6511822751552,0.0
1999-06-07,784.0,784.0,764.6279246570853,0.0
1999-06-08,758.0,758.0,749.9771908925403,0.0
1999-06-09,742.0,742.0,735.4978213654532,0.0
1999-06-10,726.0,726.0,721.1739490168001,0.0
1999-06-11,737.0,726.4125,708.9911759596888,10.5875
1999-06-12,797.0,729.4565625,702.3808818893472,67.5434375
1999-06-13,727.0,727.0,691.1974668995928,0.0
1999-06-14,692.0,692.0,678.456960705186,0.0
1999-06-15,683.0,683.0,666.2294643435947,0.0
1999-06-16,1010.0,695.2625,679.3563657932618,314.7375
1999-06-17,1770.0,747.3678124999999,747.5641097012932,1022.6321875000001
1999-06-18,1320.0,807.1902265624999,776.1229884326551,512.8097734375001
1999-06-19,902.0,829.9759595703124,771.0745635777797,72.0240404296876
1999-06-20,771.0,771.0,756.7898817650223,0.0
1999-06-21,732.0,732.0,732.0,0.0
1999-06-22,710.0,710.0,710.0,0.0
1999-06-23,691.0,691.0,691.0,0.0
1999-06-24,729.0,692.425,681.0185185185186,36.575
1999-06-25,1680.0,730.830625,742.405692729767,949.169375
1999-06-26,2620.0,837.2683281250002,867.7384989584924,1782.7316718749998
1999-06-27,1850.0,942.0982035156251,924.429378684558,907.9017964843749
1999-06-28,1410.0,993.6908382519531,943.2785102878397,416.3091617480469
1999-06-29,1730.0,1036.9140253830565,984.0860556315583,693.0859746169434
1999-06-30,1540.0,1081.7704734793274,1007.041050480488,458.2295265206727
1999-07-01,1170.0,1102.2626879683776,1000.4631754359984,67.73731203162231
1999-07-02,1140.0,1106.2179863707493,992.2721406734059,33.78201362925064
1999-07-03,1560.0,1124.5016373929432,1015.950646166609,435.49836260705683
1999-07-04,1350.0,1149.2890145884724,1021.881141891923,200.7109854115276
1999-07-05,1130.0,1130.0,1010.9662213463745,0.0
1999-07-06,1230.0,1133.75,1008.4693489994878,96.25
1999-07-07,1310.0,1143.96875,1012.1295944624982,166.03125
1999-07-08,1450.0,1161.67109375,1025.8212986789335,288.32890625000005
1999-07-09,1280.0,1176.9207617187499,1025.6526599123656,103.07923828125007
1999-07-10,1320.0,1186.1517045898436,1028.4625988093687,133.8482954101563
1999-07-11,1480.0,1202.1903267456055,1042.8642100307234,277.8096732543946
1999-07-12,2050.0,1244.401052239685,1098.1545609538045,805.598947760315
1999-07-13,2050.0,1304.8209733217086,1148.3254349395634,745.1790266782914
1999-07-14,1770.0,1350.2094003225804,1173.1101168896037,419.79059967741955
1999-07-15,1470.0,1370.443695298387,1173.3776986590847,99.5563047016131
1999-07-16,1320.0,1320.0,1162.5093932276877,0.0
1999-07-17,1170.0,1170.0,1141.536301262161,0.0
1999-07-18,1120.0,1120.0,1118.8014585527017,0.0
1999-07-19,1380.0,1129.75,1117.430953131155,250.25
1999-07-20,1070.0,1070.0,1070.0,0.0
1999-07-21,1020.0,1020.0,1020.0,0.0
1999-07-22,1020.0,1020.0,1001.1111111111112,0.0
1999-07-23,952.0,952.0,952.0,0.0
1999-07-24,906.0,906.0,906.0,0.0
1999-07-25,1040.0,911.025,899.1481481481482,128.975
1999-07-26,1240.0,928.198125,907.7455418381344,311.801875
1999-07-27,1000.0,942.583265625,897.7691027790478,57.41673437500003
1999-07-28,918.0,918.0,882.64233400321,0.0
1999-07-29,863.0,863.0,863.0,0.0
1999-07-30,763.0,763.0,763.0,0.0
1999-07-31,718.0,718.0,718.0,0.0
1999-08-01,684.0,684.0,684.0,0.0
1999-08-02,670.0,670.0,670.0,0.0
1999-08-03,655.0,655.0,655.0,0.0
1999-08-04,606.0,606.0,606.0,0.0
1999-08-05,574.0,574.0,574.0,0.0
1999-08-06,574.0,574.0,563.3703703703704,0.0
1999-08-07,564.0,564.0,552.9842249657065,0.0
1999-08-08,545.0,545.0,542.1523522836967,0.0
1999-08-09,598.0,546.9875,536.2493567018729,51.0125
1999-08-10,549.0,548.9759375,527.2633051554031,0.024062500000006537
1999-08-11,516.0,516.0,516.0,0.0
1999-08-12,492.0,492.0,492.0,0.0
1999-08-13,465.0,465.0,465.0,0.0
1999-08-14,521.0,467.1,460.537037037037,53.9
1999-08-15,511.0,470.7675,455.74657064471876,40.2325
1999-08-16,462.0,462.0,447.7700363257634,0.0
1999-08-17,440.0,440.0,438.9024403696742,0.0
1999-08-18,431.0,431.0,430.18925144655617,0.0
1999-08-19,414.0,414.0,414.0,0.0
1999-08-20,406.0,406.0,405.74074074074076,0.0
1999-08-21,430.0,406.9,400.02400548696846,23.1
1999-08-22,438.0,408.9325,395.42919016410104,29.067500000000003
1999-08-23,416.0,410.2875625,389.63019107483245,5.712437500000004
1999-08-24,952.0,430.81599531250004,424.071840049385,521.1840046875
1999-08-25,1440.0,488.20479566406254,491.4725956003679,951.7952043359375
1999-08-26,1130.0,547.9644359892578,529.6695774892228,582.0355640107422
1999-08-27,768.0,578.0421032900636,537.5149869809613,189.9578967099365
1999-08-28,592.0,585.6889455433087,531.5969326308723,6.3110544566912665
1999-08-29,524.0,524.0,521.1898092391249,0.0
1999-08-30,503.0,503.0,503.0,0.0
1999-08-31,478.0,478.0,478.0,0.0
1999-09-01,450.0,450.0,450.0,0.0
1999-09-02,438.0,438.0,438.0,0.0
1999-09-03,426.0,426.0,426.0,0.0
1999-09-04,414.0,414.0,414.0,0.0
1999-09-05,403.0,403.0,403.0,0.0
1999-09-06,409.0,403.225,395.9814814814815,5.775
1999-09-07,417.0,403.958125,390.2054183813444,13.041875000000001
1999-09-08,408.0,404.598765625,384.2975092719606,3.4012343750000014
1999-09-09,408.0,404.853858203125,378.93662878381616,3.1461417968750016
1999-09-10,399.0,399.0,373.4054594519813,0.0
1999-09-11,381.0,381.0,367.0531020953163,0.0
1999-09-12,370.0,370.0,360.4741111605648,0.0
1999-09-13,365.0,365.0,354.1339156827347,0.0
1999-09-14,363.0,363.0,348.23262719359263,0.0
1999-09-15,365.0,363.075,343.02590245344516,1.925
1999-09-16,360.0,360.0,337.93091148553356,0.0
1999-09-17,338.0,338.0,331.6780493109471,0.0
1999-09-18,324.0,324.0,324.0,0.0
1999-09-19,326.0,324.075,318.1481481481481,1.925
1999-09-20,338.0,324.669375,313.72702331961585,13.330625000000001
1999-09-21,355.0,326.306671875,310.97452116039216,28.693328125
1999-09-22,379.0,329.358671484375,310.25465808998547,49.641328515625005
1999-09-23,415.0,334.4317711230469,312.2681156742461,80.56822887695313
1999-09-24,399.0,339.87438828881835,312.9099568155196,59.125611711181655
1999-09-25,364.0,342.99630916715694,310.89977562889743,21.003690832843034
1999-09-26,365.0,344.6090859796202,309.1497964039995,20.390914020379807
1999-09-27,376.0,346.55090453114866,308.3766671073329,29.449095468851326
1999-09-28,924.0,369.30958669131246,348.2677164492465,554.6904133086875
1999-09-29,1370.0,427.6363676894639,417.50218714839036,942.3636323105361
1999-09-30,1010.0,484.8136401127541,453.6593920420579,525.1863598872459
1999-10-01,607.0,509.0901171042975,456.6168557418673,97.90988289570248
1999-10-02,494.0,494.0,450.93010983984254,0.0
1999-10-03,442.0,442.0,441.9180626324497,0.0
1999-10-04,598.0,447.85,445.29601979611175,150.15
1999-10-05,1330.0,486.56125,502.5834253705459,843.43875
1999-10-06,936.0,535.04415625,525.3812563547547,400.95584375
1999-10-07,621.0,553.30334453125,522.7348437293144,67.69665546875001
1999-10-08,522.0,522.0,513.0001359766001,0.0
1999-10-09,499.0,499.0,499.0,0.0
1999-10-10,642.0,504.36249999999995,500.35185185185185,137.63750000000002
1999-10-11,2150.0,571.2353125,613.2822359396434,1578.7646875
1999-10-12,2100.0,687.7676640625,712.0523992785655,1412.2323359375
1999-10-13,1250.0,761.8100892578125,738.7142141601798,488.1899107421875
1999-10-14,1040.0,790.5493325634766,747.3517869231262,249.45066743652347
1999-10-15,919.0,804.7206326212158,746.2266214672811,114.27936737878423
1999-10-16,793.0,793.0,735.8723046647551,0.0
1999-10-17,730.0,730.0,721.8100542328333,0.0
1999-10-18,667.0,667.0,667.0,0.0
1999-10-19,608.0,608.0,608.0,0.0
1999-10-20,676.0,610.55,601.7777777777777,65.45
1999-10-21,1250.0,636.98375,638.6502057613169,613.01625
1999-10-22,1160.0,679.5849687499999,665.4418533760097,480.4150312500001
1999-10-23,901.0,705.9035960937499,670.5676076930458,195.09640390625012
1999-10-24,780.0,715.9983263867186,666.255792165912,64.00167361328135
1999-10-25,724.0,718.6984519077148,658.1950706690683,5.301548092285259
1999-10-26,675.0,675.0,647.2510826441545,0.0
1999-10-27,642.0,642.0,634.8759823993254,0.0
1999-10-28,620.0,620.0,620.0,0.0
1999-10-29,606.0,606.0,606.0,0.0
1999-10-30,590.0,590.0,590.0,0.0
1999-10-31,587.0,587.0,578.8518518518518,0.0
1999-11-01,614.0,588.0125,570.735939643347,25.9875
1999-11-02,2150.0,647.5615624999998,677.1492785652595,1502.4384375000002
1999-11-03,2760.0,783.1194453124997,818.894715735143,1976.8805546875003
1999-11-04,1650.0,889.7604869140621,865.2933531670742,760.2395130859379
1999-11-05,1240.0,931.4034503955074,877.0254500960489,308.59654960449257
1999-11-06,1080.0,948.5481916158444,875.8193899019703,131.45180838415564
1999-11-07,993.0,955.144577244656,868.2805575036398,37.85542275534398
1999-11-08,927.0,927.0,856.5508762533028,0.0
1999-11-09,853.0,853.0,840.4257951187377,0.0
1999-11-10,825.0,825.0,823.7197029781138,0.0
1999-11-11,849.0,825.9,810.3382489986587,23.1
1999-11-12,823.0,823.0,796.269892609894,0.0
1999-11-13,762.0,762.0,762.0,0.0
1999-11-14,745.0,745.0,745.0,0.0
1999-11-15,709.0,709.0,709.0,0.0
1999-11-16,679.0,679.0,679.0,0.0
1999-11-17,645.0,645.0,645.0,0.0
1999-11-18,645.0,645.0,633.0555555555555,0.0
1999-11-19,614.0,614.0,614.0,0.0
1999-11-20,618.0,614.15,602.9259259259259,3.85
1999-11-21,702.0,617.58875,599.0994513031549,84.41125000000001
1999-11-22,846.0,629.31959375,606.2939465528627,216.68040625
1999-11-23,862.0,646.1706242187499,614.0074700201903,215.82937578125
1999-11-24,795.0,659.8453274023437,616.0438153886912,135.15467259765626
1999-11-25,1230.0,686.294427847168,650.1138324823308,543.705572152832
1999-11-26,5020.0,869.19734575863,961.7699591043377,4150.80265424137
1999-11-27,4840.0,1173.7575448267326,1231.235703631714,3666.2424551732674
1999-11-28,3730.0,1407.1007289647273,1393.528694036185,2322.8992710352727
1999-11-29,2140.0,1521.6931742923725,1423.0167779217234,618.3068257076275
1999-11-30,1730.0,1552.6911862204447,1419.4041132993414,177.3088137795554
1999-12-01,1520.0,1520.0,1400.5703991049577,0.0
1999-12-02,1400.0,1400.0,1374.5916584470913,0.0
1999-12-03,1310.0,1310.0,1310.0,0.0
1999-12-04,1200.0,1200.0,1200.0,0.0
1999-12-05,1150.0,1150.0,1150.0,0.0
1999-12-06,1160.0,1150.375,1129.4444444444446,9.625
1999-12-07,1250.0,1154.471875,1117.4588477366256,95.528125
1999-12-08,1130.0,1130.0,1097.6941396128639,0.0
1999-12-09,1050.0,1050.0,1050.0,0.0
1999-12-10,1080.0,1051.125,1032.7777777777778,28.875
1999-12-11,1280.0,1060.790625,1031.9650205761318,219.209375
1999-12-12,1190.0,1073.856328125,1024.5608520042676,116.143671875
1999-12-13,1160.0,1081.442103515625,1015.6200323742428,78.55789648437501
1999-12-14,2980.0,1155.583945751953,1142.3218812284797,1824.416054248047
1999-12-15,3320.0,1305.1651498205565,1282.477262596213,2014.8348501794435
1999-12-16,2220.0,1415.0277635840148,1328.1738123558227,804.9722364159852
1999-12-17,1790.0,1459.2756813152137,1337.7873482488021,330.72431868478634
1999-12-18,1590.0,1476.5800052165725,1331.6959271146536,113.4199947834274
1999-12-19,1470.0,1470.0,1317.2796375670007,0.0
1999-12-20,1420.0,1420.0,1300.4944859404266,0.0
1999-12-21,1460.0,1421.5,1288.2264779829798,38.5
1999-12-22,1490.0,1425.5125,1279.3166189104818,64.48750000000001
1999-12-23,1430.0,1428.0990625,1266.7873023446962,1.900937500000012
1999-12-24,1330.0,1330.0,1248.010700275743,0.0
1999-12-25,1270.0,1270.0,1226.528228027989,0.0
1999-12-26,1190.0,1190.0,1190.0,0.0
1999-12-27,1170.0,1170.0,1166.4814814814815,0.0
1999-12-28,1130.0,1130.0,1130.0,0.0
1999-12-29,1090.0,1090.0,1090.0,0.0
1999-12-30,1070.0,1070.0,1068.3333333333333,0.0
1999-12-31,1040.0,1040.0,1040.0,0.0
2000-01-01,1040.0,1040.0,1020.7407407407406,0.0
2000-01-02,1020.0,1020.0,1001.7832647462277,0.0
2000-01-03,1020.0,1020.0,984.5811106030585,0.0
2000-01-04,1020.0,1020.0,968.9717485101827,0.0
2000-01-05,1180.0,1026.0,966.6595495740547,154.0
2000-01-06,1130.0,1035.675,960.8577394283088,94.32500000000002
2000-01-07,1020.0,1020.0,947.4449857775395,0.0
2000-01-08,990.0,990.0,933.0519315388783,0.0
2000-01-09,1080.0,993.375,926.6582341741673,86.625
2000-01-10,2720.0,1061.371875,1042.338027306189,1658.628125
2000-01-11,3480.0,1214.268984375,1203.6030247778383,2265.731015625
2000-01-12,2210.0,1336.573810546875,1255.8620039650755,873.4261894531251
2000-01-13,1800.0,1386.7057747558592,1272.9118184127537,413.29422524414076
2000-01-14,1590.0,1409.8278416491698,1272.8273907819432,180.17215835083022
2000-01-15,1450.0,1418.0907535254821,1262.3804101539856,31.90924647451797
2000-01-16,1370.0,1370.0,1246.9748166212091,0.0
2000-01-17,1330.0,1330.0,1230.0327039710974,0.0
2000-01-18,1410.0,1333.0,1220.5852313811808,77.0
2000-01-19,1440.0,1339.9,1214.2347469940346,100.10000000000001
2000-01-20,1430.0,1347.0325,1207.7315296797722,82.96750000000002
2000-01-21,1360.0,1350.6300625,1196.6452769316452,9.36993750000002
2000-01-22,1230.0,1230.0,1176.9558994379743,0.0
2000-01-23,1280.0,1231.875,1162.7933161566802,48.125
2000-01-24,1310.0,1236.609375,1152.164305401432,73.390625
2000-01-25,1260.0,1240.238671875,1138.8157586050033,19.761328125000006
2000-01-26,1180.0,1180.0,1120.7772624378733,0.0
2000-01-27,1160.0,1160.0,1102.927515915848,0.0
2000-01-28,1130.0,1130.0,1084.5083014791956,0.0
2000-01-29,1150.0,1130.75,1069.276051342233,19.25
2000-01-30,1180.0,1133.31875,1057.676416958693,46.681250000000006
2000-01-31,1310.0,1141.69484375,1056.7804524254807,168.30515625
2000-02-01,1220.0,1150.94273046875,1049.3007809046028,69.05726953125003
2000-02-02,1170.0,1154.2470256835936,1038.8099678578803,15.75297431640628
2000-02-03,1130.0,1130.0,1026.3275634265951,0.0
2000-02-04,1160.0,1131.125,1017.2231594056141,28.875
2000-02-05,1150.0,1132.915625,1008.2210150162052,17.084375
2000-02-06,1090.0,1090.0,995.6079580702603,0.0
2000-02-07,1080.0,1080.0,983.4220360267177,0.0
2000-02-08,1090.0,1080.375,973.1051808390587,9.625
2000-02-09,1100.0,1081.471875,964.484330761368,18.528125000000003
2000-02-10,1120.0,1083.611484375,958.1431890242044,36.388515625000004
2000-02-11,1120.0,1086.340623046875,952.3891900404818,33.659376953125005
2000-02-12,1830.0,1115.4900763183593,999.76056133303,714.5099236816407
2000-02-13,2580.0,1197.2033205944822,1098.30125009849,1382.7966794055178
2000-02-14,3970.0,1353.038071549896,1290.6807639782596,2616.961928450104
2000-02-15,3940.0,1548.1852161836537,1463.0251376839767,2391.8147838163463
2000-02-16,2660.0,1679.5713249698797,1524.59688419472,980.4286750301203
2000-02-17,2160.0,1734.3534755971386,1543.4305060285421,425.64652440286136
2000-02-18,1920.0,1757.2769649273532,1542.7424962110847,162.72303507264678
2000-02-19,1850.0,1766.8561925578017,1536.9330058211694,83.14380744219827
2000-02-20,1720.0,1720.0,1522.0318015784685,0.0
2000-02-21,1580.0,1580.0,1498.1399680989807,0.0
2000-02-22,1500.0,1500.0,1470.534415497223,0.0
2000-02-23,1420.0,1420.0,1420.0,0.0
2000-02-24,1380.0,1380.0,1380.0,0.0
2000-02-25,1330.0,1330.0,1330.0,0.0
2000-02-26,1300.0,1300.0,1300.0,0.0
2000-02-27,1330.0,1301.125,1278.148148148148,28.875
2000-02-28,1470.0,1308.540625,1268.6899862825787,161.459375
2000-02-29,1390.0,1317.650078125,1254.181654219377,72.349921875
2000-03-01,1260.0,1260.0,1231.3870566064716,0.0
2000-03-02,1240.0,1240.0,1209.2215884021687,0.0
2000-03-03,1200.0,1200.0,1186.145515401968,0.0
2000-03-04,1180.0,1180.0,1163.7246343462302,0.0
2000-03-05,1170.0,1170.0,1142.6390200549126,0.0
2000-03-06,1120.0,1120.0,1119.8020737535319,0.0
2000-03-07,1090.0,1090.0,1090.0,0.0
2000-03-08,1080.0,1080.0,1069.0740740740741,0.0
2000-03-09,1070.0,1070.0,1049.3449931412895,0.0
2000-03-10,1050.0,1050.0,1029.961197480059,0.0
2000-03-11,1900.0,1081.875,1075.3351606763497,818.125
2000-03-12,2470.0,1164.609375,1158.7300532063175,1305.390625
2000-03-13,1990.0,1244.513671875,1198.847640872399,745.486328125
2000-03-14,1590.0,1285.425146484375,1205.621007458288,304.574853515625
2000-03-15,1450.0,1303.0182604980469,1201.396840101039,146.98173950195314
2000-03-16,1480.0,1315.1668909606933,1199.786021573165,164.83310903930666
2000-03-17,2360.0,1360.5293741386413,1263.5095380941684,999.4706258613587
2000-03-18,2250.0,1431.3646710782432,1313.184580863227,818.6353289217568
2000-03-19,1840.0,1477.3873207473748,1327.88971226478,362.61267925262507
2000-03-20,6710.0,1687.208271691322,1701.9739981661896,5022.791728308678
2000-03-21,7730.0,2102.167651314472,2116.976405743395,5627.832348685528
2000-03-22,6020.0,2460.1300774658866,2366.885997804192,3559.8699225341134
2000-03-23,3430.0,2629.995321655945,2401.8039609704706,800.0046783440548
2000-03-24,2720.0,2663.3706725317493,2380.896186806538,56.62932746825072
2000-03-25,2400.0,2400.0,2338.220613954081,0.0
2000-03-26,2190.0,2190.0,2190.0,0.0
2000-03-27,2060.0,2060.0,2060.0,0.0
2000-03-28,2000.0,2000.0,2000.0,0.0
2000-03-29,1830.0,1830.0,1830.0,0.0
2000-03-30,1720.0,1720.0,1720.0,0.0
2000-03-31,1670.0,1670.0,1670.0,0.0
2000-04-01,1620.0,1620.0,1620.0,0.0
2000-04-02,1630.0,1620.375,1590.7407407407409,9.625
2000-04-03,3410.0,1687.846875,1696.0425240054872,1722.153125
2000-04-04,6540.0,1934.3833593749996,2023.4459940049794,4605.616640625
2000-04-05,5220.0,2230.3046074218746,2222.7565501156296,2989.6953925781254
2000-04-06,3570.0,2392.656761865234,2281.390202882701,1177.3432381347661
2000-04-07,2900.0,2455.832504725341,2284.9651840972656,444.1674952746587
2000-04-08,2580.0,2477.145066870941,2264.505444829,102.8549331290593
2000-04-09,2390.0,2390.0,2231.866051789278,0.0
2000-04-10,2180.0,2180.0,2180.0,0.0
2000-04-11,2040.0,2040.0,2040.0,0.0
2000-04-12,1950.0,1950.0,1950.0,0.0
2000-04-13,2020.0,1952.625,1919.0740740740744,67.375
2000-04-14,2180.0,1963.678125,1902.8635116598082,216.321875
2000-04-15,2580.0,1994.902265625,1917.7835568764926,585.0977343750001
2000-04-16,3100.0,2058.284595703125,1969.840634943484,1041.715404296875
2000-04-17,2770.0,2124.0382510253903,1992.633168745013,645.9617489746095
2000-04-18,2440.0,2160.110382198486,1988.87083830566,279.88961780151374
2000-04-19,2230.0,2173.2271035336,1969.9013162403214,56.7728964664002
2000-04-20,2070.0,2070.0,1940.8363795514026,0.0
2000-04-21,1970.0,1970.0,1907.055233296643,0.0
2000-04-22,1870.0,1870.0,1868.9945635469537,0.0
2000-04-23,1780.0,1780.0,1780.0,0.0
2000-04-24,1750.0,1750.0,1744.8148148148148,0.0
2000-04-25,2010.0,1759.75,1732.1467764060355,250.25
2000-04-26,2040.0,1779.64375,1722.87392673881,260.35625000000005
2000-04-27,1820.0,1790.92046875,1698.1633779666977,29.07953125000006
2000-04-28,2220.0,1808.10143359375,1705.370472599411,411.89856640625004
2000-04-29,2380.0,1844.9938260742188,1723.762095506873,535.0061739257812
2000-04-30,2020.0,1871.6192891186524,1713.7841237006812,148.38071088134768
2000-05-01,1840.0,1840.0,1691.3967048395068,0.0
2000-05-02,1750.0,1750.0,1664.4155284654782,0.0
2000-05-03,1680.0,1680.0,1634.747423977934,0.0
2000-05-04,2130.0,1696.875,1641.1596995355326,433.125
2000-05-05,2600.0,1746.984375,1681.7930606896498,853.015625
2000-05-06,2060.0,1790.710546875,1678.6640735887563,269.289453125
2000-05-07,1850.0,1803.032255859375,1660.2692519601676,46.96774414062503
2000-05-08,1720.0,1720.0,1633.9480249268188,0.0
2000-05-09,1630.0,1630.0,1603.3972818780394,0.0
2000-05-10,1560.0,1560.0,1560.0,0.0
2000-05-11,1480.0,1480.0,1480.0,0.0
2000-05-12,1410.0,1410.0,1410.0,0.0
2000-05-13,1360.0,1360.0,1360.0,0.0
2000-05-14,1330.0,1330.0,1330.0,0.0
2000-05-15,1240.0,1240.0,1240.0,0.0
2000-05-16,1210.0,1210.0,1210.0,0.0
2000-05-17,1190.0,1190.0,1186.1111111111109,0.0
2000-05-18,1190.0,1190.0,1164.4341563786006,0.0
2000-05-19,1160.0,1160.0,1142.5421048620635,0.0
2000-05-20,1150.0,1150.0,1121.9363544118723,0.0
2000-05-21,1300.0,1155.625,1114.3496549292915,144.375
2000-05-22,1350.0,1168.328125,1111.1691313247275,181.671875
2000-05-23,1360.0,1182.328515625,1109.0238413872526,177.671484375
2000-05-24,1470.0,1199.7788769531248,1115.2253375550995,270.22112304687505
2000-05-25,1900.0,1236.1704611816406,1152.7044729666643,663.8295388183594
2000-05-26,1590.0,1274.3326765930174,1163.7503550993806,315.6673234069825
2000-05-27,1330.0,1288.2577258485412,1154.5142111086973,41.742274151458844
2000-05-28,1220.0,1220.0,1137.9851174875216,0.0
2000-05-29,1180.0,1180.0,1120.0235325349734,0.0
2000-05-30,1130.0,1130.0,1100.02135359655,0.0
2000-05-31,1070.0,1070.0,1070.0,0.0
2000-06-01,1030.0,1030.0,1030.0,0.0
2000-06-02,983.0,983.0,983.0,0.0
2000-06-03,1050.0,985.5125,969.7592592592592,64.4875
2000-06-04,1200.0,995.9740625,968.8556241426611,204.0259375
2000-06-05,1210.0,1011.6510078125,968.7763996850073,198.34899218750002
2000-06-06,1110.0,1022.7771822265624,961.297103417877,87.22281777343753
2000-06-07,1020.0,1020.0,947.8436679162216,0.0
2000-06-08,936.0,936.0,929.4136986647197,0.0
2000-06-09,889.0,889.0,889.0,0.0
2000-06-10,856.0,856.0,856.0,0.0
2000-06-11,826.0,826.0,826.0,0.0
2000-06-12,796.0,796.0,796.0,0.0
2000-06-13,778.0,778.0,778.0,0.0
2000-06-14,798.0,778.75,765.074074074074,19.25
2000-06-15,824.0,781.16875,755.2709190672153,42.831250000000004
2000-06-16,801.0,783.51859375,744.671759894325,17.48140625000001
2000-06-17,884.0,787.94219921875,741.2021524967023,96.05780078125001
2000-06-18,1070.0,802.1215342773437,751.8315828210816,267.8784657226563
2000-06-19,1040.0,821.0874192065429,759.2545844117222,218.9125807934571
2000-06-20,930.0,833.3808627660521,757.8421228921185,96.61913723394781
2000-06-21,1190.0,850.3772980585983,775.8197041058113,339.6227019414017
2000-06-22,1080.0,871.7240007042034,783.9845463182362,208.27599929579662
2000-06-23,975.0,883.4072006513882,783.6156068443254,91.59279934861189
2000-06-24,858.0,858.0,774.6141617661472,0.0
2000-06-25,886.0,859.05,768.5202578989113,26.95
2000-06-26,862.0,860.17125,761.2128266119751,1.8287499999999994
2000-06-27,973.0,864.47090625,762.8042315553107,108.52909375
2000-06-28,1150.0,879.2480882812499,777.3593953001892,270.75191171875
2000-06-29,1410.0,909.3044816601562,809.8261179575792,500.6955183398438
2000-06-30,1280.0,941.9816455356445,829.657032961507,338.0183544643555
2000-07-01,1030.0,957.9580221204711,829.1332336132193,72.04197787952887
2000-07-02,866.0,866.0,816.5097860564398,0.0
2000-07-03,808.0,808.0,800.7588799401028,0.0
2000-07-04,811.0,808.1125,786.6886132789822,2.8875
2000-07-05,740.0,740.0,740.0,0.0
2000-07-06,701.0,701.0,701.0,0.0
2000-07-07,667.0,667.0,667.0,0.0
2000-07-08,588.0,588.0,588.0,0.0
2000-07-09,557.0,557.0,557.0,0.0
2000-07-10,536.0,536.0,536.0,0.0
2000-07-11,505.0,505.0,505.0,0.0
2000-07-12,503.0,503.0,495.49999999999994,0.0
2000-07-13,575.0,505.7,492.2129629629629,69.3
2000-07-14,853.0,521.3225,509.8228737997256,331.6775
2000-07-15,916.0,548.5608125,530.4689040034547,367.4391875
2000-07-16,710.0,568.3937515625,533.9440054846162,141.6062484375
2000-07-17,544.0,544.0,524.8010420138185,0.0
2000-07-18,477.0,477.0,477.0,0.0
2000-07-19,471.0,471.0,467.7222222222222,0.0
2000-07-20,491.0,471.75,460.78497942386826,19.25
2000-07-21,453.0,453.0,451.6752591068434,0.0
2000-07-22,434.0,434.0,434.0,0.0
2000-07-23,519.0,437.1875,432.25925925925924,81.8125
2000-07-24,1030.0,462.4859375,468.5315500685872,567.5140625
2000-07-25,1470.0,521.5494921874999,534.0378880251995,948.4505078125001
2000-07-26,1400.0,590.0582802734374,588.2936391339774,809.9417197265626
2000-07-27,1110.0,639.9289092529295,616.0442281030536,470.07109074707046
2000-07-28,908.0,667.6092410589598,626.2623551305487,240.3907589410402
2000-07-29,867.0,684.1010479795378,632.4973222480904,182.8989520204622
2000-07-30,959.0,701.2684693810725,644.9697924103043,257.73153061892754
2000-07-31,1430.0,738.2608341774919,691.1762931130539,691.7391658225081
2000-08-01,1420.0,789.76627161418,732.3636733803638,630.23372838582
2000-08-02,1780.0,850.5338012431165,796.4040739932931,929.4661987568835
2000-08-03,2290.0,939.3687661498827,892.2925856605808,1350.6312338501173
2000-08-04,2160.0,1035.7911086886415,969.6729018031197,1124.2088913113585
2000-08-05,1740.0,1104.3567755369934,1008.7772627472754,635.6432244630066
2000-08-06,1380.0,1138.5300173717187,1017.5941828632683,241.46998262828117
2000-08-07,1170.0,1148.76526606884,1010.0391659314843,21.234733931160093
2000-08-08,1490.0,1162.357871113677,1026.8873913081986,327.64212888632306
2000-08-09,1270.0,1178.681030780151,1025.8792995204024,91.31896921984884
2000-08-10,1120.0,1120.0,1013.8534384536983,0.0
2000-08-11,920.0,920.0,920.0,0.0
2000-08-12,802.0,802.0,802.0,0.0
2000-08-13,720.0,720.0,720.0,0.0
2000-08-14,655.0,655.0,655.0,0.0
2000-08-15,596.0,596.0,596.0,0.0
2000-08-16,537.0,537.0,537.0,0.0
2000-08-17,515.0,515.0,515.0,0.0
2000-08-18,502.0,502.0,502.0,0.0
2000-08-19,553.0,503.9125,496.4814814814815,49.0875
2000-08-20,554.0,507.6315625,491.54801097393687,46.3684375
2000-08-21,797.0,520.2216953125001,505.0713432911649,276.7783046875
2000-08-22,858.0,543.2675681640626,521.8610337271682,314.73243183593746
2000-08-23,720.0,561.6975005517578,526.8739009746527,158.30249944824217
2000-08-24,615.0,569.632688010376,523.6448360695922,45.36731198962403
2000-08-25,562.0,562.0,516.7888327298151,0.0
2000-08-26,529.0,529.0,508.12320006964705,0.0
2000-08-27,486.0,486.0,486.0,0.0
2000-08-28,493.0,486.2625,477.5185185185185,6.7375
2000-08-29,478.0,478.0,468.71124828532237,0.0
2000-08-30,456.0,456.0,456.0,0.0
2000-08-31,464.0,456.3,448.14814814814815,7.7
2000-09-01,591.0,461.64,450.4307270233196,129.35999999999999
2000-09-02,706.0,475.6545,461.0204745211604,230.3455
2000-09-03,1120.0,508.45541249999997,501.29635650994186,611.5445875
2000-09-04,1170.0,556.1962565624999,541.5466938701325,613.8037434375001
2000-09-05,1010.0,596.2315373203124,566.2182962895646,413.76846267968756
2000-09-06,771.0,618.3016720212889,570.9017873738642,152.69832797871103
2000-09-07,707.0,627.3540466196923,570.4108811355434,79.64595338030773
2000-09-08,691.0,632.7274931232154,568.7802439933635,58.272506876784654
2000-09-09,686.0,636.9104311389742,566.9302214013854,49.08956886102581
2000-09-10,626.0,626.0,560.807052753109,0.0
2000-09-11,516.0,516.0,516.0,0.0
2000-09-12,498.0,498.0,498.0,0.0
2000-09-13,475.0,475.0,475.0,0.0
2000-09-14,472.0,472.0,465.98148148148147,0.0
2000-09-15,651.0,478.7125,471.05727023319616,172.2875
2000-09-16,482.0,482.0,463.1445600264187,0.0
2000-09-17,431.0,431.0,431.0,0.0
2000-09-18,424.0,424.0,422.5,0.0
2000-09-19,439.0,424.5625,415.8981481481481,14.4375
2000-09-20,456.0,426.2828125,411.1668381344307,29.7171875
2000-09-21,559.0,432.37410156249996,414.50324201087227,126.62589843750001
2000-09-22,1420.0,474.15854394531254,481.30849738023596,945.8414560546875
2000-09-23,1370.0,543.221653149414,538.2243772524364,826.778346850586
2000-09-24,1170.0,597.730029163208,575.0554534327664,572.269970836792
2000-09-25,1110.0,638.4002769759674,604.0318003371399,471.59972302403264
2000-09-26,869.0,664.7327562027698,612.4733003059232,204.26724379723024
2000-09-27,780.0,676.715299487562,613.540587314634,103.28470051243796
2000-09-28,675.0,675.0,606.73127367439,0.0
2000-09-29,597.0,597.0,594.7746742600946,0.0
2000-09-30,550.0,550.0,550.0,0.0
2000-10-01,515.0,515.0,515.0,0.0
2000-10-02,503.0,503.0,503.0,0.0
2000-10-03,486.0,486.0,486.0,0.0
2000-10-04,466.0,466.0,466.0,0.0
2000-10-05,453.0,453.0,453.0,0.0
2000-10-06,438.0,438.0,438.0,0.0
2000-10-07,423.0,423.0,423.0,0.0
2000-10-08,420.0,420.0,414.94444444444446,0.0
2000-10-09,415.0,415.0,407.26440329218104,0.0
2000-10-10,405.0,405.0,399.55473632068276,0.0
2000-10-11,403.0,403.0,392.41077925395285,0.0
2000-10-12,408.0,403.1875,386.2986700637721,4.8125
2000-10-13,409.0,403.5859375,380.8265709837932,5.414062500000001
2000-10-14,402.0,402.0,375.34262922603455,0.0
2000-10-15,390.0,390.0,369.47757096436465,0.0
2000-10-16,382.0,382.0,363.56298106025685,0.0
2000-10-17,381.0,381.0,358.12196429541825,0.0
2000-10-18,384.0,381.1125,353.40696760139804,2.8875
2000-10-19,381.0,381.0,348.9063224531204,0.0
2000-10-20,374.0,374.0,344.3038851889426,0.0
2000-10-21,375.0,374.0375,340.2016735973738,0.9625
2000-10-22,381.0,374.3346875,336.92374085687624,6.665312500000001
2000-10-23,381.0,374.8345859375,333.94932040716543,6.165414062500001
2000-10-24,387.0,375.5219919921875,331.69475370279827,11.478008007812502
2000-10-25,388.0,376.4203425927734,329.7230172488355,11.579657407226565
2000-10-26,396.0,377.58881689831543,328.52644157764706,18.41118310168457
2000-10-27,416.0,379.71965563094176,328.92214143156866,36.28034436905823
2000-10-28,417.0,382.4781814586211,329.35527648420117,34.52181854137886
2000-10-29,408.0,384.72981784922456,329.08163977270107,23.270182150775447
2000-10-30,403.0,386.28758151053273,328.4629694233769,16.71241848946729
2000-10-31,401.0,387.46601289724276,327.7534352175087,13.533987102757242
2000-11-01,394.0,388.21856192994954,326.5910801047764,5.7814380700504495
2000-11-02,388.0,388.0,325.0919060210008,0.0
2000-11-03,392.0,388.15,324.02784064868587,3.85
2000-11-04,396.0,388.58875,323.3585961441779,7.411250000000001
2000-11-05,413.0,389.78209375,324.01057798267993,23.217906250000002
2000-11-06,429.0,392.12343671875,325.787376317617,36.87656328125
2000-11-07,420.0,394.55167896484375,326.7329896215413,25.448321035156248
2000-11-08,418.0,396.3853030424805,327.44289798991707,21.61469695751953
2000-11-09,822.0,413.15640531429443,358.01300002788776,408.84359468570557
2000-11-10,2650.0,512.3696749157225,521.1599444697501,2137.6303250842775
2000-11-11,2440.0,664.8169492970433,653.6451347966253,1775.1830507029567
2000-11-12,1230.0,752.580678099765,684.2335482413821,477.419321900235
2000-11-13,831.0,773.4246272422827,682.4341456264393,57.57537275771739
2000-11-14,737.0,737.0,673.838391401769,0.0
2000-11-15,679.0,679.0,661.7422440497533,0.0
2000-11-16,647.0,647.0,647.0,0.0
2000-11-17,636.0,636.0,634.2037037037037,0.0
2000-11-18,644.0,636.3,623.1848422496571,7.7
2000-11-19,643.0,636.84,613.112171670985,6.16
2000-11-20,638.0,637.1145,603.601785405153,0.8855000000000004
2000-11-21,624.0,624.0,593.9349534231943,0.0
2000-11-22,601.0,601.0,583.4594947728986,0.0
2000-11-23,577.0,577.0,572.1762082198524,0.0
2000-11-24,571.0,571.0,561.4932259772735,0.0
2000-11-25,743.0,577.45,564.5401494978963,165.55
2000-11-26,2270.0,647.1287500000001,680.4160615814246,1622.87125
2000-11-27,2130.0,763.59409375,775.1923521757371,1366.40590625
2000-11-28,1490.0,842.0745367187499,813.7856529002061,647.9254632812501
2000-11-29,1160.0,878.2939464648435,824.3610554094462,281.70605353515646
2000-11-30,978.0,892.5969004799803,820.4757725011641,85.40309952001974
2000-12-01,859.0,859.0,808.1354231955007,0.0
2000-12-02,795.0,795.0,792.196958084806,0.0
2000-12-03,759.0,759.0,759.0,0.0
2000-12-04,752.0,752.0,744.4259259259259,0.0
2000-12-05,726.0,726.0,726.0,0.0
2000-12-06,707.0,707.0,707.0,0.0
2000-12-07,690.0,690.0,690.0,0.0
2000-12-08,674.0,674.0,674.0,0.0
2000-12-09,667.0,667.0,660.9999999999999,0.0
2000-12-10,651.0,651.0,648.0185185185184,0.0
2000-12-11,646.0,646.0,635.8686556927296,0.0
2000-12-12,640.0,640.0,624.3993357211806,0.0
2000-12-13,633.0,633.0,613.4734713025528,0.0
2000-12-14,677.0,634.65,606.8185202560201,42.35
2000-12-15,979.0,649.15125,623.150138750833,329.84875
2000-12-16,1090.0,678.05240625,646.1917925702004,411.94759375
2000-12-17,2900.0,776.8234757812497,801.1740339988856,2123.1765242187503
2000-12-18,3160.0,945.8117150976559,961.0653271471373,2214.188284902344
2000-12-19,1990.0,1068.0008364653318,1019.4852042631431,921.9991635346682
2000-12-20,1620.0,1123.2757737304319,1045.0884260906298,496.72422626956813
2000-12-21,1340.0,1150.0300907006495,1047.5802384896456,189.96990929935055
2000-12-22,1180.0,1158.2778338981007,1037.9894756665303,21.722166101899262
2000-12-23,1010.0,1010.0,1010.0,0.0
2000-12-24,937.0,937.0,937.0,0.0
2000-12-25,875.0,875.0,875.0,0.0
2000-12-26,850.0,850.0,850.0,0.0
2000-12-27,825.0,825.0,825.0,0.0
2000-12-28,800.0,800.0,800.0,0.0
2000-12-29,789.0,789.0,784.3703703703703,0.0
2000-12-30,778.0,778.0,769.3731138545953,0.0
2000-12-31,767.0,767.0,754.9496773865773,0.0
2001-01-01,756.0,756.0,741.0469294804127,0.0
2001-01-02,745.0,745.0,727.6166582322263,0.0
2001-01-03,734.0,734.0,714.6151158033164,0.0
2001-01-04,723.0,723.0,702.0026050807871,0.0
2001-01-05,712.0,712.0,689.7431046103438,0.0
2001-01-06,701.0,701.0,677.8039282575342,0.0
2001-01-07,690.0,690.0,666.1554163818366,0.0
2001-01-08,712.0,690.825,657.215100050185,21.175
2001-01-09,750.0,693.838125,651.9174056010937,56.16187500000001
2001-01-10,694.0,694.0,642.962090267659,0.0
2001-01-11,664.0,664.0,632.6137485762091,0.0
2001-01-12,715.0,665.9125,627.0013644487823,49.0875
2001-01-13,775.0,671.8440625000001,626.3530899627839,103.1559375
2001-01-14,750.0,678.6432578125,623.912989040304,71.3567421875
2001-01-15,712.0,682.5700134765625,618.8840085736091,29.429986523437506
2001-01-16,705.0,684.5147624658204,613.8021559279044,20.485237534179692
2001-01-17,696.0,685.7136552808838,608.5241785271726,10.286344719116217
2001-01-18,736.0,687.9851311348175,606.6978657005825,48.0148688651825
2001-01-19,1860.0,733.736246299706,688.2999151727508,1126.263753700294
2001-01-20,4110.0,902.5810278272279,929.0128859900889,3207.418972172772
2001-01-21,2700.0,1090.2624507401856,1042.99317432434,1609.7375492598144
2001-01-22,1880.0,1180.2427669346716,1085.678991516531,699.7572330653284
2001-01-23,1600.0,1222.224559414571,1103.6716774872225,377.7754405854288
2001-01-24,1390.0,1242.6827174584782,1104.442818460628,147.31728254152165
2001-01-25,1260.0,1248.8565136490924,1095.5129278624217,11.143486350907523
2001-01-26,1120.0,1120.0,1077.0395086159012,0.0
2001-01-27,1050.0,1050.0,1050.0,0.0
2001-01-28,997.0,997.0,997.0,0.0
2001-01-29,969.0,969.0,969.0,0.0
2001-01-30,1130.0,975.0375,962.9814814814814,154.9625
2001-01-31,1440.0,998.2846875,980.483196159122,441.7153125
2001-02-01,1170.0,1021.2883359375,976.3643816999441,148.7116640625
2001-02-02,1030.0,1027.1917107421875,962.2565685795789,2.808289257812504
2001-02-03,964.0,964.0,944.5661455629512,0.0
2001-02-04,916.0,916.0,916.0,0.0
2001-02-05,880.0,880.0,880.0,0.0
2001-02-06,862.0,862.0,862.0,0.0
2001-02-07,824.0,824.0,824.0,0.0
2001-02-08,801.0,801.0,801.0,0.0
2001-02-09,792.0,792.0,785.4999999999999,0.0
2001-02-10,844.0,793.95,775.287037037037,50.050000000000004
2001-02-11,842.0,797.62875,765.8715706447188,44.37125000000001
2001-02-12,838.0,800.80659375,757.0316103998373,37.19340625000001
2001-02-13,859.0,804.38359921875,750.5657205480005,54.61640078125001
2001-02-14,1060.0,816.0173292773437,759.5874130898524,243.98267072265628
2001-02-15,1090.0,835.4410295815429,769.9959859519032,254.55897041845708
2001-02-16,1100.0,854.9079523629272,780.1815428082084,245.0920476370728
2001-02-17,1780.0,898.7898559357077,839.7943629185595,881.2101440642923
2001-02-18,1690.0,961.5056167405296,887.2208107964707,728.4943832594704
2001-02-19,1370.0,1004.1426954849899,906.5522172042049,365.8573045150101
2001-02-20,1190.0,1024.8319933236157,910.7603452408525,165.16800667638438
2001-02-21,1140.0,1035.3445938243444,910.8751280889217,104.65540617565557
2001-02-22,1180.0,1044.6937492875186,913.9422458584661,135.30625071248141
2001-02-23,1390.0,1062.7167180909546,932.280926797497,327.2832819090453
2001-02-24,1300.0,1083.887964234133,942.254915056988,216.1120357658669
2001-02-25,1830.0,1119.971366916573,990.564645144304,710.0286330834269
2001-02-26,3280.0,1227.59851439783,1141.8086594827946,2052.40148560217
2001-02-27,2420.0,1349.2786258179926,1215.3448947158693,1070.7213741820074
2001-02-28,1920.0,1410.832728881643,1245.0351822421778,509.1672711183569
2001-03-01,1690.0,1440.3952742155197,1254.939332034569,249.60472578448014
2001-03-02,1570.0,1454.6156286493558,1255.037542031368,115.38437135064413
2001-03-03,1500.0,1460.644456500654,1249.94147332476,39.35554349934583
2001-03-04,1600.0,1467.3461222631051,1252.7246702391342,132.65387773689488
2001-03-05,1660.0,1479.5451630933721,1259.694608179955,180.45483690662778
2001-03-06,1500.0,1487.0792758613693,1254.1673296447739,12.920724138630703
2001-03-07,1340.0,1340.0,1237.2999843072948,0.0
2001-03-08,1260.0,1260.0,1216.0685042788416,0.0
2001-03-09,1220.0,1220.0,1193.8399390678378,0.0
2001-03-10,1140.0,1140.0,1140.0,0.0
2001-03-11,1090.0,1090.0,1090.0,0.0
2001-03-12,1080.0,1080.0,1069.0740740740741,0.0
2001-03-13,1450.0,1093.875,1077.4931412894377,356.125
2001-03-14,1620.0,1126.959375,1097.725257836712,493.04062500000003
2001-03-15,1870.0,1173.312421875,1134.6025487777572,696.6875781250001
2001-03-16,2450.0,1247.313990234375,1211.0282387057428,1202.686009765625
2001-03-17,2030.0,1321.7654409667969,1249.2663647515074,708.2345590332031
2001-03-18,1740.0,1364.0080328942872,1262.4824420893308,375.9919671057129
2001-03-19,1590.0,1386.5824304272155,1263.3636974514297,203.41756957278443
2001-03-20,1640.0,1403.7137481451743,1267.8670587985196,236.2862518548256
2001-03-21,2610.0,1457.8102170342863,1343.805294094953,1152.1897829657137
2001-03-22,3370.0,1572.7244507567148,1469.0085076046796,1797.2755492432852
2001-03-23,3380.0,1707.895116949961,1583.3595717153576,1672.104883050039
2001-03-24,2850.0,1813.427983178714,1647.8633150750468,1036.572016821286
2001-03-25,2560.0,1880.2958844403104,1684.9130081236535,679.7041155596896
2001-03-26,2320.0,1922.273693107287,1700.7543962603525,397.72630689271296
2001-03-27,2070.0,1942.7281661242405,1696.6104706806905,127.27183387575951
2001-03-28,1890.0,1890.0,1679.5169085806265,0.0
2001-03-29,2240.0,1903.125,1689.9320096379759,336.875
2001-03-30,5410.0,2047.265625,1934.1975643011265,3362.734375
2001-03-31,4580.0,2268.345703125,2094.3644564954666,2311.654296875
2001-04-01,3300.0,2393.719775390625,2144.8862660792197,906.2802246093752
2001-04-02,2750.0,2441.065792236328,2149.9893895904033,308.93420776367213
2001-04-03,2460.0,2453.360857818603,2133.1385201838843,6.639142181396721
2001-04-04,2400.0,2400.0,2113.4034720187096,0.0
2001-04-05,2210.0,2210.0,2081.4216690540143,0.0
2001-04-06,2060.0,2060.0,2041.2900330304942,0.0
2001-04-07,1960.0,1960.0,1960.0,0.0
2001-04-08,1850.0,1850.0,1850.0,0.0
2001-04-09,1760.0,1760.0,1760.0,0.0
2001-04-10,1680.0,1680.0,1680.0,0.0
2001-04-11,1620.0,1620.0,1620.0,0.0
2001-04-12,1570.0,1570.0,1570.0,0.0
2001-04-13,1680.0,1574.125,1549.074074074074,105.875
2001-04-14,1660.0,1581.315625,1528.6042524005484,78.684375
2001-04-15,1610.0,1585.341953125,1506.3260808819791,24.65804687500001
2001-04-16,1590.0,1586.441306640625,1484.6292215410551,3.5586933593750096
2001-04-17,1480.0,1480.0,1456.7931825094759,0.0
2001-04-18,1350.0,1350.0,1350.0,0.0
2001-04-19,1280.0,1280.0,1280.0,0.0
2001-04-20,1200.0,1200.0,1200.0,0.0
2001-04-21,1140.0,1140.0,1140.0,0.0
2001-04-22,1100.0,1100.0,1100.0,0.0
2001-04-23,1060.0,1060.0,1060.0,0.0
2001-04-24,1020.0,1020.0,1020.0,0.0
2001-04-25,1030.0,1020.375,1001.8518518518518,9.625
2001-04-26,1070.0,1022.596875,988.3470507544581,47.403125
2001-04-27,989.0,989.0,970.0926942031193,0.0
2001-04-28,921.0,921.0,921.0,0.0
2001-04-29,875.0,875.0,875.0,0.0
2001-04-30,856.0,856.0,856.0,0.0
2001-05-01,950.0,859.525,847.1111111111111,90.47500000000001
2001-05-02,857.0,857.0,832.1563786008231,0.0
2001-05-03,831.0,831.0,816.6604176192656,0.0
2001-05-04,778.0,778.0,778.0,0.0
2001-05-05,756.0,756.0,756.0,0.0
2001-05-06,747.0,747.0,741.3333333333333,0.0
2001-05-07,771.0,747.9,729.8024691358023,23.1
2001-05-08,738.0,738.0,716.8948331047095,0.0
2001-05-09,727.0,727.0,704.3675337431623,0.0
2001-05-10,723.0,723.0,692.7038732113881,0.0
2001-05-11,713.0,713.0,681.3794405066299,0.0
2001-05-12,725.0,713.45,671.9924552745346,11.55
2001-05-13,717.0,714.01625,662.8820427491147,2.9837500000000015
2001-05-14,692.0,692.0,652.7633350871596,0.0
2001-05-15,633.0,633.0,633.0,0.0
2001-05-16,608.0,608.0,608.0,0.0
2001-05-17,600.0,600.0,596.1481481481482,0.0
2001-05-18,649.0,601.8375,589.0233196159122,47.1625
2001-05-19,827.0,612.0496875,595.7433826144389,214.95031250000002
2001-05-20,1030.0,635.7834609375,616.8782545945835,394.21653906250003
2001-05-21,889.0,660.0622013671874,625.6117495395295,228.93779863281256
2001-05-22,842.0,675.4700362646483,630.055106063647,166.52996373535163
2001-05-23,1260.0,703.6347835447998,665.0500036503464,556.3652164552002
2001-05-24,998.0,735.5371747789397,677.3972255345736,262.4628252210602
2001-05-25,1120.0,759.7968866705194,697.6382231702613,360.2031133294807
2001-05-26,1650.0,806.6871201702304,755.2643136174595,843.3128798297696
2001-05-27,1290.0,856.435586157463,780.8879882825096,433.56441384253696
2001-05-28,871.0,871.0,773.1020634415364,0.0
2001-05-29,864.0,864.0,765.5185390488015,0.0
2001-05-30,825.0,825.0,755.7483039516902,0.0
2001-05-31,723.0,723.0,723.0,0.0
2001-06-01,780.0,725.1375,713.8333333333334,54.862500000000004
2001-06-02,1300.0,748.7521875,744.0339506172841,551.2478125
2001-06-03,1120.0,783.3457734374999,758.1048811156837,336.6542265625
2001-06-04,799.0,796.5573404296874,747.0951699012686,2.4426595703125145
2001-06-05,727.0,727.0,727.0,0.0
2001-06-06,683.0,683.0,683.0,0.0
2001-06-07,769.0,686.225,676.7222222222222,82.775
2001-06-08,812.0,694.045625,674.2109053497942,117.95437500000001
2001-06-09,842.0,704.0172031249999,674.154340039628,137.98279687500002
2001-06-10,743.0,710.653412890625,666.7696789248477,32.34658710937502
2001-06-11,699.0,699.0,656.8095234688432,0.0
2001-06-12,647.0,647.0,643.9197527772835,0.0
2001-06-13,607.0,607.0,607.0,0.0
2001-06-14,591.0,591.0,591.0,0.0
2001-06-15,646.0,593.0625,584.1296296296297,52.9375
2001-06-16,783.0,602.1703125,588.0435528120713,180.8296875
2001-06-17,617.0,609.5075390625,579.2987794035462,7.492460937499999
2001-06-18,556.0,556.0,556.0,0.0
2001-06-19,495.0,495.0,495.0,0.0
2001-06-20,469.0,469.0,469.0,0.0
2001-06-21,560.0,472.4125,467.05555555555554,87.5875
2001-06-22,971.0,494.39406249999996,495.73559670781896,476.60593750000004
2001-06-23,1080.0,534.2270078125,529.8341525682062,545.7729921875
2001-06-24,994.0,571.9349822265625,554.4050643674464,422.0650177734375
2001-06-25,787.0,595.8273585595703,561.3675584074977,191.1726414404297
2001-06-26,857.0,612.7903066676025,572.8705622586554,244.20969333239748
2001-06-27,933.0,633.9560336675323,588.9381027902614,299.0439663324677
2001-06-28,870.0,654.0218311424674,598.8512414207927,215.97816885753264
2001-06-29,796.0,667.4451938067823,602.365015363312,128.5548061932177
2001-06-30,824.0,678.1368042712736,607.627513940783,145.86319572872637
2001-07-01,940.0,693.4265439509281,620.9953367240439,246.5734560490719
2001-07-02,987.0,713.6820531546084,636.6068796199658,273.31794684539153
2001-07-03,1170.0,741.0433991680128,664.3284648403393,428.9566008319872
2001-07-04,1980.0,803.5901442304119,749.4832366143821,1176.4098557695881
2001-07-05,1860.0,887.320883413131,817.8644184093469,972.679116586869
2001-07-06,1220.0,936.2718171571462,832.5066018899629,283.7281828428538
2001-07-07,959.0,947.7639308703602,826.459694307559,11.236069129639787
2001-07-08,883.0,883.0,815.3430559457479,0.0
2001-07-09,879.0,879.0,804.9594396544749,0.0
2001-07-10,852.0,852.0,793.5372693160975,0.0
2001-07-11,815.0,815.0,780.431966601644,0.0
2001-07-12,765.0,765.0,764.8364141385288,0.0
2001-07-13,937.0,771.45,763.4256350516279,165.55
2001-07-14,834.0,780.00375,754.5158540283289,53.99625000000002
2001-07-15,701.0,701.0,701.0,0.0
2001-07-16,640.0,640.0,640.0,0.0
2001-07-17,627.0,627.0,627.0,0.0
2001-07-18,612.0,612.0,612.0,0.0
2001-07-19,668.0,614.1,604.8148148148148,53.9
2001-07-20,966.0,629.3175,620.3689986282579,336.6825
2001-07-21,1220.0,664.0936875,653.2977950515674,555.9063125
2001-07-22,927.0,694.7991609374999,661.4739251393853,232.20083906250005
2001-07-23,782.0,706.7767238671875,658.152265404257,75.22327613281257
2001-07-24,736.0,710.6934695771483,651.7307593483073,25.30653042285163
2001-07-25,838.0,716.4164593588622,653.4593927419826,121.58354064113776
2001-07-26,2030.0,770.2352249069477,743.3242637843916,1259.7647750930523
2001-07-27,1580.0,847.8425830389265,791.5349801006518,732.1574169610735
2001-07-28,1190.0,888.129389311007,806.3928523135544,301.870610688993
2001-07-29,1440.0,920.1446851126815,838.3935141363735,519.8553148873185
2001-07-30,1670.0,967.7588337292303,884.4681887533759,702.2411662707697
2001-07-31,1380.0,1009.551921199538,904.7952083132485,370.448078800462
2001-08-01,1260.0,1032.8355271095727,914.3512075435033,227.16447289042736
2001-08-02,1310.0,1051.7478625763547,926.7260957339196,258.2521374236453
2001-08-03,1220.0,1067.741772883128,931.2884942770752,152.25822711687192
2001-08-04,1840.0,1102.4111399168935,981.3543744366052,737.5888600831065
2001-08-05,1440.0,1142.7303044231264,997.1548953221047,297.2696955768736
2001-08-06,1440.0,1165.0255315913919,1011.4924050145024,274.97446840860806
2001-08-07,1400.0,1184.1486167220376,1021.5394045501965,215.85138327796247
2001-08-08,1340.0,1198.0874704678847,1026.2116819066598,141.9125295321153
2001-08-09,1210.0,1203.8559101827934,1020.8217113597468,6.144089817206634
2001-08-10,1110.0,1110.0,1008.5234047523628,0.0
2001-08-11,1070.0,1070.0,994.4008672752921,0.0
2001-08-12,1010.0,1010.0,977.1415277127651,0.0
2001-08-13,972.0,972.0,958.6654603319535,0.0
2001-08-14,1080.0,976.05,949.9001399308468,103.95
2001-08-15,1200.0,988.34625,950.8353121594721,211.65375
2001-08-16,974.0,974.0,934.9431536261875,0.0
2001-08-17,871.0,871.0,871.0,0.0
2001-08-18,931.0,873.25,859.3148148148148,57.75
2001-08-19,852.0,852.0,842.8597393689985,0.0
2001-08-20,789.0,789.0,789.0,0.0
2001-08-21,722.0,722.0,722.0,0.0
2001-08-22,644.0,644.0,644.0,0.0
2001-08-23,617.0,617.0,617.0,0.0
2001-08-24,820.0,624.6125,620.6111111111112,195.38750000000002
2001-08-25,787.0,638.0290625,621.4434156378602,148.97093750000005
2001-08-26,677.0,645.0768828124999,614.0505067825027,31.923117187500054
2001-08-27,710.0,648.7086166015624,609.786570969308,61.291383398437546
2001-08-28,860.0,658.9304703564453,617.0285551388165,201.06952964355474
2001-08-29,1070.0,681.8856850797118,639.1555407741114,388.11431492028817
2001-08-30,822.0,701.6942586987334,640.8633610728048,120.30574130126658
2001-08-31,807.0,710.1546892963285,641.3019387512487,96.84531070367159
2001-09-01,750.0,715.2805875991038,637.4776851631701,34.71941240089621
2001-09-02,800.0,719.759543529171,637.711232833247,80.240456470829
2001-09-03,945.0,731.2150777644831,648.6638964597981,213.78492223551683
2001-09-04,1380.0,763.561446932147,690.8246467875947,616.438553067853
2001-09-05,1300.0,806.7943384122359,723.1556980109656,493.2056615877641
2001-09-06,1100.0,836.2847630313181,737.6783185655058,263.71523696868184
2001-09-07,920.0,849.3134058039693,737.5229186983294,70.68659419603071
2001-09-08,800.0,800.0,728.4930188188545,0.0
2001-09-09,720.0,720.0,714.3732948541457,0.0
2001-09-10,920.0,727.5,716.3757675528358,192.5
2001-09-11,800.0,737.4375,709.3039372238695,62.5625
2001-09-12,810.0,742.5046875,703.6276467401779,67.49531250000001
2001-09-13,700.0,700.0,690.3287905605317,0.0
2001-09-14,660.0,660.0,660.0,0.0
2001-09-15,720.0,662.25,652.2222222222222,57.75
2001-09-16,700.0,665.83125,643.6831275720165,34.16875
2001-09-17,620.0,620.0,620.0,0.0
2001-09-18,580.0,580.0,580.0,0.0
2001-09-19,570.0,570.0,568.5185185185185,0.0
2001-09-20,610.0,571.5,561.0631001371742,38.5
2001-09-21,1150.0,594.6375,594.2979982726209,555.3625
2001-09-22,960.0,629.1646875,610.3815169510821,330.8353125
2001-09-23,740.0,645.7273359375,608.6795246407967,94.27266406249998
2001-09-24,1500.0,681.2977857421876,663.4314205073896,818.7022142578124
2001-09-25,2400.0,776.4504518115234,779.7803630530018,1623.5495481884766
2001-09-26,1690.0,871.5916679256591,832.7636627703164,818.4083320743409
2001-09-27,1260.0,916.8472928312347,848.9892495508427,343.15270716876535
2001-09-28,1110.0,936.958745868892,852.6013560739128,173.04125413110796
2001-09-29,1010.0,946.1868399287251,848.4716008818839,63.813160071274865
2001-09-30,939.0,939.0,839.4649711705982,0.0
2001-10-01,890.0,890.0,827.6626590251725,0.0
2001-10-02,854.0,854.0,814.2864868932121,0.0
2001-10-03,803.0,803.0,798.3710714401368,0.0
2001-10-04,788.0,788.0,782.8181944549389,0.0
2001-10-05,771.0,771.0,767.4461394128149,0.0
2001-10-06,747.0,747.0,747.0,0.0
2001-10-07,762.0,747.5625,734.2777777777778,14.4375
2001-10-08,751.0,748.2328125,721.9187242798355,2.7671875000000004
2001-10-09,709.0,709.0,707.5929164761471,0.0
2001-10-10,680.0,680.0,680.0,0.0
2001-10-11,685.0,680.1875,667.7777777777778,4.8125
2001-10-12,720.0,681.8609375,659.2798353909466,38.1390625
2001-10-13,781.0,687.0088671875,656.087258039933,93.9911328125
2001-10-14,1080.0,705.2707021484375,675.3384378510503,374.72929785156254
2001-10-15,2190.0,775.0003994873045,775.0293232352125,1414.9996005126955
2001-10-16,1600.0,859.0003695257567,821.7858673801003,740.9996304742433
2001-10-17,1140.0,897.325341811325,830.1390278078687,242.67465818867504
2001-10-18,984.0,909.6759411754756,826.1631918997326,74.32405882452443
2001-10-19,920.0,912.8502455873149,817.8147482053129,7.149754412685091
2001-10-20,875.0,875.0,806.9059752233394,0.0
2001-10-21,859.0,859.0,795.8220886285857,0.0
2001-10-22,836.0,836.0,784.0607841259388,0.0
2001-10-23,811.0,811.0,771.5366374476109,0.0
2001-10-24,806.0,806.0,759.8017636098692,0.0
2001-10-25,794.0,794.0,748.264563275622,0.0
2001-10-26,768.0,768.0,735.8696963056569,0.0
2001-10-27,754.0,754.0,723.5854651662443,0.0
2001-10-28,736.0,736.0,711.1053295027032,0.0
2001-10-29,734.0,734.0,699.6326138080084,0.0
2001-10-30,733.0,733.0,689.148112529489,0.0
2001-10-31,738.0,733.1875,680.0047687767586,4.8125
2001-11-01,773.0,734.8609375,674.3006235196514,38.1390625
2001-11-02,756.0,737.0838671875,667.8653806011652,18.9161328125
2001-11-03,695.0,695.0,657.5074749899461,0.0
2001-11-04,675.0,675.0,646.6271532316177,0.0
2001-11-05,655.0,655.0,635.2727871916532,0.0
2001-11-06,649.0,649.0,624.5253068961297,0.0
2001-11-07,669.0,649.75,616.254445146488,19.25
2001-11-08,677.0,651.49375,609.3419965218133,25.50625
2001-11-09,677.0,653.40671875,603.0695894364602,23.593281250000004
2001-11-10,643.0,643.0,594.8594422664175,0.0
2001-11-11,635.0,635.0,586.8169013158233,0.0
2001-11-12,631.0,631.0,579.2227437865804,0.0
2001-11-13,651.0,631.75,573.8132304730082,19.25
2001-11-14,674.0,634.05625,570.6083017255074,39.94375
2001-11-15,649.0,636.11453125,565.8482737879605,12.885468750000001
2001-11-16,632.0,632.0,560.2697299187049,0.0
2001-11-17,610.0,610.0,553.5780882595656,0.0
2001-11-18,604.0,604.0,547.0615986059021,0.0
2001-11-19,604.0,604.0,541.1484876238741,0.0
2001-11-20,603.0,603.0,535.7088128438858,0.0
2001-11-21,600.0,600.0,530.5505894324149,0.0
2001-11-22,596.0,596.0,525.5736830034875,0.0
2001-11-23,618.0,596.825,522.687230873535,21.175
2001-11-24,1000.0,612.738125,548.3643391259855,387.26187500000003
2001-11-25,1650.0,666.1577656249999,619.8120855032091,983.8422343750001
2001-11-26,1550.0,736.1959332031249,677.2368924010602,813.8040667968751
2001-11-27,1260.0,786.3562382128905,707.8631060676288,473.6437617871095
2001-11-28,1050.0,814.0045203469238,720.0980036539594,235.9954796530763
2001-11-29,999.0,829.7916813209044,727.422262574889,169.20831867909558
2001-11-30,1020.0,843.2698052218366,735.623904929066,176.73019477816342
2001-12-01,1070.0,858.3995698301989,746.7698396578562,211.60043016980117
2001-12-02,1040.0,873.1446020929338,754.6615211710177,166.8553979070661
2001-12-03,918.0,881.0837569359638,752.7854543959236,36.91624306403615
2001-12-04,861.0,861.0,746.86087528519,0.0
2001-12-05,812.0,812.0,737.8552386847094,0.0
2001-12-06,800.0,800.0,728.7945684361251,0.0
2001-12-07,799.0,799.0,720.4987750624099,0.0
2001-12-08,787.0,787.0,712.0822218158905,0.0
2001-12-09,779.0,779.0,703.8523864625673,0.0
2001-12-10,864.0,782.1875,702.6808691975148,81.8125
2001-12-11,1550.0,814.0484375,752.4326405681152,735.9515625
2001-12-12,1540.0,868.8698046874999,796.837025700697,671.1301953125001
2001-12-13,1280.0,909.4545693359374,817.870634432114,370.54543066406256
2001-12-14,1290.0,937.6204766357421,837.6974275402516,352.37952336425786
2001-12-15,1270.0,963.2989408880615,854.2069249902283,306.70105911193855
2001-12-16,1190.0,983.3015203214568,863.261839342985,206.69847967854315
2001-12-17,1170.0,998.0539062973476,869.9968542186346,171.94609370265243
2001-12-18,1770.0,1033.4498633250464,920.5527010502425,736.5501366749535
2001-12-19,1810.0,1090.191123575668,969.3904139159608,719.808876424332
2001-12-20,1480.0,1131.801789307493,989.2616718867054,348.19821069250713
2001-12-21,1300.0,1151.1666551094308,993.9596652305289,148.8333448905691
2001-12-22,1190.0,1158.2041559762235,990.074511042517,31.795844023776425
2001-12-23,1150.0,1150.0,983.586130390432,0.0
2001-12-24,1200.0,1151.875,981.4022294283549,48.125
2001-12-25,1350.0,1161.109375,990.5316526294332,188.890625
2001-12-26,1190.0,1169.276171875,986.9639070155968,20.72382812500001
2001-12-27,1130.0,1130.0,979.2820637734119,0.0
2001-12-28,1080.0,1080.0,968.6077986092071,0.0
2001-12-29,1030.0,1030.0,955.2181876268731,0.0
2001-12-30,998.0,998.0,940.6979850688294,0.0
2001-12-31,964.0,964.0,925.0037271920859,0.0
2002-01-01,923.0,923.0,907.7256043039297,0.0
2002-01-02,887.0,887.0,887.0,0.0
2002-01-03,875.0,875.0,869.6851851851851,0.0
2002-01-04,862.0,862.0,853.0106310013715,0.0
2002-01-05,862.0,862.0,837.880017019763,0.0
2002-01-06,1060.0,869.425,838.8170524808961,190.57500000000002
2002-01-07,1540.0,901.718125,875.2228809548873,638.281875
2002-01-08,1300.0,940.5892656249999,890.4800216072125,359.41073437500006
2002-01-09,1130.0,961.1700707031249,891.7318714583965,168.8299292968751
2002-01-10,1080.0,971.9573154003906,889.1641055826192,108.04268459960946
2002-01-11,1020.0,977.8105167453613,882.3896513620062,42.18948325463876
2002-01-12,994.0,979.9997279894592,874.3165354951539,14.00027201054085
2002-01-13,957.0,957.0,864.2501896159729,0.0
2002-01-14,932.0,932.0,853.2640609478273,0.0
2002-01-15,906.0,906.0,841.3692404896951,0.0
2002-01-16,872.0,872.0,828.0572737776864,0.0
2002-01-17,857.0,857.0,814.8667854649376,0.0
2002-01-18,860.0,857.1125,803.1198608848508,2.8875
2002-01-19,1190.0,869.7040625,816.9050589510683,320.2959375
2002-01-20,2250.0,933.4762578125001,907.932368307451,1316.5237421875
2002-01-21,2150.0,1028.4655384765624,983.1238156863908,1121.5344615234376
2002-01-22,1900.0,1103.2056230908202,1032.8345734932066,796.7943769091798
2002-01-23,2300.0,1177.9652013590085,1107.5721129845765,1122.0347986409915
2002-01-24,3260.0,1298.1178112570828,1246.5006210415602,1961.8821887429172
2002-01-25,3440.0,1452.0089754128016,1385.8987116858602,1987.9910245871984
2002-01-26,2980.0,1583.8583022568414,1478.3154976408732,1396.1416977431586
2002-01-27,2320.0,1663.8189295875782,1513.2862848963482,656.1810704124218
2002-01-28,1980.0,1700.2825098685098,1519.833851109649,279.7174901314902
2002-01-29,1770.0,1713.3863216283717,1510.2196056365333,56.61367837162845
2002-01-30,1630.0,1630.0,1491.1251977072247,0.0
2002-01-31,1530.0,1530.0,1466.391383104704,0.0
2002-02-01,1470.0,1470.0,1439.5032920764907,0.0
2002-02-02,1420.0,1420.0,1411.4011354027416,0.0
2002-02-03,1340.0,1340.0,1340.0,0.0
2002-02-04,1280.0,1280.0,1280.0,0.0
2002-02-05,1200.0,1200.0,1200.0,0.0
2002-02-06,1180.0,1180.0,1176.2962962962963,0.0
2002-02-07,1660.0,1198.0,1190.3429355281207,462.0
2002-02-08,2290.0,1256.275,1249.7556266829245,1033.725
2002-02-09,1840.0,1316.9293750000002,1270.3338093974685,523.070625
2002-02-10,1630.0,1348.284671875,1273.4510492680733,281.715328125
2002-02-11,1560.0,1366.788321484375,1271.0944706321407,193.211678515625
2002-02-12,1450.0,1377.1541973730468,1260.8079455736092,72.84580262695314
2002-02-13,1380.0,1379.9926325700683,1246.2886913538305,0.007367429931662173
2002-02-14,1330.0,1330.0,1229.4101088210684,0.0
2002-02-15,1290.0,1290.0,1211.1313950413398,0.0
2002-02-16,1250.0,1250.0,1191.5821917967712,0.0
2002-02-17,1220.0,1220.0,1171.6208777415145,0.0
2002-02-18,1170.0,1170.0,1149.8041298024855,0.0
2002-02-19,1130.0,1130.0,1127.044488154107,0.0
2002-02-20,1110.0,1110.0,1104.910739250949,0.0
2002-02-21,1180.0,1112.625,1090.0115967277131,67.375
2002-02-22,1170.0,1117.303125,1075.7512636973695,52.696875000000006
2002-02-23,1100.0,1100.0,1057.6261466883539,0.0
2002-02-24,1060.0,1060.0,1038.216318291284,0.0
2002-02-25,1040.0,1040.0,1019.1222147457947,0.0
2002-02-26,1020.0,1020.0,1000.3146022693322,0.0
2002-02-27,995.0,995.0,981.3965835406904,0.0
2002-02-28,974.0,974.0,962.6746776572929,0.0
2002-03-01,951.0,951.0,943.9825778742102,0.0
2002-03-02,1060.0,955.0875,935.0953021451165,104.91250000000001
2002-03-03,2460.0,1015.4559374999999,1030.7346260205688,1444.5440625
2002-03-04,2190.0,1113.6717421874998,1097.5184569445903,1076.3282578125002
2002-03-05,1580.0,1171.5213615234375,1112.933414634906,408.47863847656265
2002-03-06,1410.0,1195.7822594091795,1114.3284688353779,214.21774059082048
2002-03-07,1320.0,1208.473589953491,1108.9276846839539,111.52641004650894
2002-03-08,1250.0,1214.2130707069791,1098.8417879539581,35.786929293020776
2002-03-09,1220.0,1215.7720904039559,1087.4675483285916,4.227909596044221
2002-03-10,1210.0,1210.0,1076.4057382981664,0.0
2002-03-11,1190.0,1190.0,1064.8866884557435,0.0
2002-03-12,1170.0,1170.0,1052.9527358209525,0.0
2002-03-13,1760.0,1192.125,1085.8274825041976,567.875
2002-03-14,2380.0,1257.9656249999998,1161.5841970871425,1122.0343750000002
2002-03-15,1860.0,1322.6182031249998,1191.8078825420369,537.3817968750002
2002-03-16,1670.0,1355.7968378906248,1205.1590045288854,314.2031621093752
2002-03-17,2000.0,1391.7370750488278,1241.7183559613961,608.2629249511722
2002-03-18,2450.0,1454.2317944201657,1308.2259155946,995.7682055798343
2002-03-19,2120.0,1516.5394098386532,1344.1309234099149,603.4605901613468
2002-03-20,1900.0,1553.5489541007541,1360.4150971682561,346.45104589924574
2002-03-21,2090.0,1586.6577825431978,1389.2655511341584,503.3422174568023
2002-03-22,2200.0,1628.533448852458,1423.592814918033,571.4665511475421
2002-03-23,1890.0,1659.7684401885235,1431.7786653885853,230.23155981147647
2002-03-24,1720.0,1670.6608071743842,1426.6139741489014,49.339192825615754
2002-03-25,1620.0,1620.0,1414.5200876536328,0.0
2002-03-26,1620.0,1620.0,1403.5460054634816,0.0
2002-03-27,1910.0,1630.875,1415.0695234761222,279.125
2002-03-28,1710.0,1644.309375,1410.7112342653702,65.69062500000001
2002-03-29,1550.0,1550.0,1394.9046385000581,0.0
2002-03-30,1850.0,1561.25,1402.7838386389417,288.75
2002-03-31,2190.0,1595.65625,1435.1186683945953,594.34375
2002-04-01,2240.0,1642.10703125,1468.1632361358365,597.89296875
2002-04-02,2020.0,1678.6990039062498,1481.8518253825184,341.3009960937501
2002-04-03,1810.0,1696.421578613281,1478.7173971063594,113.57842138671884
2002-04-04,1690.0,1690.0,1466.9843047816964,0.0
2002-04-05,1580.0,1580.0,1448.1894617463543,0.0
2002-04-06,1510.0,1510.0,1425.9496967698399,0.0
2002-04-07,1440.0,1440.0,1400.5839841059658,0.0
2002-04-08,1400.0,1400.0,1374.6039855776357,0.0
2002-04-09,1440.0,1401.5,1353.9925054315584,38.5
2002-04-10,2030.0,1426.5125,1378.9931993730806,603.4875
2002-04-11,2030.0,1471.7740625000001,1401.6790142459436,558.2259375
2002-04-12,1720.0,1502.0160078125,1399.3013277416896,217.9839921875
2002-04-13,1710.0,1517.9898072265626,1396.4030566544961,192.01019277343752
2002-04-14,1740.0,1533.5155716845702,1395.9953662235243,206.4844283154297
2002-04-15,1710.0,1547.8769038082276,1393.403202684309,162.1230961917725
2002-04-16,1640.0,1557.4111360226104,1385.8658691024284,82.58886397738956
2002-04-17,1550.0,1550.0,1372.3597701114627,0.0
2002-04-18,1680.0,1554.875,1369.7338654715122,125.125
2002-04-19,1620.0,1562.009375,1362.9066557056315,57.99062500000001
2002-04-20,1550.0,1550.0,1351.5264098069617,0.0
2002-04-21,1480.0,1480.0,1336.0147051952058,0.0
2002-04-22,1400.0,1400.0,1316.0133436030571,0.0
2002-04-23,1330.0,1330.0,1292.6787747509222,0.0
2002-04-24,1270.0,1270.0,1267.0603696813923,0.0
2002-04-25,1490.0,1278.25,1260.1103354516338,211.75
2002-04-26,1440.0,1292.25625,1250.1001192061121,147.74375
2002-04-27,1290.0,1290.0,1229.9056637240647,0.0
2002-04-28,1250.0,1250.0,1208.6181022681326,0.0
2002-04-29,1220.0,1220.0,1187.0793890951572,0.0
2002-04-30,1150.0,1150.0,1150.0,0.0
2002-05-01,1640.0,1168.375,1165.0,471.625
2002-05-02,1780.0,1208.996875,1188.9814814814815,571.003125
2002-05-03,1520.0,1242.0721093749999,1191.4831961591221,277.92789062500003
2002-05-04,2100.0,1284.666701171875,1236.7162335517962,815.3332988281251
2002-05-05,3080.0,1382.5666985839844,1350.3536193340374,1697.4333014160156
2002-05-06,2280.0,1479.8741961901856,1394.2097656919968,800.1258038098144
2002-05-07,1750.0,1520.0086314759214,1394.7458984982932,229.99136852407844
2002-05-08,1520.0,1520.0,1378.1953523410439,0.0
2002-05-09,1360.0,1360.0,1351.3254123094657,0.0
2002-05-10,1290.0,1290.0,1290.0,0.0
2002-05-11,1360.0,1292.625,1271.2962962962963,67.375
2002-05-12,1220.0,1220.0,1220.0,0.0
2002-05-13,1220.0,1220.0,1197.4074074074076,0.0
2002-05-14,1470.0,1229.375,1195.4252400548698,240.625
2002-05-15,1350.0,1242.921875,1184.7377178275672,107.078125
2002-05-16,1100.0,1100.0,1100.0,0.0
2002-05-17,1010.0,1010.0,1010.0,0.0
2002-05-18,1250.0,1019.0,1009.0740740740741,231.0
2002-05-19,1250.0,1036.325,1008.2338820301785,213.675
2002-05-20,1010.0,1010.0,989.693707768125,0.0
2002-05-21,943.0,943.0,943.0,0.0
2002-05-22,914.0,914.0,914.0,0.0
2002-05-23,861.0,861.0,861.0,0.0
2002-05-24,816.0,816.0,816.0,0.0
2002-05-25,784.0,784.0,784.0,0.0
2002-05-26,749.0,749.0,749.0,0.0
2002-05-27,855.0,752.975,742.9814814814815,102.025
2002-05-28,1480.0,784.0643749999999,783.8165294924554,695.9356250000001
2002-05-29,1040.0,819.759546875,788.2779619468577,220.24045312500004
2002-05-30,829.0,828.365080859375,776.6966691740005,0.6349191406250441
2002-05-31,766.0,766.0,761.5210516578893,0.0
2002-06-01,773.0,766.2625,748.269102430307,6.7375
2002-06-02,865.0,770.2178125,743.0590003534267,94.78218749999999
2002-06-03,724.0,724.0,724.0,0.0
2002-06-04,709.0,709.0,709.0,0.0
2002-06-05,1360.0,733.4125,744.0925925925926,626.5875
2002-06-06,1520.0,786.4065625,787.7877229080933,733.5934375
2002-06-07,1570.0,843.3010703125,831.1407115277144,726.6989296875
2002-06-08,1070.0,879.0534900390625,833.4424974973705,190.94650996093753
2002-06-09,862.0,862.0,820.1237477290954,0.0
2002-06-10,760.0,760.0,760.0,0.0
2002-06-11,700.0,700.0,700.0,0.0
2002-06-12,662.0,662.0,662.0,0.0
2002-06-13,649.0,649.0,648.7777777777778,0.0
2002-06-14,651.0,649.075,636.9279835390947,1.925
2002-06-15,651.0,649.219375,626.1753924706601,1.7806250000000001
2002-06-16,619.0,619.0,614.0480413159693,0.0
2002-06-17,588.0,588.0,588.0,0.0
2002-06-18,568.0,568.0,568.0,0.0
2002-06-19,547.0,547.0,547.0,0.0
2002-06-20,521.0,521.0,521.0,0.0
2002-06-21,510.0,510.0,510.0,0.0
2002-06-22,488.0,488.0,488.0,0.0
2002-06-23,481.0,481.0,478.44444444444446,0.0
2002-06-24,501.0,481.75,471.2551440329218,19.25
2002-06-25,541.0,484.69375,467.694482548392,56.306250000000006
2002-06-26,605.0,491.31671875,469.20425268280013,113.68328125000001
2002-06-27,1680.0,540.15546484375,550.2038589158742,1139.84453515625
2002-06-28,1920.0,634.6438049804688,641.4812793866266,1285.3561950195312
2002-06-29,978.0,695.7205196069336,654.5293090730502,282.27948039306636
2002-06-30,812.0,710.6664806364136,654.0728915662863,101.33351936358642
2002-07-01,705.0,705.0,645.7328090138524,0.0
2002-07-02,685.0,685.0,636.6834748459031,0.0
2002-07-03,705.0,685.75,629.9535234712824,19.25
2002-07-04,662.0,662.0,620.6615305572748,0.0
2002-07-05,645.0,645.0,610.9706480982679,0.0
2002-07-06,577.0,577.0,577.0,0.0
2002-07-07,526.0,526.0,526.0,0.0
2002-07-08,488.0,488.0,488.0,0.0
2002-07-09,457.0,457.0,457.0,0.0
2002-07-10,447.0,447.0,447.0,0.0
2002-07-11,612.0,453.1875,450.9444444444445,158.8125
2002-07-12,621.0,465.4359375,455.190329218107,155.5640625
2002-07-13,784.0,483.2157421875,471.11715058680085,300.7842578125
2002-07-14,912.0,510.57456152343747,495.05074775468967,401.42543847656253
2002-07-15,1110.0,548.1064694091796,531.4349377774037,561.8935305908204
2002-07-16,1010.0,586.4984842034911,557.0428139091256,423.5015157965089
2002-07-17,765.0,609.0735978882292,562.1314422508732,155.92640211177076
2002-07-18,661.0,616.868078046612,559.0451975980145,44.13192195338796
2002-07-19,601.0,601.0,551.8002718944947,0.0
2002-07-20,560.0,560.0,542.1891356079674,0.0
2002-07-21,532.0,532.0,531.3938452738963,0.0
2002-07-22,535.0,532.1125,521.8203410818688,2.8875
2002-07-23,497.0,497.0,497.0,0.0
2002-07-24,484.0,484.0,484.0,0.0
2002-07-25,573.0,487.3375,481.6296296296296,85.66250000000001
2002-07-26,747.0,500.28718749999996,492.3676268861454,246.7128125
2002-07-27,593.0,513.0156484375,490.7039577300208,79.98435156250002
2002-07-28,789.0,526.3644748046875,503.71285053279666,262.63552519531254
2002-07-29,662.0,541.2996391943359,506.109808816797,120.70036080566412
2002-07-30,539.0,539.0,499.1737154078343,0.0
2002-07-31,457.0,457.0,457.0,0.0
2002-08-01,429.0,429.0,429.0,0.0
2002-08-02,413.0,413.0,413.0,0.0
2002-08-03,431.0,413.675,406.68518518518516,17.325
2002-08-04,401.0,401.0,398.73285322359396,0.0
2002-08-05,392.0,392.0,390.85018162881676,0.0
2002-08-06,372.0,372.0,372.0,0.0
2002-08-07,343.0,343.0,343.0,0.0
2002-08-08,327.0,327.0,327.0,0.0
2002-08-09,316.0,316.0,316.0,0.0
2002-08-10,307.0,307.0,307.0,0.0
2002-08-11,303.0,303.0,301.0185185185185,0.0
2002-08-12,306.0,303.1125,295.81310013717416,2.8875
2002-08-13,295.0,295.0,290.27485012447283,0.0
2002-08-14,281.0,281.0,281.0,0.0
2002-08-15,282.0,281.0375,275.8703703703704,0.9625
2002-08-16,396.0,285.3846875,279.6601508916324,110.6153125
2002-08-17,612.0,301.7808359375,299.09902580907385,310.2191640625
2002-08-18,585.0,324.0347732421875,314.7380049008263,260.9652267578125
2002-08-19,549.0,342.2571652490234,326.2622637063054,206.74283475097658
2002-08-20,605.0,359.86287785534665,340.8676096594253,245.13712214465335
2002-08-21,491.0,373.97316201619566,345.67616432058963,117.02683798380436
2002-08-22,401.0,379.375174864981,343.3728157723869,21.624825135019037
2002-08-23,350.0,350.0,337.50496246012887,0.0
2002-08-24,360.0,350.375,332.92116963974655,9.625
2002-08-25,379.0,351.809375,330.1692094879182,27.190625000000004
2002-08-26,409.0,354.973671875,329.8942826834813,54.026328125000006
2002-08-27,789.0,373.275646484375,357.7929602127886,415.724353515625
2002-08-28,799.0,404.82997299804686,383.8491676004934,394.17002700195314
2002-08-29,603.0,427.0427250231934,392.9742446745218,175.95727497680664
2002-08-30,457.0,434.7645206464539,390.4395923898439,22.23547935354614
2002-08-31,413.0,413.0,384.88037087226576,0.0
2002-09-01,397.0,397.0,378.6507069026115,0.0
2002-09-02,392.0,392.0,372.62749330051787,0.0
2002-09-03,375.0,375.0,365.9027254023217,0.0
2002-09-04,359.0,359.0,358.61543601321785,0.0
2002-09-05,344.0,344.0,344.0,0.0
2002-09-06,311.0,311.0,311.0,0.0
2002-09-07,280.0,280.0,280.0,0.0
2002-09-08,272.0,272.0,272.0,0.0
2002-09-09,257.0,257.0,257.0,0.0
2002-09-10,244.0,244.0,244.0,0.0
2002-09-11,230.0,230.0,230.0,0.0
2002-09-12,223.0,223.0,223.0,0.0
2002-09-13,215.0,215.0,215.0,0.0
2002-09-14,282.0,217.5125,215.98148148148144,64.4875
2002-09-15,797.0,241.66156249999995,255.0202331961591,555.3384375
2002-09-16,1270.0,301.0494453125,325.48132271503334,968.9505546875
2002-09-17,970.0,362.4707369140624,367.19601505623405,607.5292630859376
2002-09-18,611.0,394.57293164550777,378.45564329176796,216.42706835449223
2002-09-19,499.0,406.60496177209467,380.3764170610487,92.39503822790532
2002-09-20,451.0,411.73458963918756,378.56378585169233,39.265410360812425
2002-09-21,657.0,422.4044954162485,392.1782501246838,234.5955045837515
2002-09-22,1340.0,465.6116582600298,455.12470844647237,874.3883417399702
2002-09-23,1760.0,546.9407838905277,543.3539021088361,1213.0592161094723
2002-09-24,1120.0,613.920225098738,576.0063185802402,506.079774901262
2002-09-25,822.0,640.7012082163326,583.5612890820698,181.29879178366735
2002-09-26,1810.0,691.3486176001077,663.6019104633598,1118.6513823998923
2002-09-27,4710.0,883.9974712800995,951.046178013049,3826.0025287199005
2002-09-28,5310.0,1193.4476609340918,1256.3196800488781,4116.552339065908
2002-09-29,4540.0,1473.3140863640347,1476.2900800443526,3066.6859136359653
2002-09-30,2420.0,1623.8155298867318,1518.8558133735794,796.1844701132682
2002-10-01,1520.0,1520.0,1490.8136084315813,0.0
2002-10-02,1200.0,1200.0,1200.0,0.0
2002-10-03,1030.0,1030.0,1030.0,0.0
2002-10-04,889.0,889.0,889.0,0.0
2002-10-05,800.0,800.0,800.0,0.0
2002-10-06,757.0,757.0,757.0,0.0
2002-10-07,700.0,700.0,700.0,0.0
2002-10-08,668.0,668.0,668.0,0.0
2002-10-09,647.0,647.0,647.0,0.0
2002-10-10,637.0,637.0,634.2777777777778,0.0
2002-10-11,659.0,637.825,624.3631687242798,21.175
2002-10-12,661.0,639.488125,615.5147271757354,21.511875000000003
2002-10-13,636.0,636.0,605.6337339187228,0.0
2002-10-14,602.0,602.0,594.1491289262484,0.0
2002-10-15,775.0,608.4875,596.542728099744,166.51250000000002
2002-10-16,3190.0,711.5384374999999,777.603586609027,2478.4615625
2002-10-17,2910.0,886.9230546874996,921.1588100711542,2023.0769453125004
2002-10-18,1620.0,990.278825585937,955.8663276571585,629.721174414063
2002-10-19,1200.0,1021.7579136669917,956.2490750963104,178.24208633300827
2002-10-20,1020.0,1020.0,943.2630496244299,0.0
2002-10-21,923.0,923.0,923.0,0.0
2002-10-22,956.0,924.2375,908.3518518518518,31.7625
2002-10-23,875.0,875.0,875.0,0.0
2002-10-24,796.0,796.0,796.0,0.0
2002-10-25,762.0,762.0,762.0,0.0
2002-10-26,804.0,763.575,751.0,40.425000000000004
2002-10-27,851.0,768.369375,744.5,82.63062500000001
2002-10-28,780.0,771.904171875,733.3425925925926,8.095828125000011
2002-10-29,933.0,778.2488589843749,734.5516117969822,154.75114101562502
2002-10-30,1100.0,796.1176945605469,748.0190551491136,303.88230543945315
2002-10-31,1040.0,816.6588674685058,755.7950685612327,223.34113253149417
2002-11-01,910.0,828.5344524083679,753.2214511018593,81.46554759163212
2002-11-02,835.0,831.8318684777403,745.3305759998353,3.1681315222597135
2002-11-03,785.0,785.0,734.4666337776283,0.0
2002-11-04,755.0,755.0,722.3863899093294,0.0
2002-11-05,768.0,755.4875,712.38765010291,12.512500000000001
2002-11-06,1310.0,776.7509375,743.462867685974,533.2490625
2002-11-07,1470.0,822.7446171874999,783.5126021594948,647.2553828125001
2002-11-08,1100.0,857.4137708984374,792.4466204780601,242.5862291015626
2002-11-09,963.0,870.4702380810546,790.4052667300915,92.52976191894541
2002-11-10,929.0,876.1349702249755,786.0344086995274,52.8650297750245
2002-11-11,2090.0,923.6373474581023,868.0682597458675,1166.3626525418977
2002-11-12,3940.0,1080.4895463987446,1079.5434208805095,2859.5104536012554
2002-11-13,3150.0,1265.3278304188384,1212.9190300582402,1884.6721695811616
2002-11-14,2260.0,1373.3032431374254,1268.0191198676623,886.6967568625746
2002-11-15,1800.0,1422.5554999021183,1283.9432754354714,377.4445000978816
2002-11-16,3100.0,1499.6138374094594,1394.6892684507056,1600.3861625905406
2002-11-17,4750.0,1681.51779960375,1617.4032250756406,3068.48220039625
2002-11-18,3350.0,1859.1539646334686,1715.7918153464148,1490.8460353665314
2002-11-19,2530.0,1940.2174172859584,1744.3296102217466,589.7825827140416
2002-11-20,2170.0,1970.9511109895116,1743.5583500160292,199.04888901048855
2002-11-21,2040.0,1981.0047776652982,1733.2288731626932,58.99522233470191
2002-11-22,2030.0,1985.0544193404007,1723.1150886105918,44.945580659599266
2002-11-23,1810.0,1810.0,1697.6414692947963,0.0
2002-11-24,1660.0,1660.0,1660.0,0.0
2002-11-25,1570.0,1570.0,1570.0,0.0
2002-11-26,1500.0,1500.0,1500.0,0.0
2002-11-27,1440.0,1440.0,1440.0,0.0
2002-11-28,1380.0,1380.0,1380.0,0.0
2002-11-29,1330.0,1330.0,1330.0,0.0
2002-11-30,1300.0,1300.0,1300.0,0.0
2002-12-01,1250.0,1250.0,1250.0,0.0
2002-12-02,1210.0,1210.0,1210.0,0.0
2002-12-03,1190.0,1190.0,1186.1111111111109,0.0
2002-12-04,1210.0,1190.75,1165.9156378600821,19.25
2002-12-05,2050.0,1223.69375,1209.8123380582226,826.30625
2002-12-06,2850.0,1315.66671875,1308.903788238017,1534.33328125
2002-12-07,2100.0,1402.6167148437498,1343.2645485863486,697.3832851562502
2002-12-08,1760.0,1442.1704612304686,1349.2585718653904,317.8295387695314
2002-12-09,1620.0,1460.7576766381835,1344.327222618595,159.24232336181655
2002-12-10,1550.0,1470.0758508903198,1334.6672945983546,79.92414910968031
2002-12-11,2680.0,1518.4451620735458,1409.6055080614701,1161.5548379264542
2002-12-12,2740.0,1607.8117749180299,1482.049442500223,1132.1882250819701
2002-12-13,2770.0,1693.8508917991776,1550.0078274539062,1076.1491082008224
2002-12-14,3890.0,1816.562074914239,1694.6367323192853,2073.437925085761
2002-12-15,3010.0,1939.069919295671,1760.6888867341663,1070.930080704329
2002-12-16,2460.0,1998.7646753484955,1779.8843601847066,461.23532465150436
2002-12-17,2180.0,2022.8573246973583,1776.5617342416783,157.14267530264158
2002-12-18,1980.0,1980.0,1758.7319440341155,0.0
2002-12-19,1850.0,1850.0,1732.9234306976234,0.0
2002-12-20,3370.0,1907.0,1822.09718711451,1463.0
2002-12-21,3710.0,2029.475,1928.1992994187224,1680.525
2002-12-22,2700.0,2117.6393749999997,1949.6623272503223,582.3606250000003
2002-12-23,2350.0,2148.191421875,1943.2121117641811,201.80857812500028
2002-12-24,4650.0,2249.577065234375,2107.7295088230535,2400.422934765625
2002-12-25,6480.0,2498.2337853417966,2392.5693691172155,3981.7662146582034
2002-12-26,5130.0,2746.2412514411617,2551.035168273029,2383.7587485588383
2002-12-27,3300.0,2856.3981575830744,2559.272652692193,443.6018424169256
2002-12-28,2810.0,2810.0,2530.451110776249,0.0
2002-12-29,2540.0,2540.0,2484.2982301488187,0.0
2002-12-30,2350.0,2350.0,2350.0,0.0
2002-12-31,2200.0,2200.0,2200.0,0.0
2003-01-01,2620.0,2215.75,2190.37037037037,404.25
2003-01-02,2920.0,2257.31875,2203.8545953360763,662.6812500000001
2003-01-03,2760.0,2301.01984375,2204.2384291012545,458.98015625000016
2003-01-04,2570.0,2328.31835546875,2190.512648628916,241.68164453125019
2003-01-05,2350.0,2338.1944788085934,2161.761477459572,11.805521191406427
2003-01-06,2210.0,2210.0,2125.3020813985004,0.0
2003-01-07,2070.0,2070.0,2070.0,0.0
2003-01-08,1990.0,1990.0,1990.0,0.0
2003-01-09,1920.0,1920.0,1920.0,0.0
2003-01-10,1850.0,1850.0,1850.0,0.0
2003-01-11,1750.0,1750.0,1750.0,0.0
2003-01-12,1680.0,1680.0,1680.0,0.0
2003-01-13,1640.0,1640.0,1640.0,0.0
2003-01-14,1610.0,1610.0,1607.4074074074076,0.0
2003-01-15,1580.0,1580.0,1575.610425240055,0.0
2003-01-16,1530.0,1530.0,1530.0,0.0
2003-01-17,1550.0,1530.75,1503.148148148148,19.25
2003-01-18,1510.0,1510.0,1475.8196159122083,0.0
2003-01-19,1500.0,1500.0,1450.280762587004,0.0
2003-01-20,1500.0,1500.0,1427.106617903022,0.0
2003-01-21,1480.0,1480.0,1404.5967458749644,0.0
2003-01-22,1470.0,1470.0,1383.4303805161715,0.0
2003-01-23,1440.0,1440.0,1362.001641579489,0.0
2003-01-24,1410.0,1410.0,1340.3348229147214,0.0
2003-01-25,1390.0,1390.0,1319.1927096818767,0.0
2003-01-26,1380.0,1380.0,1299.267458785407,0.0
2003-01-27,1320.0,1320.0,1276.7426940830542,0.0
2003-01-28,1290.0,1290.0,1254.0813335198084,0.0
2003-01-29,1310.0,1290.75,1234.9997285642708,19.25
2003-01-30,1460.0,1297.81875,1228.796049993505,162.18125
2003-01-31,1540.0,1312.98234375,1229.0927120311435,227.01765625000002
2003-02-01,1430.0,1325.88366796875,1221.213757213445,104.11633203125004
2003-02-02,1360.0,1331.0673928710937,1208.879150064052,28.932607128906284
2003-02-03,1310.0,1310.0,1193.9829324655286,0.0
2003-02-04,1390.0,1313.0,1186.3919202002019,77.0
2003-02-05,1480.0,1322.15,1186.1704461075906,157.85000000000002
2003-02-06,1380.0,1330.23875,1178.5620714679987,49.76125000000002
2003-02-07,1420.0,1335.4708437499999,1174.6211389246655,84.52915625000003
2003-02-08,1420.0,1341.81053046875,1171.045107542752,78.18946953125003
2003-02-09,1340.0,1340.0,1161.8742642517566,0.0
2003-02-10,1340.0,1340.0,1153.5525731173348,0.0
2003-02-11,1400.0,1342.25,1150.4458533842483,57.75
2003-02-12,1360.0,1345.08125,1144.6638299227438,14.918750000000003
2003-02-13,1310.0,1310.0,1135.7134753002674,0.0
2003-02-14,1340.0,1311.125,1129.8140794391315,28.875
2003-02-15,1720.0,1327.540625,1152.6090720836564,392.459375
2003-02-16,1920.0,1364.475078125,1188.1082320759103,555.524921875
2003-02-17,2180.0,1415.889447265625,1239.5796920688817,764.110552734375
2003-02-18,2130.0,1471.322738720703,1282.5815724328743,658.6772612792969
2003-02-19,1910.0,1512.4735333166504,1305.3055009113118,397.52646668334967
2003-02-20,1810.0,1538.5380183179016,1318.5179545306348,271.46198168209844
2003-02-21,1720.0,1555.522666944059,1323.8403661481689,164.47733305594107
2003-02-22,5630.0,1714.4834669232546,1618.2995915048202,3915.5165330767454
2003-02-23,8820.0,2127.77220690401,2121.790370069189,6692.22779309599
2003-02-24,7160.0,2567.4392913862093,2455.698669136857,4592.560708613791
2003-02-25,4820.0,2824.131344532243,2585.3561997723336,1995.868655467757
2003-02-26,3130.0,2910.446493692325,2577.823218311932,219.5535063076752
2003-02-27,2970.0,2920.9130066654006,2559.135883283049,49.08699333459958
2003-02-28,2870.0,2870.0,2534.7714496457297,0.0
2003-03-01,2600.0,2600.0,2492.6629820859403,0.0
2003-03-02,2440.0,2440.0,2440.0,0.0
2003-03-03,2280.0,2280.0,2280.0,0.0
2003-03-04,2130.0,2130.0,2130.0,0.0
2003-03-05,2040.0,2040.0,2040.0,0.0
2003-03-06,3670.0,2101.125,2122.962962962963,1568.875
2003-03-07,3840.0,2225.1656249999996,2210.8367626886147,1614.8343750000001
2003-03-08,2910.0,2311.403203125,2221.685210587817,598.5967968750001
2003-03-09,2570.0,2343.547962890625,2206.3439873852412,226.45203710937517
2003-03-10,2360.0,2352.656865673828,2176.867692256978,7.3431343261720485
2003-03-11,2190.0,2190.0,2137.5280911220725,0.0
2003-03-12,2080.0,2080.0,2080.0,0.0
2003-03-13,1990.0,1990.0,1990.0,0.0
2003-03-14,1920.0,1920.0,1920.0,0.0
2003-03-15,1860.0,1860.0,1860.0,0.0
2003-03-16,2530.0,1885.125,1875.185185185185,644.875
2003-03-17,2520.0,1933.115625,1888.2235939643344,586.884375
2003-03-18,2330.0,1970.006953125,1885.9806685972662,359.993046875
2003-03-19,2580.0,2006.381431640625,1902.463940023445,573.6185683593751
2003-03-20,6170.0,2184.027824267578,2183.346908539793,3985.972175732422
2003-03-21,7300.0,2525.3507374475103,2521.9258984898124,4774.64926255249
2003-03-22,6120.0,2839.1994321389466,2741.747574555571,3280.8005678610534
2003-03-23,3950.0,3003.884474728525,2780.4746509856113,946.1155252714748
2003-03-24,3190.0,3046.3431391238855,2759.3195907091663,143.65686087611425
2003-03-25,2870.0,2870.0,2716.4196286064657,0.0
2003-03-26,2650.0,2650.0,2650.0,0.0
2003-03-27,2510.0,2510.0,2510.0,0.0
2003-03-28,2380.0,2380.0,2380.0,0.0
2003-03-29,2290.0,2290.0,2290.0,0.0
2003-03-30,2460.0,2296.375,2260.185185185185,163.625
2003-03-31,2520.0,2310.896875,2237.5754458161864,209.103125
2003-04-01,2260.0,2260.0,2197.799941573947,0.0
2003-04-02,2150.0,2150.0,2150.0,0.0
2003-04-03,2070.0,2070.0,2070.0,0.0
2003-04-04,2000.0,2000.0,2000.0,0.0
2003-04-05,2190.0,2007.125,1977.037037037037,182.875
2003-04-06,2290.0,2024.590625,1963.6076817558298,265.409375
2003-04-07,2880.0,2066.621328125,1995.1254890006603,813.378671875
2003-04-08,3820.0,2162.874728515625,2093.3546103894882,1657.125271484375
2003-04-09,3590.0,2278.5341238769533,2165.451405723795,1311.4658761230469
2003-04-10,4690.0,2418.1440645861817,2312.3540533419623,2271.8559354138183
2003-04-11,7890.0,2708.5332597422184,2682.6916409954842,5181.466740257782
2003-04-12,6510.0,3045.393265261552,2916.516489051458,3464.606734738448
2003-04-13,4600.0,3233.6137703669356,2987.2094067318785,1366.3862296330644
2003-04-14,3750.0,3304.2177375894153,2988.393720923371,445.78226241058474
2003-04-15,3260.0,3260.0,2953.172080097133,0.0
2003-04-16,2980.0,2980.0,2900.4709615696206,0.0
2003-04-17,2790.0,2790.0,2790.0,0.0
2003-04-18,4390.0,2850.0,2856.8518518518517,1540.0
2003-04-19,4400.0,2965.875,2918.254458161866,1434.125
2003-04-20,3430.0,3037.059375,2902.1197861098412,392.94062499999995
2003-04-21,3180.0,3057.154921875,2868.960546655226,122.84507812499999
2003-04-22,3110.0,3063.743302734375,2833.6864219649274,46.25669726562499
2003-04-23,2840.0,2840.0,2781.678419931138,0.0
2003-04-24,2610.0,2610.0,2610.0,0.0
2003-04-25,2510.0,2510.0,2510.0,0.0
2003-04-26,2500.0,2500.0,2462.777777777778,0.0
2003-04-27,2430.0,2430.0,2414.742798353909,0.0
2003-04-28,2280.0,2280.0,2280.0,0.0
2003-04-29,2180.0,2180.0,2180.0,0.0
2003-04-30,2290.0,2184.125,2147.777777777778,105.875
2003-05-01,2430.0,2197.315625,2128.909465020576,232.684375
2003-05-02,2970.0,2235.016953125,2151.7882182594117,734.983046875
2003-05-03,3210.0,2299.140681640625,2190.326346198355,910.859318359375
2003-05-04,2790.0,2351.7051305175783,2194.1850178466557,438.294869482422
2003-05-05,2930.0,2389.8272457287594,2208.056775453447,540.1727542712404
2003-05-06,11300.0,2744.215202299103,2840.6441110596097,8555.784797700897
2003-05-07,13500.0,3468.399062126671,3577.621508183721,10031.600937873329
2003-05-08,11400.0,4142.0191324671705,4090.8047018704137,7257.9808675328295
2003-05-09,9250.0,4605.742697532132,4397.21167391945,4644.257302467868
2003-05-10,7420.0,4885.436995217222,4539.692074482464,2534.563004782778
2003-05-11,4600.0,4600.0,4460.090956474828,0.0
2003-05-12,3800.0,3800.0,3800.0,0.0
2003-05-13,3350.0,3350.0,3350.0,0.0
2003-05-14,3090.0,3090.0,3090.0,0.0
2003-05-15,2990.0,2990.0,2990.0,0.0
2003-05-16,2990.0,2990.0,2934.6296296296296,0.0
2003-05-17,3050.0,2992.25,2888.8305898491085,57.75
2003-05-18,3230.0,3003.33125,2860.6055352334506,226.66875
2003-05-19,3400.0,3026.70640625,2847.5865041933166,373.29359375
2003-05-20,3060.0,3041.95342578125,2810.5877538050468,18.046574218750038
2003-05-21,2890.0,2890.0,2764.42222104532,0.0
2003-05-22,4560.0,2952.625,2846.2349783559384,1607.375
2003-05-23,5430.0,3105.803125,2984.9169248044627,2324.196875
2003-05-24,4720.0,3253.4928906249997,3058.165357692939,1466.5071093750003
2003-05-25,4310.0,3348.105923828125,3094.2611579065556,961.8940761718752
2003-05-26,3610.0,3393.9979795410154,3075.162902544837,216.0020204589846
2003-05-27,3150.0,3150.0,3023.758930086982,0.0
2003-05-28,2890.0,2890.0,2890.0,0.0
2003-05-29,2770.0,2770.0,2770.0,0.0
2003-05-30,2680.0,2680.0,2680.0,0.0
2003-05-31,2530.0,2530.0,2530.0,0.0
2003-06-01,2400.0,2400.0,2400.0,0.0
2003-06-02,2270.0,2270.0,2270.0,0.0
2003-06-03,2300.0,2271.125,2230.185185185185,28.875
2003-06-04,2610.0,2284.915625,2217.019890260631,325.084375
2003-06-05,2490.0,2304.796953125,2196.184715236499,185.20304687500004
2003-06-06,2230.0,2230.0,2158.019463825712,0.0
2003-06-07,3280.0,2269.375,2201.165809767776,1010.625
2003-06-08,5780.0,2438.921875,2425.5023088633525,3341.078125
2003-06-09,4890.0,2656.127734375,2563.140983968598,2233.872265625
2003-06-10,3290.0,2763.668154296875,2569.51681878632,526.331845703125
2003-06-11,2830.0,2785.893042724609,2541.228224454253,44.1069572753907
2003-06-12,2790.0,2787.7010645202636,2512.5959814492294,2.2989354797364
2003-06-13,2660.0,2660.0,2476.9852424261526,0.0
2003-06-14,2580.0,2580.0,2438.745868127435,0.0
2003-06-15,2550.0,2550.0,2401.8249544119317,0.0
2003-06-16,2960.0,2565.375,2398.6930141886046,394.625
2003-06-17,3120.0,2600.971875,2407.7029202822523,519.028125
2003-06-18,2900.0,2631.648984375,2399.582279515377,268.35101562500006
2003-06-19,3940.0,2690.7753105468746,2469.250586967657,1249.2246894531252
2003-06-20,2970.0,2748.092162255859,2460.6162733595406,221.9078377441408
2003-06-21,2580.0,2580.0,2423.8925443447683,0.0
2003-06-22,2320.0,2320.0,2320.0,0.0
2003-06-23,2160.0,2160.0,2160.0,0.0
2003-06-24,2050.0,2050.0,2050.0,0.0
2003-06-25,1950.0,1950.0,1950.0,0.0
2003-06-26,1860.0,1860.0,1860.0,0.0
2003-06-27,1800.0,1800.0,1800.0,0.0
2003-06-28,1960.0,1806.0,1778.5185185185182,154.0
2003-06-29,1910.0,1815.675,1755.322359396433,94.32500000000002
2003-06-30,1980.0,1825.3743749999999,1739.4591779708373,154.625625
2003-07-01,2160.0,1843.721296875,1738.3981429735375,316.278703125
2003-07-02,7870.0,2081.567199609375,2160.3983149204328,5788.432800390625
2003-07-03,7770.0,2511.9496596386716,2535.916989464837,5258.050340361328
2003-07-04,6790.0,2869.5534351657707,2804.072823773649,3920.4465648342293
2003-07-05,5020.0,3097.2119275283376,2916.2883030538665,1922.7880724716624
2003-07-06,3690.0,3191.546032963712,2919.59494165999,498.45396703628785
2003-07-07,3220.0,3211.3050804914337,2887.780595209991,8.694919508566272
2003-07-08,3060.0,3060.0,2847.0601697275843,0.0
2003-07-09,2790.0,2790.0,2790.0,0.0
2003-07-10,3090.0,2801.25,2760.5555555555557,288.75
2003-07-11,2810.0,2810.0,2713.09670781893,0.0
2003-07-12,2450.0,2450.0,2450.0,0.0
2003-07-13,2410.0,2410.0,2401.6666666666665,0.0
2003-07-14,2680.0,2420.125,2377.8086419753085,259.875
2003-07-15,2680.0,2439.615625,2356.1596936442616,240.384375
2003-07-16,2500.0,2450.894453125,2323.181944232756,49.105546875000016
2003-07-17,2760.0,2464.327369140625,2312.5169493963895,295.67263085937503
2003-07-18,2730.0,2485.377816455078,2300.617231859687,244.62218354492194
2003-07-19,3350.0,2526.974480220947,2335.745265946753,823.0255197790528
2003-07-20,2840.0,2569.576394204376,2329.842926507239,270.42360579562387
2003-07-21,2470.0,2470.0,2297.0796925713835,0.0
2003-07-22,2480.0,2470.375,2268.090832148107,9.625
2003-07-23,2500.0,2471.846875,2243.267606949208,28.153125000000003
2003-07-24,2360.0,2360.0,2210.372458157615,0.0
2003-07-25,2080.0,2080.0,2080.0,0.0
2003-07-26,1920.0,1920.0,1920.0,0.0
2003-07-27,1830.0,1830.0,1830.0,0.0
2003-07-28,1800.0,1800.0,1793.8888888888887,0.0
2003-07-29,1960.0,1806.0,1772.9732510288063,154.0
2003-07-30,2160.0,1825.05,1768.809061118732,334.95000000000005
2003-07-31,3000.0,1881.6712499999999,1827.2526665707012,1118.3287500000001
2003-08-01,2970.0,1964.42090625,1878.062604851192,1005.5790937500001
2003-08-02,3040.0,2042.4643382812499,1929.3531044020076,997.5356617187501
2003-08-03,3030.0,2116.904512910156,1975.153742883303,913.0954870898439
2003-08-04,3380.0,2198.5116744418942,2042.6395074311454,1181.4883255581058
2003-08-05,4990.0,2347.498298858752,2223.1358493356693,2642.501701141248
2003-08-06,3330.0,2483.4359264443456,2263.956604026811,846.5640735556544
2003-08-07,3040.0,2536.0532319610197,2279.5161777280323,503.9467680389804
2003-08-08,3400.0,2587.3492395639432,2320.3017168272886,812.6507604360569
2003-08-09,2990.0,2632.9230465966475,2326.9404467506874,357.0769534033526
2003-08-10,2770.0,2651.453818101899,2316.668183162661,118.54618189810117
2003-08-11,2920.0,2665.9697817442566,2318.458166203155,254.0302182557436
2003-08-12,2790.0,2680.147048113437,2310.4527804436034,109.85295188656283
2003-08-13,2610.0,2610.0,2289.855300772899,0.0
2003-08-14,2530.0,2530.0,2265.239069219853,0.0
2003-08-15,2510.0,2510.0,2241.4206368846812,0.0
2003-08-16,2440.0,2440.0,2214.622429765729,0.0
2003-08-17,2350.0,2350.0,2183.638871454087,0.0
2003-08-18,2360.0,2350.375,2156.2649018750053,9.625
2003-08-19,2180.0,2180.0,2118.092225775468,0.0
2003-08-20,2020.0,2020.0,2020.0,0.0
2003-08-21,2100.0,2023.0,1988.5185185185185,77.0
2003-08-22,2310.0,2036.65,1975.5075445816185,273.35
2003-08-23,2170.0,2051.90125,1953.3309200833205,118.09875000000002
2003-08-24,1950.0,1950.0,1916.911390445976,0.0
2003-08-25,1850.0,1850.0,1850.0,0.0
2003-08-26,1740.0,1740.0,1740.0,0.0
2003-08-27,1680.0,1680.0,1680.0,0.0
2003-08-28,1630.0,1630.0,1630.0,0.0
2003-08-29,1750.0,1634.5,1608.7037037037035,115.5
2003-08-30,1830.0,1646.1625,1595.3052126200273,183.8375
2003-08-31,2200.0,1673.8253125,1610.554729970025,526.1746875
2003-09-01,3000.0,1743.2884140625,1683.65151423206,1256.7115859375
2003-09-02,4040.0,1876.5417830078122,1827.0171147661288,2163.4582169921878
2003-09-03,2910.0,1996.426149282226,1873.4044189544502,913.5738507177739
2003-09-04,2510.0,2049.944188086059,1885.8669727549639,460.05581191394094
2003-09-05,2280.0,2075.8233739796046,1880.1385493517266,204.17662602039542
2003-09-06,2030.0,2030.0,1856.4220170043445,0.0
2003-09-07,1890.0,1890.0,1824.5310895039422,0.0
2003-09-08,1830.0,1830.0,1791.1485812165402,0.0
2003-09-09,1740.0,1740.0,1740.0,0.0
2003-09-10,1670.0,1670.0,1670.0,0.0
2003-09-11,1610.0,1610.0,1610.0,0.0
2003-09-12,1570.0,1570.0,1570.0,0.0
2003-09-13,1520.0,1520.0,1520.0,0.0
2003-09-14,1500.0,1500.0,1490.3703703703702,0.0
2003-09-15,1660.0,1506.0,1475.336076817558,154.0
2003-09-16,1740.0,1520.55,1467.619773408525,219.45000000000002
2003-09-17,1530.0,1529.13375,1445.0623869818096,0.8662500000000364
2003-09-18,1440.0,1440.0,1417.92698077979,0.0
2003-09-19,1390.0,1390.0,1389.6004084853648,0.0
2003-09-20,1350.0,1350.0,1350.0,0.0
2003-09-21,1320.0,1320.0,1320.0,0.0
2003-09-22,1600.0,1330.5,1316.296296296296,269.5
2003-09-23,5330.0,1490.5875,1589.2318244170099,3839.4125
2003-09-24,4490.0,1747.0434375,1774.6733221561758,2742.9565625
2003-09-25,2760.0,1887.8901796874998,1814.7961626972708,872.1098203125002
2003-09-26,2110.0,1928.9234162109374,1803.0557772623383,181.07658378906274
2003-09-27,1960.0,1936.8791599951169,1781.2913534417512,23.120840004883036
2003-09-28,2060.0,1942.3632229954833,1768.949561456404,117.6367770045168
2003-09-29,1860.0,1860.0,1742.9357131734034,0.0
2003-09-30,1690.0,1690.0,1690.0,0.0
2003-10-01,1530.0,1530.0,1530.0,0.0
2003-10-02,1470.0,1470.0,1470.0,0.0
2003-10-03,1410.0,1410.0,1410.0,0.0
2003-10-04,1380.0,1380.0,1380.0,0.0
2003-10-05,1350.0,1350.0,1350.0,0.0
2003-10-06,1320.0,1320.0,1320.0,0.0
2003-10-07,1340.0,1320.75,1297.0370370370367,19.25
2003-10-08,1300.0,1300.0,1273.2373113854594,0.0
2003-10-09,1560.0,1309.75,1270.9005232942131,250.25
2003-10-10,1840.0,1339.01875,1289.5208452114157,500.98125000000005
2003-10-11,1750.0,1373.21734375,1299.7503965807289,376.78265625000006
2003-10-12,1830.0,1404.4760429687499,1314.9586931936244,425.52395703125006
2003-10-13,1640.0,1429.2653397460936,1314.6847401201405,210.73466025390633
2003-10-14,1500.0,1439.8204392651367,1304.0657827016087,60.17956073486337
2003-10-15,1440.0,1440.0,1289.985617636645,0.0
2003-10-16,1380.0,1380.0,1272.7647271147334,0.0
2003-10-17,1340.0,1340.0,1254.1754005300359,0.0
2003-10-18,1310.0,1310.0,1235.0850856661436,0.0
2003-10-19,1290.0,1290.0,1216.2809110674266,0.0
2003-10-20,1260.0,1260.0,1196.9956415241463,0.0
2003-10-21,1240.0,1240.0,1178.014563605244,0.0
2003-10-22,1220.0,1220.0,1159.3095114195733,0.0
2003-10-23,1200.0,1200.0,1140.854927028872,0.0
2003-10-24,1180.0,1180.0,1122.6276189706432,0.0
2003-10-25,1170.0,1170.0,1105.3472838807688,0.0
2003-10-26,1350.0,1176.75,1103.000313151068,173.25
2003-10-27,2810.0,1244.49375,1209.0188026741175,1565.50625
2003-10-28,2540.0,1351.78171875,1285.2207653894773,1188.21828125
2003-10-29,1860.0,1415.3980898437499,1303.996620446007,444.60191015625014
2003-10-30,1630.0,1440.1182331054686,1303.9969333676731,189.88176689453138
2003-10-31,1500.0,1449.4843656225585,1294.367587685481,50.51563437744153
2003-11-01,1430.0,1430.0,1280.4446628997882,0.0
2003-11-02,1390.0,1390.0,1264.8479348535116,0.0
2003-11-03,1350.0,1350.0,1247.7323853300381,0.0
2003-11-04,1320.0,1320.0,1229.9793866883679,0.0
2003-11-05,1470.0,1325.625,1224.9812953283338,144.375
2003-11-06,3120.0,1398.328125,1342.6682124275621,1721.671875
2003-11-07,3450.0,1539.828515625,1473.9026372027881,1910.171484375
2003-11-08,2500.0,1647.4663769531248,1522.6153559803079,852.5336230468752
2003-11-09,2080.0,1695.6563986816404,1535.706526722872,384.34360131835956
2003-11-10,1850.0,1715.8571687805174,1530.5485149892727,134.14283121948262
2003-11-11,1730.0,1721.4178811219786,1516.9792080458215,8.582118878021433
2003-11-12,1680.0,1680.0,1500.9626147082452,0.0
2003-11-13,1590.0,1590.0,1479.76237260563,0.0
2003-11-14,1480.0,1480.0,1452.376967734738,0.0
2003-11-15,1430.0,1430.0,1423.8235447963361,0.0
2003-11-16,1410.0,1410.0,1396.4324758337125,0.0
2003-11-17,1410.0,1410.0,1371.5776169602204,0.0
2003-11-18,1420.0,1410.375,1349.764874649089,9.625
2003-11-19,8850.0,1689.7218750000002,1880.3422010704703,7160.278125
2003-11-20,9110.0,2236.4927343749996,2381.0512565269087,6873.507265625
2003-11-21,8130.0,2715.2557792968746,2762.8057698114544,5414.744220703125
2003-11-22,6730.0,3068.8615958496084,3005.508939273357,3661.1384041503916
2003-11-23,3550.0,3224.1969761608875,2990.184037488787,325.8030238391125
2003-11-24,2920.0,2920.0,2920.0,0.0
2003-11-25,2950.0,2921.125,2868.148148148148,28.875
2003-11-26,2670.0,2670.0,2670.0,0.0
2003-11-27,2460.0,2460.0,2460.0,0.0
2003-11-28,2490.0,2461.125,2416.6666666666665,28.875
2003-11-29,3060.0,2484.665625,2419.5679012345677,575.334375
2003-11-30,2700.0,2514.315703125,2395.533836305441,185.6842968750001
2003-12-01,2440.0,2440.0,2354.4658884993814,0.0
2003-12-02,2250.0,2250.0,2250.0,0.0
2003-12-03,2120.0,2120.0,2120.0,0.0
2003-12-04,2130.0,2120.375,2081.4814814814818,9.625
2003-12-05,2570.0,2137.596875,2079.1220850480113,432.403125
2003-12-06,2590.0,2170.777109375,2078.462632728751,419.222890625
2003-12-07,2340.0,2192.8438261718748,2059.3457222909037,147.15617382812502
2003-12-08,2150.0,2150.0,2027.924822078783,0.0
2003-12-09,2070.0,2070.0,1993.48733855297,0.0
2003-12-10,3010.0,2105.25,2031.868140538806,904.75
2003-12-11,6130.0,2290.10625,2297.8062756741024,3839.89375
2003-12-12,5650.0,2560.0982812499997,2503.5649538524267,3089.9017187500003
2003-12-13,3940.0,2727.7159101562497,2563.605235903128,1212.2840898437503
2003-12-14,3710.0,2810.012216894531,2601.0491955417274,899.9877831054691
2003-12-15,3670.0,2876.011300627441,2632.0631589174936,793.988699372559
2003-12-16,3190.0,2917.560453080383,2624.6499034621706,272.4395469196171
2003-12-17,3260.0,2940.618419099354,2623.108245734192,319.3815809006459
2003-12-18,3260.0,2964.5720376669024,2621.7093340921374,295.42796233309747
2003-12-19,2950.0,2950.0,2597.4769883428658,0.0
2003-12-20,2730.0,2730.0,2559.1920820148225,0.0
2003-12-21,2550.0,2550.0,2511.118741087524,0.0
2003-12-22,2450.0,2450.0,2450.0,0.0
2003-12-23,2390.0,2390.0,2390.0,0.0
2003-12-24,2570.0,2396.75,2359.0740740740744,173.25
2003-12-25,2570.0,2409.74375,2331.011659807956,160.25625
2003-12-26,2370.0,2370.0,2290.7328024183307,0.0
2003-12-27,2260.0,2260.0,2246.0353207129297,0.0
2003-12-28,2160.0,2160.0,2160.0,0.0
2003-12-29,2100.0,2100.0,2100.0,0.0
2003-12-30,2120.0,2100.75,2062.5925925925926,19.25
2003-12-31,2160.0,2103.69375,2031.6117969821673,56.306250000000006
2004-01-01,2050.0,2050.0,1995.3514454097442,0.0
2004-01-02,2000.0,2000.0,1958.7448300940273,0.0
2004-01-03,1960.0,1960.0,1922.5647532334692,0.0
2004-01-04,1940.0,1940.0,1888.2532020081478,0.0
2004-01-05,1960.0,1940.75,1858.6001277481341,19.25
2004-01-06,2080.0,1946.69375,1840.5815974010845,133.30625
2004-01-07,1940.0,1940.0,1813.8610791232063,0.0
2004-01-08,1810.0,1810.0,1779.9850532784649,0.0
2004-01-09,1810.0,1810.0,1749.245696493422,0.0
2004-01-10,1790.0,1790.0,1719.8710949662534,0.0
2004-01-11,1730.0,1730.0,1688.771919506415,0.0
2004-01-12,1700.0,1700.0,1658.3300751076729,0.0
2004-01-13,1660.0,1660.0,1627.7439570421473,0.0
2004-01-14,1640.0,1640.0,1598.5084054641704,0.0
2004-01-15,1620.0,1620.0,1570.4983679211916,0.0
2004-01-16,1590.0,1590.0,1542.8596301507107,0.0
2004-01-17,1560.0,1560.0,1515.5578125441634,0.0
2004-01-18,1600.0,1561.5,1493.7469039752593,38.5
2004-01-19,1710.0,1568.5125,1482.1036721256983,141.4875
2004-01-20,1600.0,1574.9990625,1463.3903691510966,25.00093750000002
2004-01-21,1530.0,1530.0,1441.2245942296988,0.0
2004-01-22,1500.0,1500.0,1418.888983652875,0.0
2004-01-23,1470.0,1470.0,1396.3992629442755,0.0
2004-01-24,1460.0,1460.0,1375.2511830420278,0.0
2004-01-25,1480.0,1460.75,1357.542740167766,19.25
2004-01-26,1610.0,1467.06875,1351.1035975596396,142.93125
2004-01-27,1600.0,1477.41359375,1344.5199311189324,122.58640625000001
2004-01-28,1650.0,1488.48257421875,1342.2495671264387,161.51742578125
2004-01-29,1530.0,1496.0963811523438,1331.30053313325,33.903618847656276
2004-01-30,1500.0,1497.514152565918,1319.1430763616527,2.485847434082057
2004-01-31,1470.0,1470.0,1305.889087809648,0.0
2004-02-01,1430.0,1430.0,1290.8993574569026,0.0
2004-02-02,1430.0,1430.0,1277.2975650997819,0.0
2004-02-03,2360.0,1464.875,1333.8440868498021,895.125
2004-02-04,2660.0,1543.259375,1407.377041771117,1116.740625
2004-02-05,2150.0,1607.889921875,1436.3236119774954,542.110078125
2004-02-06,6710.0,1819.5481777343748,1800.3677219795793,4890.451822265625
2004-02-07,10100.0,2313.457064404296,2381.8151551296187,7786.542935595704
2004-02-08,8530.0,2838.572784573974,2793.1285666916915,5691.427215426026
2004-02-09,6370.0,3184.4298257309256,3006.3574031091275,3185.5701742690744
2004-02-10,3780.0,3326.222588801106,3007.990976895319,453.7774111988938
2004-02-11,3290.0,3290.0,2973.1769975531597,0.0
2004-02-12,3280.0,3280.0,2940.845794076015,0.0
2004-02-13,3540.0,3289.75,2930.7674798097178,250.25
2004-02-14,3120.0,3120.0,2890.5112316791883,0.0
2004-02-15,2970.0,2970.0,2842.8713028200036,0.0
2004-02-16,3050.0,2973.0,2805.568404410744,77.0
2004-02-17,2830.0,2830.0,2755.4231817801196,0.0
2004-02-18,2670.0,2670.0,2670.0,0.0
2004-02-19,2580.0,2580.0,2580.0,0.0
2004-02-20,2500.0,2500.0,2500.0,0.0
2004-02-21,2460.0,2460.0,2450.7407407407404,0.0
2004-02-22,2360.0,2360.0,2360.0,0.0
2004-02-23,2260.0,2260.0,2260.0,0.0
2004-02-24,2220.0,2220.0,2215.185185185185,0.0
2004-02-25,2200.0,2200.0,2173.0384087791494,0.0
2004-02-26,2140.0,2140.0,2130.349667225524,0.0
2004-02-27,2210.0,2142.625,2096.79877211205,67.375
2004-02-28,2260.0,2149.553125,2070.0581450646378,110.446875
2004-02-29,2150.0,2150.0,2037.645353854949,0.0
2004-03-01,2080.0,2080.0,2003.0485618313426,0.0
2004-03-02,2060.0,2060.0,1970.1736949951073,0.0
2004-03-03,2090.0,2061.125,1942.5650195325973,28.875
2004-03-04,2070.0,2062.540625,1916.0312214277274,7.459375000000001
2004-03-05,2030.0,2030.0,1888.9912935177524,0.0
2004-03-06,2100.0,2032.625,1869.640247821664,67.375
2004-03-07,2230.0,2042.553125,1861.7105952455838,187.446875
2004-03-08,2100.0,2051.736640625,1844.885540130252,48.26335937500002
2004-03-09,1980.0,1980.0,1820.729471599673,0.0
2004-03-10,1950.0,1950.0,1796.5878538589627,0.0
2004-03-11,1900.0,1900.0,1770.9778673905403,0.0
2004-03-12,1840.0,1840.0,1743.2947315210456,0.0
2004-03-13,1800.0,1800.0,1715.2118860098376,0.0
2004-03-14,1750.0,1750.0,1686.0256002681858,0.0
2004-03-15,1790.0,1751.5,1662.504711354465,38.5
2004-03-16,1940.0,1760.0125,1652.272793636459,179.9875
2004-03-17,1880.0,1771.2615624999999,1638.543831262713,108.73843750000003
2004-03-18,1910.0,1780.5419453125,1628.3082913309802,129.45805468750004
2004-03-19,2100.0,1797.3762994140625,1633.0945606521857,302.6237005859375
2004-03-20,1900.0,1812.5730769580077,1622.6228420732796,87.42692304199221
2004-03-21,1850.0,1817.2550961861573,1609.4170233627906,32.7449038138428
2004-03-22,1750.0,1750.0,1590.0265582366062,0.0
2004-03-23,1680.0,1680.0,1567.2463213628464,0.0
2004-03-24,1650.0,1650.0,1544.3531434588792,0.0
2004-03-25,1620.0,1620.0,1521.3574820275014,0.0
2004-03-26,1600.0,1600.0,1499.009567024955,0.0
2004-03-27,1590.0,1590.0,1477.9901626707924,0.0
2004-03-28,1570.0,1570.0,1457.435517979052,0.0
2004-03-29,1540.0,1540.0,1436.5618589069177,0.0
2004-03-30,1540.0,1540.0,1417.620946045166,0.0
2004-03-31,2010.0,1557.625,1435.2486362261693,452.375
2004-04-01,2220.0,1599.428125,1466.79968842745,620.5718750000001
2004-04-02,1840.0,1631.7210156249998,1467.2811987582415,208.27898437500016
2004-04-03,1700.0,1642.0919394531247,1457.3477544287748,57.90806054687516
2004-04-04,1640.0,1640.0,1443.889629018703,0.0
2004-04-05,1580.0,1580.0,1427.2331818873417,0.0
2004-04-06,1530.0,1530.0,1408.4152946755507,0.0
2004-04-07,1500.0,1500.0,1389.1175822055923,0.0
2004-04-08,1500.0,1500.0,1371.6066949643337,0.0
2004-04-09,1490.0,1490.0,1354.9764454305991,0.0
2004-04-10,1440.0,1440.0,1336.182330112951,0.0
2004-04-11,1450.0,1440.375,1319.8691513987887,9.625
2004-04-12,1630.0,1447.846875,1318.3997855285306,182.153125
2004-04-13,3690.0,1538.758359375,1469.6590646462591,2151.241640625
2004-04-14,4900.0,1745.476482421875,1696.5424845864209,3154.523517578125
2004-04-15,3320.0,1922.8157462402341,1785.3811434210115,1397.1842537597659
2004-04-16,2590.0,2000.2295652722166,1811.9199264375845,589.7704347277834
2004-04-17,2290.0,2033.2123478768003,1813.7791925081785,256.7876521231997
2004-04-18,2100.0,2045.3464217860403,1801.3922302389026,54.65357821395972
2004-04-19,1970.0,1970.0,1780.5225792908561,0.0
2004-04-20,1880.0,1880.0,1754.9186367639252,0.0
2004-04-21,1810.0,1810.0,1726.5002444709692,0.0
2004-04-22,1730.0,1730.0,1694.7872588718053,0.0
2004-04-23,1670.0,1670.0,1661.566216383675,0.0
2004-04-24,1620.0,1620.0,1620.0,0.0
2004-04-25,1580.0,1580.0,1580.0,0.0
2004-04-26,2020.0,1596.5,1583.3333333333335,423.5
2004-04-27,2380.0,1641.7625,1613.024691358025,738.2375
2004-04-28,1950.0,1681.0053125,1608.1149977137636,268.99468749999994
2004-04-29,1700.0,1691.8049140625,1585.141386814341,8.195085937499954
2004-04-30,1630.0,1630.0,1559.1097769241244,0.0
2004-05-01,1650.0,1630.75,1536.9699827644833,19.25
2004-05-02,1950.0,1643.44375,1539.1023917677721,306.55625
2004-05-03,2470.0,1685.93546875,1579.555874011497,784.0645312500001
2004-05-04,2070.0,1729.74030859375,1586.6340338252471,340.2596914062501
2004-05-05,1800.0,1745.1347854492187,1573.0568084710576,54.86521455078139
2004-05-06,1700.0,1700.0,1553.329326205219,0.0
2004-05-07,1610.0,1610.0,1528.7617960010323,0.0
2004-05-08,1520.0,1520.0,1499.8023704453813,0.0
2004-05-09,1610.0,1523.375,1480.1910398485868,86.625
2004-05-10,1720.0,1533.996875,1470.543721344088,186.003125
2004-05-11,1590.0,1543.0721093749999,1452.1600434418576,46.92789062500003
2004-05-12,1470.0,1470.0,1426.5896690490931,0.0
2004-05-13,1610.0,1475.25,1413.7572922852883,134.75
2004-05-14,2290.0,1510.85625,1452.4834689255392,779.14375
2004-05-15,2530.0,1578.29203125,1505.4016662472486,951.70796875
2004-05-16,1880.0,1625.2951289062498,1505.2718823354664,254.70487109375006
2004-05-17,1860.0,1643.6479942382812,1503.6726339710715,216.3520057617188
2004-05-18,2040.0,1666.62439467041,1515.5547974922688,373.3756053295899
2004-05-19,1970.0,1692.0025650701293,1521.1515755022438,277.9974349298707
2004-05-20,1870.0,1709.1023726898695,1518.8227259187026,160.89762731013042
2004-05-21,1870.0,1721.1696947381292,1516.7095105558599,148.83030526187065
2004-05-22,1820.0,1730.4569676327696,1511.088259578465,89.54303236723035
2004-05-23,1960.0,1742.422695060312,1516.3578651730516,217.57730493968808
2004-05-24,1860.0,1754.9909929307885,1513.7321369162876,105.00900706921149
2004-05-25,1700.0,1700.0,1499.4976797944094,0.0
2004-05-26,1540.0,1540.0,1474.729376109742,0.0
2004-05-27,1490.0,1490.0,1448.5507301736545,0.0
2004-05-28,1390.0,1390.0,1390.0,0.0
2004-05-29,1390.0,1390.0,1364.2592592592591,0.0
2004-05-30,1440.0,1391.875,1344.6056241426609,48.125
2004-05-31,1940.0,1414.234375,1363.8088070924146,525.765625
2004-06-01,1850.0,1450.291796875,1374.5672508801538,399.708203125
2004-06-02,1470.0,1466.019912109375,1356.1813943171767,3.980087890625043
2004-06-03,1310.0,1310.0,1310.0,0.0
2004-06-04,1660.0,1323.125,1311.6666666666665,336.875
2004-06-05,1610.0,1346.515625,1309.4753086419753,263.484375
2004-06-06,1360.0,1356.901953125,1288.9683356195703,3.0980468750000227
2004-06-07,1250.0,1250.0,1250.0,0.0
2004-06-08,1250.0,1250.0,1226.8518518518517,0.0
2004-06-09,1270.0,1250.75,1207.3285322359393,19.25
2004-06-10,1280.0,1252.56875,1190.353668140019,27.431250000000002
2004-06-11,1390.0,1258.75109375,1183.098698867795,131.24890625
2004-06-12,1210.0,1210.0,1163.1821526763326,0.0
2004-06-13,2390.0,1254.25,1232.5171385396352,1135.75
2004-06-14,1710.0,1313.9312499999999,1245.0618479341135,396.06875000000014
2004-06-15,3270.0,1402.13640625,1372.0005657179922,1867.86359375
2004-06-16,4420.0,1585.3511757812498,1572.3708837070674,2834.64882421875
2004-06-17,3080.0,1747.699837597656,1654.9291352156722,1332.300162402344
2004-06-18,2480.0,1825.1223497778317,1685.3986597327398,654.8776502221683
2004-06-19,1870.0,1851.3631735444942,1667.8617467945232,18.636826455505684
2004-06-20,1600.0,1600.0,1600.0,0.0
2004-06-21,1480.0,1480.0,1480.0,0.0
2004-06-22,2350.0,1512.625,1517.037037037037,837.375
2004-06-23,3600.0,1622.303125,1643.2373113854594,1977.696875
2004-06-24,2330.0,1723.0053906249998,1663.6783010719907,606.9946093750002
2004-06-25,2050.0,1758.0299863281248,1661.485865787547,291.9700136718752
2004-06-26,2960.0,1814.0527373535153,1726.903841177589,1145.9472626464847
2004-06-27,2960.0,1899.9987820520016,1786.2645966241082,1060.0012179479984
2004-06-28,2250.0,1952.8738733981013,1787.5363932329872,297.1261266018986
2004-06-29,2300.0,1977.0333328932438,1792.3941346003032,322.96666710675623
2004-06-30,1890.0,1890.0,1766.4317147299048,0.0
2004-07-01,2060.0,1896.375,1755.4658152178768,163.625
2004-07-02,2090.0,1909.771875,1747.7374989939992,180.228125
2004-07-03,2310.0,1931.538984375,1757.0210639019624,378.461015625
2004-07-04,2140.0,1953.548560546875,1752.8524468740027,186.45143945312503
2004-07-05,2040.0,1963.7824185058594,1741.6624054967801,76.21758149414066
2004-07-06,1730.0,1730.0,1708.54551609893,0.0
2004-07-07,1580.0,1580.0,1580.0,0.0
2004-07-08,1490.0,1490.0,1490.0,0.0
2004-07-09,1400.0,1400.0,1400.0,0.0
2004-07-10,1440.0,1401.5,1377.037037037037,38.5
2004-07-11,1370.0,1370.0,1351.0150891632372,0.0
2004-07-12,1880.0,1389.125,1365.1803586851597,490.875
2004-07-13,1660.0,1417.690625,1361.737732880978,242.30937500000005
2004-07-14,1500.0,1429.863828125,1346.76201687348,70.13617187500006
2004-07-15,1290.0,1290.0,1290.0,0.0
2004-07-16,1130.0,1130.0,1130.0,0.0
2004-07-17,1070.0,1070.0,1070.0,0.0
2004-07-18,1450.0,1084.25,1078.3333333333333,365.75
2004-07-19,1250.0,1104.18125,1071.0802469135801,145.81875000000002
2004-07-20,1190.0,1112.86765625,1060.0542981252856,77.13234375000002
2004-07-21,1060.0,1060.0,1040.419640891463,0.0
2004-07-22,1040.0,1040.0,1021.1215259941051,0.0
2004-07-23,1050.0,1040.375,1004.3510143279843,9.625
2004-07-24,985.0,985.0,984.3185130013192,0.0
2004-07-25,1310.0,997.1875,990.2149469826785,312.8125
2004-07-26,1300.0,1020.2734375,994.8246741139119,279.7265625
2004-07-27,1810.0,1060.3779296875,1036.7853524366978,749.6220703125
2004-07-28,2650.0,1148.0995849609376,1137.0830049888555,1501.9004150390624
2004-07-29,1760.0,1227.3671160888673,1162.1679119343319,532.6328839111327
2004-07-30,1770.0,1267.6895823822022,1185.6708830515233,502.3104176177978
2004-07-31,2850.0,1345.862863703537,1286.9976531393452,1504.137136296463
2004-08-01,2640.0,1450.7981489257716,1363.3867593301468,1189.2018510742284
2004-08-02,2370.0,1529.8632877563387,1412.7028001329109,840.1367122436613
2004-08-03,2150.0,1584.6235411746134,1441.1562445650486,565.3764588253867
2004-08-04,2000.0,1621.4017755865173,1455.8639996979143,378.59822441348274
2004-08-05,1610.0,1610.0,1440.3210367629224,0.0
2004-08-06,1460.0,1460.0,1415.1061259515407,0.0
2004-08-07,1280.0,1280.0,1280.0,0.0
2004-08-08,1130.0,1130.0,1130.0,0.0
2004-08-09,1070.0,1070.0,1070.0,0.0
2004-08-10,1000.0,1000.0,1000.0,0.0
2004-08-11,998.0,998.0,981.3333333333333,0.0
2004-08-12,1520.0,1017.575,1003.0617283950617,502.425
2004-08-13,1560.0,1056.756875,1025.7411979881117,503.243125
2004-08-14,1220.0,1081.750109375,1021.1355315077309,138.24989062500003
2004-08-15,1040.0,1040.0,1003.6229822940521,0.0
2004-08-16,969.0,969.0,969.0,0.0
2004-08-17,965.0,965.0,950.7592592592592,0.0
2004-08-18,1260.0,976.0625,956.0593278463649,283.9375
2004-08-19,958.0,958.0,938.4982789717014,0.0
2004-08-20,944.0,944.0,921.5262161039512,0.0
2004-08-21,932.0,932.0,905.2367516498816,0.0
2004-08-22,952.0,932.75,891.9370524230408,19.25
2004-08-23,894.0,894.0,875.5725105320183,0.0
2004-08-24,1260.0,907.7249999999999,887.8343151123871,352.27500000000003
2004-08-25,1120.0,928.8956249999999,888.5903970464253,191.10437500000006
2004-08-26,1090.0,942.103453125,887.0542491717563,147.89654687500007
2004-08-27,955.0,948.1331941406249,875.6603372114084,6.866805859375063
2004-08-28,1130.0,955.2107045800781,878.284380062204,174.78929541992193
2004-08-29,1390.0,978.0699017365722,899.9247152416295,411.9300982634278
2004-08-30,1390.0,1008.9646591063292,919.5613156822194,381.0353408936707
2004-08-31,1500.0,1041.6673096733546,945.5278605264583,458.33269032664543
2004-09-01,1960.0,1093.292261447853,1003.1641697369715,866.707738552147
2004-09-02,4550.0,1255.420341839264,1247.315635502067,3294.579658160736
2004-09-03,4060.0,1484.138816201319,1432.5641877703945,2575.861183798681
2004-09-04,2340.0,1612.82840498622,1473.2526889027654,727.17159501378
2004-09-05,1730.0,1644.4912746122536,1464.9885510413983,85.5087253877465
2004-09-06,1470.0,1470.0,1438.2303518708986,0.0
2004-09-07,5040.0,1603.875,1678.3942081791488,3436.125
2004-09-08,34700.0,2973.8343749999985,4093.357707421823,31726.165625
2004-09-09,33800.0,5319.546796874998,6218.046808586471,28480.453203125002
2004-09-10,25600.0,7148.080787109371,7538.598030013652,18451.91921289063
2004-09-11,15300.0,8145.724728076166,7973.91302723461,7154.275271923834
2004-09-12,9710.0,8472.670373470453,7954.847006194368,1237.3296265295467
2004-09-13,6080.0,6080.0,6080.0,0.0
2004-09-14,3850.0,3850.0,3850.0,0.0
2004-09-15,3790.0,3790.0,3774.259259259259,0.0
2004-09-16,3550.0,3550.0,3550.0,0.0
2004-09-17,25300.0,4365.625,5095.370370370371,20934.375
2004-09-18,24300.0,5898.203125,6423.576817558302,18401.796875
2004-09-19,19900.0,7113.337890625,7302.875260376978,12786.662109375
2004-09-20,13400.0,7828.5875488281235,7619.275699230963,5571.4124511718765
2004-09-21,9020.0,8082.1934826660145,7581.935356709578,937.8065173339855
2004-09-22,6590.0,6590.0,6590.0,0.0
2004-09-23,4750.0,4750.0,4750.0,0.0
2004-09-24,4100.0,4100.0,4100.0,0.0
2004-09-25,3720.0,3720.0,3720.0,0.0
2004-09-26,3460.0,3460.0,3460.0,0.0
2004-09-27,3350.0,3350.0,3350.0,0.0
2004-09-28,11500.0,3655.625,3891.666666666667,7844.375
2004-09-29,10400.0,4202.703125,4301.697530864199,6197.296875
2004-09-30,9060.0,4617.250390624999,4574.503315043439,4442.749609375001
2004-10-01,7020.0,4873.956611328124,4670.938193280158,2146.0433886718756
2004-10-02,4730.0,4730.0,4588.814286494958,0.0
2004-10-03,4030.0,4030.0,4030.0,0.0
2004-10-04,3690.0,3690.0,3690.0,0.0
2004-10-05,3420.0,3420.0,3420.0,0.0
2004-10-06,3190.0,3190.0,3190.0,0.0
2004-10-07,3040.0,3040.0,3040.0,0.0
2004-10-08,2890.0,2890.0,2890.0,0.0
2004-10-09,2790.0,2790.0,2790.0,0.0
2004-10-10,2720.0,2720.0,2720.0,0.0
2004-10-11,2650.0,2650.0,2650.0,0.0
2004-10-12,2550.0,2550.0,2550.0,0.0
2004-10-13,2690.0,2555.25,2513.1481481481483,134.75
2004-10-14,2580.0,2561.23125,2471.5603566529494,18.76875000000001
2004-10-15,2420.0,2420.0,2420.0,0.0
2004-10-16,2320.0,2320.0,2320.0,0.0
2004-10-17,2190.0,2190.0,2190.0,0.0
2004-10-18,2130.0,2130.0,2130.0,0.0
2004-10-19,2190.0,2132.25,2095.0,57.75
2004-10-20,2280.0,2139.95625,2069.9074074074074,140.04375
2004-10-21,2170.0,2146.33453125,2038.9900548696844,23.665468750000002
2004-10-22,2060.0,2060.0,2002.7872720113803,0.0
2004-10-23,2040.0,2040.0,1968.4551171955118,0.0
2004-10-24,2140.0,2043.75,1944.7092730107422,96.25
2004-10-25,2080.0,2048.71875,1918.7176736578956,31.28125
2004-10-26,1970.0,1970.0,1886.984555726609,0.0
2004-10-27,1920.0,1920.0,1854.485985751923,0.0
2004-10-28,1890.0,1890.0,1822.7743204045225,0.0
2004-10-29,1960.0,1892.625,1799.1841055522518,67.375
2004-10-30,2030.0,1900.303125,1782.9633550381543,129.696875
2004-10-31,1920.0,1905.905390625,1760.0963777198067,14.094609375000005
2004-11-01,1810.0,1810.0,1731.198564967973,0.0
2004-11-02,1770.0,1770.0,1702.0135126561236,0.0
2004-11-03,2120.0,1783.125,1701.4567059287047,336.875
2004-11-04,4100.0,1882.640625,1847.6181220464173,2217.359375
2004-11-05,5540.0,2102.9425781249997,2086.912740375453,3437.0574218750003
2004-11-06,3960.0,2301.4718847656245,2187.013412562911,1658.5281152343755
2004-11-07,2880.0,2385.3614934082025,2197.845503992271,494.6385065917973
2004-11-08,2560.0,2410.4593814025875,2183.9709202892827,149.5406185974125
2004-11-09,2330.0,2330.0,2154.3439832254603,0.0
2004-11-10,2170.0,2170.0,2115.6084292231026,0.0
2004-11-11,2090.0,2090.0,2074.5335746654077,0.0
2004-11-12,3140.0,2129.375,2115.0397251593517,1010.625
2004-11-13,4600.0,2259.921875,2259.943454311264,2340.078125
2004-11-14,3480.0,2393.427734375,2308.4672085417023,1086.572265625
2004-11-15,2850.0,2451.295654296875,2305.831355898952,398.704345703125
2004-11-16,2610.0,2472.1984802246093,2285.6617859083085,137.80151977539066
2004-11-17,2460.0,2460.0,2256.248657583465,0.0
2004-11-18,2330.0,2330.0,2219.929337436848,0.0
2004-11-19,2230.0,2230.0,2179.565509896399,0.0
2004-11-20,2140.0,2140.0,2136.2724071282137,0.0
2004-11-21,2090.0,2090.0,2090.0,0.0
2004-11-22,2020.0,2020.0,2020.0,0.0
2004-11-23,2180.0,2026.0,1994.4444444444446,154.0
2004-11-24,3110.0,2072.425,2040.1440329218108,1037.575
2004-11-25,4900.0,2217.368125,2214.2047706142357,2682.631875
2004-11-26,4000.0,2384.815515625,2305.482106668473,1615.184484375
2004-11-27,3170.0,2474.829351953125,2326.826356051022,695.1706480468752
2004-11-28,3140.0,2525.8421505566403,2343.9720638240756,614.1578494433595
2004-11-29,2950.0,2564.7789892648925,2345.456131988513,385.2210107351076
2004-11-30,2660.0,2582.7955650700255,2325.32130495254,77.20443492997452
2004-12-01,3130.0,2606.2108976897734,2341.8656285680454,523.7891023102264
2004-12-02,3400.0,2655.6200803630404,2376.8780703673006,744.3799196369595
2004-12-03,2930.0,2693.8235743358127,2373.8338045925507,236.1764256641875
2004-12-04,2710.0,2703.2868062606267,2354.7751189821292,6.713193739373452
2004-12-05,2540.0,2540.0,2324.8885338911914,0.0
2004-12-06,2470.0,2470.0,2292.5840400123775,0.0
2004-12-07,2870.0,2485.0,2292.900332603824,385.0
2004-12-08,3060.0,2521.0,2307.261412918285,539.0
2004-12-09,3510.0,2578.3,2353.626096907333,931.7
2004-12-10,5750.0,2732.1775,2561.6236805270246,3017.8225
2004-12-11,5170.0,2936.7641874999995,2707.3992656634114,2233.2358125000005
2004-12-12,3860.0,3055.1318734374995,2742.640074398281,804.8681265625005
2004-12-13,3310.0,3094.871982929687,2733.877104546588,215.12801707031304
2004-12-14,2980.0,2980.0,2701.4810763478295,0.0
2004-12-15,2760.0,2760.0,2655.7883840934005,0.0
2004-12-16,2630.0,2630.0,2604.6968670477154,0.0
2004-12-17,2530.0,2530.0,2530.0,0.0
2004-12-18,2460.0,2460.0,2460.0,0.0
2004-12-19,2390.0,2390.0,2390.0,0.0
2004-12-20,2270.0,2270.0,2270.0,0.0
2004-12-21,2180.0,2180.0,2180.0,0.0
2004-12-22,2160.0,2160.0,2138.1481481481483,0.0
2004-12-23,4570.0,2250.375,2278.689986282579,2319.625
2004-12-24,6580.0,2499.7218749999997,2555.1075801453035,4080.2781250000003
2004-12-25,6270.0,2794.1177343749996,2782.967989391109,3475.8822656250004
2004-12-26,4430.0,2985.8089042968745,2853.4339162993397,1444.1910957031255
2004-12-27,3360.0,3053.998236474609,2838.115961086438,306.0017635253912
2004-12-28,3030.0,3030.0,2799.7718906154714,0.0
2004-12-29,2850.0,2850.0,2751.6448637066314,0.0
2004-12-30,2730.0,2730.0,2699.0851541041657,0.0
2004-12-31,2640.0,2640.0,2640.0,0.0
2005-01-01,2530.0,2530.0,2530.0,0.0
2005-01-02,2440.0,2440.0,2440.0,0.0
2005-01-03,2370.0,2370.0,2370.0,0.0
2005-01-04,2310.0,2310.0,2310.0,0.0
2005-01-05,2270.0,2270.0,2264.259259259259,0.0
2005-01-06,2230.0,2230.0,2219.7908093278465,0.0
2005-01-07,2180.0,2180.0,2175.736104760453,0.0
2005-01-08,2150.0,2150.0,2133.538317282633,0.0
2005-01-09,2190.0,2151.5,2098.2106953120187,38.5
2005-01-10,2080.0,2080.0,2058.006001301647,0.0
2005-01-11,2020.0,2020.0,2017.0795196996426,0.0
2005-01-12,1970.0,1970.0,1970.0,0.0
2005-01-13,2030.0,1972.25,1937.9629629629628,57.75
2005-01-14,5590.0,2110.08125,2172.596021947874,3479.91875
2005-01-15,4960.0,2347.45015625,2338.837131026775,2612.54984375
2005-01-16,3370.0,2483.7663945312497,2371.907767042814,886.2336054687503
2005-01-17,2870.0,2531.483914941406,2364.8792700944055,338.51608505859406
2005-01-18,2600.0,2546.7476213208006,2338.5015599004787,53.25237867919952
2005-01-19,2450.0,2450.0,2303.455119168953,0.0
2005-01-20,2370.0,2370.0,2265.7277933199757,0.0
2005-01-21,2310.0,2310.0,2227.0492939384967,0.0
2005-01-22,2230.0,2230.0,2186.0262111664138,0.0
2005-01-23,2130.0,2130.0,2130.0,0.0
2005-01-24,1970.0,1970.0,1970.0,0.0
2005-01-25,2010.0,1971.5,1936.4814814814813,38.5
2005-01-26,1980.0,1973.2625,1903.8443072702328,6.737500000000004
2005-01-27,1930.0,1930.0,1870.5253899303966,0.0
2005-01-28,1860.0,1860.0,1835.1063723442487,0.0
2005-01-29,1840.0,1840.0,1801.4854119420036,0.0
2005-01-30,2140.0,1851.25,1793.1997256510772,288.75
2005-01-31,2400.0,1882.65625,1804.940491794496,517.34375
2005-02-01,2090.0,1909.83203125,1792.6311869987092,180.16796875
2005-02-02,1950.0,1918.09462890625,1771.0912622766064,31.905371093750006
2005-02-03,2200.0,1929.8625317382812,1770.0642935472908,270.13746826171877
2005-02-04,2520.0,1962.12284185791,1792.836118218838,557.8771581420899
2005-02-05,2260.0,1994.2136287185667,1794.2401813467234,265.78637128143316
2005-02-06,2090.0,2007.7726065646743,1782.9216460368414,82.2273934353257
2005-02-07,1990.0,1990.0,1765.2437158482448,0.0
2005-02-08,1940.0,1940.0,1745.4989273437777,0.0
2005-02-09,1920.0,1920.0,1726.10087851565,0.0
2005-02-10,1910.0,1910.0,1707.7582045790157,0.0
2005-02-11,1830.0,1830.0,1685.1880004513291,0.0
2005-02-12,1780.0,1780.0,1661.0039263354652,0.0
2005-02-13,1760.0,1760.0,1637.577636859959,0.0
2005-02-14,1810.0,1761.875,1620.0241519655183,48.125
2005-02-15,1920.0,1769.609375,1612.2441378946369,150.390625
2005-02-16,1830.0,1777.513671875,1598.5178288303186,52.486328125
2005-02-17,1750.0,1750.0,1580.1365483830666,0.0
2005-02-18,1690.0,1690.0,1559.012793903153,0.0
2005-02-19,1630.0,1630.0,1535.4004981713795,0.0
2005-02-20,1680.0,1631.875,1517.6782298221774,48.125
2005-02-21,2540.0,1667.734375,1565.3006159497538,872.265625
2005-02-22,3120.0,1754.904296875,1651.4764848432953,1365.095703125
2005-02-23,2550.0,1835.9114746093749,1687.450884394842,714.0885253906251
2005-02-24,2360.0,1882.3431140136718,1706.0202469508752,477.65688598632823
2005-02-25,2320.0,1916.6673804626464,1719.9072611220904,403.33261953735365
2005-02-26,2120.0,1939.417326927948,1717.693625833008,180.58267307205216
2005-02-27,1990.0,1948.0860274083518,1706.0553271447666,41.913972591648246
2005-02-28,2370.0,1965.4795753527253,1723.6427968535845,404.52042464727464
2005-03-01,2890.0,2015.3186072012709,1778.1203156634379,874.6813927987291
2005-03-02,2380.0,2061.7947116611754,1789.7758419908973,318.2052883388245
2005-03-03,2130.0,2076.2851082865873,1781.8336343991477,53.71489171341267
2005-03-04,2030.0,2030.0,1767.2194089918191,0.0
2005-03-05,1990.0,1990.0,1750.9953896407249,0.0
2005-03-06,1960.0,1960.0,1734.0513720813983,0.0
2005-03-07,1900.0,1900.0,1714.23180059238,0.0
2005-03-08,2100.0,1907.5,1711.0621894264189,192.5
2005-03-09,2210.0,1926.0625,1716.3342089239727,283.9375
2005-03-10,2020.0,1940.2328125,1707.0440043939755,79.76718750000003
2005-03-11,1910.0,1910.0,1690.4658558389776,0.0
2005-03-12,1850.0,1850.0,1670.9782765946277,0.0
2005-03-13,1790.0,1790.0,1648.8506583914216,0.0
2005-03-14,1900.0,1794.125,1636.9200418736975,105.875
2005-03-15,1890.0,1801.690625,1625.3533713298366,88.309375
2005-03-16,1840.0,1806.4388281249999,1611.1539850955924,33.561171875000014
2005-03-17,2100.0,1818.705916015625,1617.5286161052597,281.294083984375
2005-03-18,2030.0,1837.1779723144532,1618.1278183177358,192.82202768554686
2005-03-19,1860.0,1845.2646243908691,1606.0789462512787,14.735375609130841
2005-03-20,1800.0,1800.0,1590.7012660428268,0.0
2005-03-21,1750.0,1750.0,1573.0437414092316,0.0
2005-03-22,1740.0,1740.0,1556.280432019488,0.0
2005-03-23,2800.0,1779.75,1619.587799425091,1020.25
2005-03-24,3000.0,1863.76875,1691.848188367212,1136.23125
2005-03-25,2450.0,1928.36109375,1716.6770598146925,521.63890625
2005-03-26,2200.0,1958.10901171875,1720.688443165184,241.89098828125003
2005-03-27,2190.0,1975.8758358398436,1723.58766139063,214.12416416015628
2005-03-28,6530.0,2154.685148151855,2047.6999149655721,4375.314851848145
2005-03-29,7340.0,2513.2087620404654,2401.8017746909823,4826.791237959535
2005-03-30,5850.0,2819.34310488743,2612.746054812188,3030.65689511257
2005-03-31,3720.0,2966.7673720208727,2646.3806793666154,753.2326279791273
2005-04-01,3350.0,3009.3848191193074,2649.493579425262,340.61518088069283
2005-04-02,3550.0,3042.4309576853593,2667.133062811812,507.5690423146409
2005-04-03,3830.0,3090.998635858957,2703.880001440348,739.0013641410428
2005-04-04,3300.0,3126.548738169535,2697.965186492168,173.45126183046466
2005-04-05,3010.0,3010.0,2671.1165581132636,0.0
2005-04-06,2820.0,2820.0,2632.6798397694424,0.0
2005-04-07,2710.0,2710.0,2589.653928679679,0.0
2005-04-08,3090.0,2724.25,2578.7600463945237,365.75
2005-04-09,3390.0,2762.93125,2591.0970791357713,627.06875
2005-04-10,2940.0,2793.08640625,2568.9584606972744,146.91359375000002
2005-04-11,2700.0,2700.0,2531.091936558638,0.0
2005-04-12,2600.0,2600.0,2489.32416465506,0.0
2005-04-13,3140.0,2620.25,2491.4237790388506,519.75
2005-04-14,3660.0,2678.73125,2531.84750320192,981.26875
2005-04-15,3250.0,2736.95140625,2538.157919572113,513.04859375
2005-04-16,2880.0,2761.55505078125,2516.476630722843,118.44494921875003
2005-04-17,2660.0,2660.0,2480.5065723225794,0.0
2005-04-18,2530.0,2530.0,2438.2374452556737,0.0
2005-04-19,2430.0,2430.0,2392.4747188431115,0.0
2005-04-20,2320.0,2320.0,2320.0,0.0
2005-04-21,2230.0,2230.0,2230.0,0.0
2005-04-22,2330.0,2233.75,2196.111111111111,96.25
2005-04-23,2650.0,2252.96875,2189.06378600823,397.03125
2005-04-24,2460.0,2275.62109375,2168.594916933394,184.37890625
2005-04-25,2210.0,2210.0,2131.5027949951163,0.0
2005-04-26,2110.0,2110.0,2090.4377213844573,0.0
2005-04-27,2140.0,2111.125,2055.397191626637,28.875
2005-04-28,2060.0,2060.0,2017.6752294389853,0.0
2005-04-29,2010.0,2010.0,1979.7423378242643,0.0
2005-04-30,2050.0,2011.5,1948.284713951647,38.5
2005-05-01,2270.0,2022.6375,1936.0361293264946,247.3625
2005-05-02,2040.0,2032.5646875,1907.8846358703377,7.435312500000009
2005-05-03,1900.0,1900.0,1871.9693918082694,0.0
2005-05-04,1830.0,1830.0,1830.0,0.0
2005-05-05,1790.0,1790.0,1790.0,0.0
2005-05-06,1790.0,1790.0,1756.851851851852,0.0
2005-05-07,1750.0,1750.0,1723.810013717421,0.0
2005-05-08,1720.0,1720.0,1691.6053828176598,0.0
2005-05-09,1690.0,1690.0,1660.1604399641726,0.0
2005-05-10,1770.0,1693.0,1637.5529918193417,77.0
2005-05-11,1850.0,1701.775,1622.9647518360691,148.22500000000002
2005-05-12,1780.0,1710.266875,1604.5420896290257,69.73312500000003
2005-05-13,1670.0,1670.0,1579.6770813300418,0.0
2005-05-14,1690.0,1670.75,1558.5958700957785,19.25
2005-05-15,1750.0,1674.44375,1543.9110673091322,75.55625
2005-05-16,1850.0,1683.86046875,1537.99337589162,166.13953125
2005-05-17,1710.0,1691.07093359375,1522.2532484942476,18.92906640625
2005-05-18,1580.0,1580.0,1498.3409106707063,0.0
2005-05-19,1550.0,1550.0,1474.4204559789744,0.0
2005-05-20,2450.0,1583.75,1519.3815248698102,866.25
2005-05-21,2500.0,1650.59375,1563.883235530013,849.40625
2005-05-22,2100.0,1699.29921875,1574.6347877957526,400.7007812500001
2005-05-23,1830.0,1719.22677734375,1564.3908259628126,110.77322265625008
2005-05-24,1690.0,1690.0,1544.7250087440336,0.0
2005-05-25,1580.0,1580.0,1518.7319523788453,0.0
2005-05-26,1510.0,1510.0,1489.96047530673,0.0
2005-05-27,1470.0,1470.0,1460.8900609264772,0.0
2005-05-28,1460.0,1460.0,1433.7706108406921,0.0
2005-05-29,1450.0,1450.0,1408.421480207295,0.0
2005-05-30,1430.0,1430.0,1383.9380098177305,0.0
2005-05-31,1420.0,1420.0,1360.9807866864592,0.0
2005-06-01,1500.0,1423.0,1346.0751582895648,77.0
2005-06-02,3060.0,1487.275,1448.1052362257162,1572.725
2005-06-03,4090.0,1643.854375,1616.9843810196317,2446.145625
2005-06-04,3040.0,1787.9402968749996,1692.4487901844805,1252.0597031250004
2005-06-05,2570.0,1864.2197746093746,1726.1109392414728,705.7802253906254
2005-06-06,2270.0,1905.9032915136713,1734.434000422818,364.09670848632857
2005-06-07,2570.0,1944.460544650146,1764.2086300132978,625.5394553498539
2005-06-08,2450.0,1986.8760038013852,1782.337460567622,463.1239961986149
2005-06-09,2940.0,2039.9853035162812,1835.0839919965458,900.0146964837188
2005-06-10,2470.0,2089.86140575256,1848.131770515384,380.13859424744
2005-06-11,2760.0,2129.246800321118,1881.4529028750708,630.7531996788821
2005-06-12,3210.0,2193.428290297034,1945.0220785347865,1016.5717097029659
2005-06-13,7750.0,2439.9211685247565,2339.0015157074918,5310.0788314752435
2005-06-14,7860.0,2842.3020808854,2704.649523512354,5017.6979191146
2005-06-15,7240.0,3195.3794248189943,2990.5153083723217,4044.6205751810057
2005-06-16,6500.0,3470.9759679575695,3195.097224263774,3029.0240320424305
2005-06-17,3870.0,3599.5277703607517,3185.9215553504614,270.4722296392483
2005-06-18,3050.0,3050.0,3050.0,0.0
2005-06-19,3000.0,3000.0,2989.8148148148143,0.0
2005-06-20,3260.0,3009.75,2954.46159122085,250.25
2005-06-21,3420.0,3034.51875,2934.233666107808,385.48125000000005
2005-06-22,2930.0,2930.0,2879.5824007274555,0.0
2005-06-23,2630.0,2630.0,2630.0,0.0
2005-06-24,2360.0,2360.0,2360.0,0.0
2005-06-25,2180.0,2180.0,2180.0,0.0
2005-06-26,2100.0,2100.0,2100.0,0.0
2005-06-27,6540.0,2266.5,2390.0000000000005,4273.5
2005-06-28,9000.0,2679.2625,2835.370370370371,6320.7375
2005-06-29,6270.0,3050.9428124999995,3037.2805212620033,3219.0571875000005
2005-06-30,4340.0,3219.997101562499,3077.532324848855,1120.0028984375008
2005-07-01,3640.0,3277.7473189453117,3062.20525773322,362.2526810546883
2005-07-02,3580.0,3302.6662700244133,3043.8529190542185,277.3337299755867
2005-07-03,3280.0,3280.0,3004.9776487714203,0.0
2005-07-04,3100.0,3100.0,2956.368607218511,0.0
2005-07-05,3500.0,3115.0,2941.8900324760557,385.0
2005-07-06,3000.0,3000.0,2891.715029469013,0.0
2005-07-07,7390.0,3164.625,3171.37104525892,4225.375
2005-07-08,9870.0,3574.528125,3608.836689216427,6295.471875
2005-07-09,8020.0,3977.313515624999,3868.759217992684,4042.686484375001
2005-07-10,4920.0,4164.265001953124,3874.985216326695,755.7349980468762
2005-07-11,4650.0,4210.82012680664,3860.634733333483,439.17987319336044
2005-07-12,7960.0,4367.883617296142,4092.7981839507534,3592.1163827038586
2005-07-13,7970.0,4637.667345998931,4304.205759510869,3332.3326540010694
2005-07-14,7650.0,4875.592295049011,4472.334855852455,2774.4077049509892
2005-07-15,7420.0,5075.047872920335,4607.859406236487,2344.952127079665
2005-07-16,6140.0,5202.91928245131,4636.020572325701,937.0807175486902
2005-07-17,4840.0,4840.0,4565.277926739988,0.0
2005-07-18,4770.0,4770.0,4495.90034093073,0.0
2005-07-19,4250.0,4250.0,4250.0,0.0
2005-07-20,4670.0,4265.75,4202.407407407407,404.25
2005-07-21,4860.0,4303.19375,4173.29561042524,556.8062500000001
2005-07-22,4220.0,4220.0,4099.471942793273,0.0
2005-07-23,3900.0,3900.0,3900.0,0.0
2005-07-24,3440.0,3440.0,3440.0,0.0
2005-07-25,3100.0,3100.0,3100.0,0.0
2005-07-26,2860.0,2860.0,2860.0,0.0
2005-07-27,2890.0,2861.125,2809.259259259259,28.875
2005-07-28,3010.0,2867.790625,2772.105624142661,142.209375
2005-07-29,3510.0,2897.2063281250003,2775.429177462785,612.793671875
2005-07-30,3530.0,2943.915853515625,2779.9264758458603,586.084146484375
2005-07-31,3320.0,2979.997164501953,2768.4518021564286,340.0028354980469
2005-08-01,3110.0,2997.6223771643067,2742.4840426974997,112.37762283569344
2005-08-02,2790.0,2790.0,2695.2170017069902,0.0
2005-08-03,2510.0,2510.0,2510.0,0.0
2005-08-04,2350.0,2350.0,2350.0,0.0
2005-08-05,2330.0,2330.0,2305.0,0.0
2005-08-06,2330.0,2330.0,2264.1666666666665,0.0
2005-08-07,2670.0,2342.75,2252.299382716049,327.25
2005-08-08,4450.0,2434.04375,2373.3827732053037,2015.95625
2005-08-09,4030.0,2569.49046875,2452.143627538146,1460.50953125
2005-08-10,3470.0,2658.02868359375,2482.1303286920215,811.97131640625
2005-08-11,3130.0,2706.176532324219,2484.155298257575,423.82346767578133
2005-08-12,2740.0,2723.3382923999025,2457.103881752244,16.66170760009777
2005-08-13,2610.0,2610.0,2422.9275964048143,0.0
2005-08-14,2710.0,2613.75,2399.323189330294,96.25
2005-08-15,2380.0,2380.0,2353.4599310589706,0.0
2005-08-16,2260.0,2260.0,2260.0,0.0
2005-08-17,2430.0,2266.375,2230.740740740741,163.625
2005-08-18,3550.0,2320.646875,2287.1536351165983,1229.353125
2005-08-19,4100.0,2433.4733593749997,2379.0838540872837,1666.526640625
2005-08-20,2990.0,2516.837857421875,2380.2797935236463,473.1621425781252
2005-08-21,2870.0,2547.8250181152343,2372.476108938123,322.1749818847658
2005-08-22,2920.0,2573.8631417565916,2369.098691443852,346.1368582434084
2005-08-23,3340.0,2615.573406124847,2397.145108902755,724.4265938751528
2005-08-24,3180.0,2663.9054006654837,2410.7427840043515,516.0945993345164
2005-08-25,2590.0,2590.0,2379.377711411356,0.0
2005-08-26,2290.0,2290.0,2290.0,0.0
2005-08-27,2650.0,2303.5,2274.2592592592596,346.5
2005-08-28,2110.0,2110.0,2110.0,0.0
2005-08-29,1980.0,1980.0,1980.0,0.0
2005-08-30,4140.0,2061.0,2103.3333333333335,2079.0
2005-08-31,5460.0,2266.425,2313.024691358025,3193.575
2005-09-01,3990.0,2450.8181250000002,2394.41129401006,1539.1818749999998
2005-09-02,2910.0,2525.7567656250003,2388.262100120239,384.24323437499993
2005-09-03,2530.0,2530.0,2354.5341278868837,0.0
2005-09-04,2270.0,2270.0,2270.0,0.0
2005-09-05,2120.0,2120.0,2120.0,0.0
2005-09-06,1980.0,1980.0,1980.0,0.0
2005-09-07,1870.0,1870.0,1870.0,0.0
2005-09-08,1800.0,1800.0,1800.0,0.0
2005-09-09,1750.0,1750.0,1750.0,0.0
2005-09-10,1670.0,1670.0,1670.0,0.0
2005-09-11,1590.0,1590.0,1590.0,0.0
2005-09-12,1540.0,1540.0,1540.0,0.0
2005-09-13,1510.0,1510.0,1509.2592592592591,0.0
2005-09-14,1460.0,1460.0,1460.0,0.0
2005-09-15,1420.0,1420.0,1420.0,0.0
2005-09-16,1410.0,1410.0,1392.9629629629628,0.0
2005-09-17,1540.0,1414.875,1378.0589849108367,125.125
2005-09-18,1490.0,1422.384375,1360.8313011227963,67.61562500000001
2005-09-19,1350.0,1350.0,1334.8284028706855,0.0
2005-09-20,1290.0,1290.0,1290.0,0.0
2005-09-21,1270.0,1270.0,1264.6296296296296,0.0
2005-09-22,1250.0,1250.0,1240.1268861454046,0.0
2005-09-23,1230.0,1230.0,1216.4114337245337,0.0
2005-09-24,1210.0,1210.0,1193.4103750463362,0.0
2005-09-25,1180.0,1180.0,1170.3168218013052,0.0
2005-09-26,1230.0,1181.875,1153.0652642271102,48.125
2005-09-27,1310.0,1188.484375,1143.3369990208962,121.515625
2005-09-28,1240.0,1194.973046875,1129.3243139263686,45.026953125000006
2005-09-29,1190.0,1190.0,1112.9053959702233,0.0
2005-09-30,1190.0,1190.0,1098.0067481952026,0.0
2005-10-01,1300.0,1194.125,1092.635752991943,105.875
2005-10-02,1260.0,1200.565625,1084.799109196393,59.434375
2005-10-03,1260.0,1205.023203125,1077.6880805670974,54.976796875000005
2005-10-04,1240.0,1208.396462890625,1069.7539990331068,31.603537109375004
2005-10-05,1220.0,1210.0167281738281,1061.073073196708,9.98327182617188
2005-10-06,1590.0,1224.640473560791,1080.6033441970128,365.359526439209
2005-10-07,3390.0,1319.5424380437316,1231.6585901046972,2070.4575619562684
2005-10-08,2800.0,1452.7017551904516,1325.0235354653732,1347.2982448095484
2005-10-09,2050.0,1525.6241235511677,1354.1880229222832,524.3758764488323
2005-10-10,1750.0,1553.7023142848302,1358.4298726517013,196.2976857151699
2005-10-11,1640.0,1564.2996407134679,1354.1308103691363,75.70035928653218
2005-10-12,1550.0,1550.0,1343.5631427423643,0.0
2005-10-13,1480.0,1480.0,1328.7887776736268,0.0
2005-10-14,1430.0,1430.0,1311.6787056668093,0.0
2005-10-15,1380.0,1380.0,1292.4491958828457,0.0
2005-10-16,1310.0,1310.0,1269.8150110788786,0.0
2005-10-17,1270.0,1270.0,1246.3136211641674,0.0
2005-10-18,1250.0,1250.0,1223.5068043897074,0.0
2005-10-19,1240.0,1240.0,1202.0709891684382,0.0
2005-10-20,1230.0,1230.0,1181.8792309121013,0.0
2005-10-21,1220.0,1220.0,1162.8163391609808,0.0
2005-10-22,1200.0,1200.0,1144.0370484979271,0.0
2005-10-23,1200.0,1200.0,1126.9965810444153,0.0
2005-10-24,1170.0,1170.0,1109.3117124291916,0.0
2005-10-25,1150.0,1150.0,1091.7828501672293,0.0
2005-10-26,1150.0,1150.0,1075.8770307073005,0.0
2005-10-27,1140.0,1140.0,1060.7032315677357,0.0
2005-10-28,1140.0,1140.0,1046.9344138299823,0.0
2005-10-29,1130.0,1130.0,1033.6997458827616,0.0
2005-10-30,1130.0,1130.0,1021.6905101528762,0.0
2005-10-31,1120.0,1120.0,1010.0524999535359,0.0
2005-11-01,1090.0,1090.0,997.2698610689492,0.0
2005-11-02,1090.0,1090.0,985.6707998588613,0.0
2005-11-03,1080.0,1080.0,974.4049850571148,0.0
2005-11-04,1070.0,1070.0,963.4415605147893,0.0
2005-11-05,1080.0,1070.375,954.2340086152717,9.625
2005-11-06,1070.0,1070.0,945.1382670768206,0.0
2005-11-07,1060.0,1060.0,936.1439830882262,0.0
2005-11-08,1060.0,1060.0,927.9825031726497,0.0
2005-11-09,1040.0,1040.0,919.0952343603673,0.0
2005-11-10,1070.0,1041.125,913.2530830307036,28.875
2005-11-11,1050.0,1042.540625,906.4703901574902,7.459375000000001
2005-11-12,1020.0,1020.0,898.0935021799448,0.0
2005-11-13,1030.0,1020.375,891.2329927188388,9.625
2005-11-14,1030.0,1021.096875,885.0077156152427,8.903125000000001
2005-11-15,1050.0,1022.514609375,880.8403345397571,27.485390625
2005-11-16,1410.0,1038.076013671875,903.725488749039,371.923986328125
2005-11-17,1710.0,1077.2203126464842,946.7138694204242,632.7796873535157
2005-11-18,1370.0,1111.928789197998,960.5366592889035,258.07121080200204
2005-11-19,1180.0,1124.1591300081482,959.0054871325235,55.84086999185189
2005-11-20,1130.0,1126.472195257537,953.9123864721046,3.5278047424629975
2005-11-21,1340.0,1134.6117806132218,964.8464247617245,205.38821938677827
2005-11-22,3280.0,1222.76589706723,1118.4717558023058,2057.23410293277
2005-11-23,2390.0,1343.6834547871877,1191.9465932280182,1046.3165452128123
2005-11-24,1670.0,1395.1571956781486,1205.2848716328313,274.8428043218514
2005-11-25,1450.0,1407.5204060022875,1201.0918279631246,42.479593997712584
2005-11-26,1350.0,1350.0,1189.8796216702428,0.0
2005-11-27,1310.0,1310.0,1176.7426196637389,0.0
2005-11-28,1380.0,1312.625,1170.0071919170964,67.375
2005-11-29,4840.0,1447.428125,1420.191711184032,3392.571875
2005-11-30,6070.0,1747.996015625,1738.322108296622,4322.003984375
2005-12-01,5020.0,2032.771314453125,1949.218209380268,2987.228685546875
2005-12-02,2970.0,2179.9384658691406,1988.735041845058,790.0615341308594
2005-12-03,2260.0,2212.568080928955,1972.0003157482936,47.431919071044945
2005-12-04,2060.0,2060.0,1942.0002865123404,0.0
2005-12-05,2600.0,2080.25,1954.7780377611978,519.75
2005-12-06,3360.0,2147.73125,2022.6689601907167,1212.26875
2005-12-07,2630.0,2211.27640625,2030.1996120249096,418.72359374999996
2005-12-08,2250.0,2228.43067578125,2008.8848331337142,21.569324218750012
2005-12-09,3140.0,2263.4233750976564,2055.4695708065187,876.5766249023437
2005-12-10,3290.0,2334.791621965332,2108.8520179540633,955.2083780346679
2005-12-11,2610.0,2380.932250317932,2106.9212755509093,229.06774968206787
2005-12-12,2300.0,2300.0,2082.206342629529,0.0
2005-12-13,2130.0,2130.0,2047.1872368304987,0.0
2005-12-14,1980.0,1980.0,1980.0,0.0
2005-12-15,2760.0,2009.25,2001.111111111111,750.75
2005-12-16,4720.0,2139.05625,2165.4526748971193,2580.94375
2005-12-17,3870.0,2300.75203125,2251.6144642584973,1569.24796875
2005-12-18,2840.0,2379.82062890625,2253.502013864192,460.17937109375
2005-12-19,2490.0,2401.2090817382814,2229.2888644323225,88.79091826171873
2005-12-20,2290.0,2290.0,2192.502858466367,0.0
2005-12-21,2140.0,2140.0,2140.0,0.0
2005-12-22,2030.0,2030.0,2030.0,0.0
2005-12-23,1950.0,1950.0,1950.0,0.0
2005-12-24,1880.0,1880.0,1880.0,0.0
2005-12-25,1910.0,1881.125,1847.4074074074072,28.875
2005-12-26,2040.0,1888.165625,1827.4622770919066,151.834375
2005-12-27,1890.0,1890.0,1798.2528069908042,0.0
2005-12-28,1840.0,1840.0,1768.0442137509147,0.0
2005-12-29,2110.0,1850.125,1760.6327124776817,259.875
2005-12-30,2060.0,1867.740625,1750.2037576186372,192.259375
2005-12-31,1900.0,1876.160078125,1728.8885948761708,23.839921875000016
2006-01-01,1810.0,1810.0,1702.8803916468958,0.0
2006-01-02,2010.0,1817.5,1694.095170198109,192.5
2006-01-03,2840.0,1863.0625,1747.604876661247,976.9375
2006-01-04,2560.0,1925.8328124999998,1775.4192399333538,634.1671875000001
2006-01-05,2250.0,1961.7703515624999,1777.695236235821,288.22964843750015
2006-01-06,2100.0,1977.7625751953124,1768.6493810288005,122.23742480468763
2006-01-07,1970.0,1970.0,1750.8114753779855,0.0
2006-01-08,1880.0,1880.0,1727.9585609911348,0.0
2006-01-09,1820.0,1820.0,1702.7772127512148,0.0
2006-01-10,1760.0,1760.0,1675.4830263853617,0.0
2006-01-11,1800.0,1761.5,1653.6790424607912,38.5
2006-01-12,1980.0,1771.1375,1647.227279269977,208.8625
2006-01-13,1970.0,1786.4271875,1640.6321608190533,183.57281250000003
2006-01-14,2660.0,1826.0701484375,1685.7588125950672,833.9298515625001
2006-01-15,2530.0,1883.7398873046873,1717.0774410584868,646.2601126953126
2006-01-16,2150.0,1917.9593957568359,1717.3480483678863,232.04060424316424
2006-01-17,2480.0,1947.737441075073,1742.0380438893783,532.2625589249269
2006-01-18,6200.0,2127.1571329944427,2039.9974842699917,4072.8428670055573
2006-01-19,5020.0,2388.370348019859,2222.9606801709183,2631.629651980141
2006-01-20,3580.0,2531.74257191837,2282.316172747685,1048.2574280816302
2006-01-21,3040.0,2590.111879024492,2296.1757863821585,449.88812097550806
2006-01-22,2940.0,2620.103488097655,2301.344695050477,319.89651190234497
2006-01-23,2860.0,2641.095726490331,2300.109075138396,218.9042735096691
2006-01-24,2930.0,2660.138547003556,2304.1730496626187,269.861452996444
2006-01-25,2650.0,2650.0,2287.1199895086725,0.0
2006-01-26,2420.0,2420.0,2254.6088793689805,0.0
2006-01-27,2280.0,2280.0,2214.7376868348156,0.0
2006-01-28,2180.0,2180.0,2171.1508639797403,0.0
2006-01-29,2190.0,2180.375,2132.3405987964306,9.625
2006-01-30,2350.0,2187.096875,2108.9757285375017,162.903125
2006-01-31,2250.0,2195.564609375,2080.3668647840295,54.435390625
2006-02-01,2120.0,2120.0,2044.7773402669895,0.0
2006-02-02,2030.0,2030.0,2005.8164754274533,0.0
2006-02-03,2110.0,2033.0,1976.3890239989855,77.0
2006-02-04,3800.0,2102.15,2074.871521776857,1697.85
2006-02-05,4570.0,2258.36375,2221.2723067975185,2311.63625
2006-02-06,3210.0,2380.73646875,2253.376722834785,829.2635312500001
2006-02-07,2670.0,2422.6812335937498,2242.5085077574904,247.31876640625012
2006-02-08,2450.0,2432.9801410742184,2216.35031259476,17.019858925781364
2006-02-09,2310.0,2310.0,2182.243802169319,0.0
2006-02-10,2190.0,2190.0,2142.4064130795673,0.0
2006-02-11,2160.0,2160.0,2104.0354489055335,0.0
2006-02-12,2200.0,2161.5,2072.1803147476135,38.5
2006-02-13,2070.0,2070.0,2033.6451004191306,0.0
2006-02-14,1970.0,1970.0,1970.0,0.0
2006-02-15,1920.0,1920.0,1920.0,0.0
2006-02-16,1900.0,1900.0,1882.962962962963,0.0
2006-02-17,1870.0,1870.0,1847.1330589849108,0.0
2006-02-18,1880.0,1870.375,1815.361479449271,9.625
2006-02-19,1890.0,1871.471875,1787.2724535743384,18.528125000000003
2006-02-20,1840.0,1840.0,1758.0805597248627,0.0
2006-02-21,1800.0,1800.0,1728.6286560466344,0.0
2006-02-22,1800.0,1800.0,1701.9037804867608,0.0
2006-02-23,1820.0,1800.75,1679.1349119231716,19.25
2006-02-24,1770.0,1770.0,1654.7705682265816,0.0
2006-02-25,1720.0,1720.0,1628.958478575972,0.0
2006-02-26,1680.0,1680.0,1602.5734342633818,0.0
2006-02-27,1640.0,1640.0,1575.668486646402,0.0
2006-02-28,1620.0,1620.0,1549.7732564013647,0.0
2006-03-01,1610.0,1610.0,1525.534991919757,0.0
2006-03-02,1590.0,1590.0,1502.0595297049645,0.0
2006-03-03,1580.0,1580.0,1480.0169806582085,0.0
2006-03-04,1530.0,1530.0,1456.3117046713373,0.0
2006-03-05,1500.0,1500.0,1432.5791394239911,0.0
2006-03-06,1510.0,1500.375,1411.7847746625105,9.625
2006-03-07,1500.0,1500.0,1392.1750733048705,0.0
2006-03-08,1460.0,1460.0,1371.418122072938,0.0
2006-03-09,1440.0,1440.0,1351.101629288407,0.0
2006-03-10,1480.0,1441.5,1335.629256206147,38.5
2006-03-11,1570.0,1447.7625,1328.2561769278,122.23750000000001
2006-03-12,1480.0,1453.5553125,1314.8991235085591,26.444687500000015
2006-03-13,1450.0,1450.0,1300.5566120725814,0.0
2006-03-14,1490.0,1451.5,1290.5050739177127,38.5
2006-03-15,1410.0,1410.0,1275.4583078142207,0.0
2006-03-16,1380.0,1380.0,1259.5825385721635,0.0
2006-03-17,1370.0,1370.0,1244.436007222889,0.0
2006-03-18,1350.0,1350.0,1229.2104509985475,0.0
2006-03-19,1330.0,1330.0,1213.9131870172005,0.0
2006-03-20,1370.0,1331.5,1202.9952993304228,38.5
2006-03-21,1690.0,1346.3875,1216.7920308739021,343.6125
2006-03-22,1770.0,1375.1584375,1235.237213200393,394.8415625
2006-03-23,1580.0,1397.6465546875,1237.9004342003564,182.3534453125
2006-03-24,1530.0,1409.4480630859375,1236.6133569595827,120.55193691406251
2006-03-25,1500.0,1417.3644583544922,1233.2232313151767,82.63554164550783
2006-03-26,1450.0,1421.6871239779052,1226.4433024896973,28.31287602209474
2006-03-27,1400.0,1400.0,1216.5874411480588,0.0
2006-03-28,1370.0,1370.0,1205.4219373380533,0.0
2006-03-29,1350.0,1350.0,1193.8087949919372,0.0
2006-03-30,1330.0,1330.0,1181.7894621223134,0.0
2006-03-31,1320.0,1320.0,1170.1422897035804,0.0
2006-04-01,1330.0,1320.375,1160.314299916212,9.625
2006-04-02,1340.0,1321.471875,1152.1370499239702,18.528125000000003
2006-04-03,1510.0,1329.236484375,1157.3095453013805,180.763515625
2006-04-04,1460.0,1340.918748046875,1158.2994022179194,119.08125195312502
2006-04-05,1330.0,1330.0,1149.5679760866306,0.0
2006-04-06,1270.0,1270.0,1137.200570893424,0.0
2006-04-07,1260.0,1260.0,1125.2375550699587,0.0
2006-04-08,1440.0,1266.75,1127.7155592301476,173.25
2006-04-09,1350.0,1276.36875,1123.2974518940227,73.63125
2006-04-10,1280.0,1279.26609375,1114.1032433853168,0.733906250000004
2006-04-11,1230.0,1230.0,1102.0566467755652,0.0
2006-04-12,1190.0,1190.0,1088.1625128148648,0.0
2006-04-13,1180.0,1180.0,1074.8141319986737,0.0
2006-04-14,1170.0,1170.0,1061.960971628426,0.0
2006-04-15,1160.0,1160.0,1049.5571779591273,0.0
2006-04-16,1150.0,1150.0,1037.5611429629118,0.0
2006-04-17,1120.0,1120.0,1024.4536297256052,0.0
2006-04-18,1100.0,1100.0,1011.0782936399011,0.0
2006-04-19,1540.0,1116.5,1031.5340071917622,423.5
2006-04-20,1610.0,1150.8875,1055.2808583777103,459.1125
2006-04-21,1510.0,1181.5709375,1069.4215196390335,328.42906250000004
2006-04-22,3710.0,1288.7031171875,1245.2158233761602,2421.2968828125
2006-04-23,3210.0,1451.5503833984376,1367.6958397302196,1758.4496166015624
2006-04-24,2190.0,1545.1841046435547,1403.2795582737178,644.8158953564453
2006-04-25,1830.0,1580.045296795288,1408.9018213965219,249.9547032047119
2006-04-26,1960.0,1603.6668995356415,1423.6331342301771,356.3331004643585
2006-04-27,2590.0,1654.0168820704685,1483.6671032829386,935.9831179295315
2006-04-28,2180.0,1708.8406159151832,1507.7720011271113,471.1593840848167
2006-04-29,1840.0,1731.4275697215446,1504.4597788005267,108.57243027845544
2006-04-30,1680.0,1680.0,1489.602391874552,0.0
2006-05-01,1590.0,1590.0,1469.4540222565379,0.0
2006-05-02,1510.0,1510.0,1445.2453164920437,0.0
2006-05-03,1450.0,1450.0,1418.8337131131507,0.0
2006-05-04,1390.0,1390.0,1390.0,0.0
2006-05-05,1420.0,1391.125,1366.4814814814815,28.875
2006-05-06,1650.0,1401.915625,1362.1776406035665,248.084375
2006-05-07,1700.0,1422.396953125,1361.9760072143476,277.603046875
2006-05-08,1520.0,1436.4671816406249,1348.459710250056,83.53281835937503
2006-05-09,1460.0,1440.482143017578,1331.7504778194955,19.517856982421904
2006-05-10,1400.0,1400.0,1312.1439520954682,0.0
2006-05-11,1380.0,1380.0,1292.8713639384805,0.0
2006-05-12,1320.0,1320.0,1270.938830240473,0.0
2006-05-13,1260.0,1260.0,1246.5926422552438,0.0
2006-05-14,1230.0,1230.0,1222.2785087130915,0.0
2006-05-15,1200.0,1200.0,1197.9934616100275,0.0
2006-05-16,1150.0,1150.0,1150.0,0.0
2006-05-17,1120.0,1120.0,1120.0,0.0
2006-05-18,1130.0,1120.375,1100.0,9.625
2006-05-19,1130.0,1121.096875,1081.8518518518517,8.903125000000001
2006-05-20,1530.0,1136.764609375,1095.0137174211247,393.235390625
2006-05-21,1610.0,1169.257263671875,1112.8828176599095,440.742736328125
2006-05-22,1400.0,1194.4379688964843,1113.5418160247327,205.5620311035156
2006-05-23,1290.0,1205.730121229248,1105.9916478742944,84.26987877075194
2006-05-24,1190.0,1190.0,1091.733161960008,0.0
2006-05-25,1130.0,1130.0,1074.3504617785256,0.0
2006-05-26,1170.0,1131.5,1061.5402338360695,38.5
2006-05-27,1190.0,1135.1375,1051.397619591989,54.862500000000004
2006-05-28,1140.0,1137.3771875,1038.4904325927307,2.622812500000009
2006-05-29,1110.0,1110.0,1024.556133278589,0.0
2006-05-30,1000.0,1000.0,1000.0,0.0
2006-05-31,1040.0,1001.5,984.4444444444443,38.5
2006-06-01,1060.0,1005.1375,971.8106995884772,54.862500000000004
2006-06-02,1260.0,1016.7521875,975.1615607376923,243.2478125
2006-06-03,1500.0,1043.9957734375,995.9799347434615,456.0042265625
2006-06-04,1260.0,1069.1960904296875,997.0929037486966,190.8039095703125
2006-06-05,1070.0,1070.0,984.0287459941875,0.0
2006-06-06,994.0,994.0,966.5446028465775,0.0
2006-06-07,941.0,941.0,941.0,0.0
2006-06-08,913.0,913.0,913.0,0.0
2006-06-09,872.0,872.0,872.0,0.0
2006-06-10,853.0,853.0,853.0,0.0
2006-06-11,992.0,858.2125,847.5,133.7875
2006-06-12,974.0,867.5715625,841.1759259259259,106.4284375
2006-06-13,898.0,872.7036953125,829.8077846364882,25.296304687499997
2006-06-14,885.0,874.1134181640625,818.5292860590357,10.886581835937497
2006-06-15,845.0,845.0,805.3321299424583,0.0
2006-06-16,957.0,849.2,801.6532290218604,107.8
2006-06-17,807.0,807.0,787.2038559642807,0.0
2006-06-18,758.0,758.0,758.0,0.0
2006-06-19,727.0,727.0,727.0,0.0
2006-06-20,845.0,731.425,722.2777777777777,113.575
2006-06-21,731.0,731.0,709.5483539094648,0.0
2006-06-22,641.0,641.0,641.0,0.0
2006-06-23,696.0,643.0625,633.2037037037038,52.9375
2006-06-24,1180.0,665.1828125,661.9811385459535,514.8171875
2006-06-25,1480.0,715.0441015624999,710.316218310217,764.9558984375001
2006-06-26,3760.0,857.9157939453125,923.0647166148267,2902.0842060546875
2006-06-27,6560.0,1180.5721093994143,1323.5216872986393,5379.427890600586
2006-06-28,4750.0,1516.1542011944584,1552.825234770988,3233.8457988055416
2006-06-29,2250.0,1664.942636104874,1575.7117871070072,585.057363895126
2006-06-30,1530.0,1530.0,1530.0,0.0
2006-07-01,1310.0,1310.0,1310.0,0.0
2006-07-02,1200.0,1200.0,1200.0,0.0
2006-07-03,1150.0,1150.0,1150.0,0.0
2006-07-04,1150.0,1150.0,1128.7037037037037,0.0
2006-07-05,1680.0,1169.875,1148.6385459533608,510.125
2006-07-06,1990.0,1219.759375,1189.6905324391607,770.240625
2006-07-07,1430.0,1256.527421875,1185.4599275836829,173.47257812500004
2006-07-08,1230.0,1230.0,1166.8062305851938,0.0
2006-07-09,1130.0,1130.0,1130.0,0.0
2006-07-10,1080.0,1080.0,1080.0,0.0
2006-07-11,1190.0,1084.125,1068.1481481481483,105.875
2006-07-12,1250.0,1094.315625,1061.8381344307272,155.684375
2006-07-13,1120.0,1101.116953125,1046.4827516130674,18.88304687499999
2006-07-14,1250.0,1107.4081816406251,1042.178793130376,142.591818359375
2006-07-15,1450.0,1125.602568017578,1053.0881641368228,324.3974319824219
2006-07-16,1370.0,1146.9323754162597,1057.061482272302,223.06762458374027
2006-07-17,1060.0,1060.0,1037.7039376174594,0.0
2006-07-18,963.0,963.0,963.0,0.0
2006-07-19,906.0,906.0,906.0,0.0
2006-07-20,891.0,891.0,888.1111111111111,0.0
2006-07-21,1070.0,897.7125,885.1378600823044,172.2875
2006-07-22,1310.0,919.6340625,900.2176878524614,390.3659375
2006-07-23,1350.0,950.4115078125001,916.8641982364927,399.5884921875
2006-07-24,1220.0,975.5056447265624,922.3397354368175,244.49435527343752
2006-07-25,1280.0,996.0927213720703,931.7527228963713,283.9072786279297
2006-07-26,1550.0,1027.510767269165,960.2941374430036,522.489232730835
2006-07-27,1220.0,1054.3224597239775,961.7483839760588,165.67754027602246
2006-07-28,1030.0,1030.0,948.9939039782755,0.0
2006-07-29,951.0,951.0,931.5685424988055,0.0
2006-07-30,957.0,951.225,916.2010848600272,5.775
2006-07-31,907.0,907.0,898.5528362618765,0.0
2006-08-01,847.0,847.0,847.0,0.0
2006-08-02,804.0,804.0,804.0,0.0
2006-08-03,796.0,796.0,788.5185185185186,0.0
2006-08-04,874.0,798.925,780.2482853223595,75.075
2006-08-05,866.0,804.255625,772.1512218665855,61.744375000000005
2006-08-06,909.0,810.498953125,767.9890716937535,98.50104687500001
2006-08-07,881.0,816.836531640625,762.1382317221097,64.16346835937502
2006-08-08,841.0,820.1487917675781,753.8661732293217,20.851208232421897
2006-08-09,807.0,807.0,743.8415275599401,0.0
2006-08-10,872.0,809.4375,739.5599046377234,62.5625
2006-08-11,1020.0,819.6796875,746.6376912453417,200.32031250000003
2006-08-12,2690.0,897.3287109375001,876.7638309448472,1792.6712890625
2006-08-13,2180.0,1012.6540576171874,957.0634762277317,1167.3459423828126
2006-08-14,1370.0,1069.8300032958982,969.9279691696084,300.1699967041018
2006-08-15,1110.0,1082.5927530487058,962.3420460983484,27.407246951294155
2006-08-16,1150.0,1086.148296570053,958.4214862744273,63.851703429947094
2006-08-17,1140.0,1090.5621743272989,954.1232005082766,49.43782567270107
2006-08-18,974.0,974.0,937.9266078686212,0.0
2006-08-19,939.0,939.0,920.637107140045,0.0
2006-08-20,1430.0,957.4124999999999,941.3188564789298,472.58750000000003
2006-08-21,1320.0,988.7315624999999,951.937480879029,331.26843750000006
2006-08-22,1190.0,1008.7016953124999,951.9432696865263,181.2983046875001
2006-08-23,1340.0,1027.9240681640624,963.0596336044406,312.0759318359376
2006-08-24,1100.0,1042.3297630517577,955.3689267892146,57.67023694824229
2006-08-25,1010.0,1010.0,941.7236557902132,0.0
2006-08-26,943.0,943.0,924.378872846675,0.0
2006-08-27,873.0,873.0,873.0,0.0
2006-08-28,823.0,823.0,823.0,0.0
2006-08-29,805.0,805.0,805.0,0.0
2006-08-30,1370.0,826.1875,831.9444444444445,543.8125
2006-08-31,1800.0,883.0984375,888.2458847736625,916.9015625
2006-09-01,2020.0,960.1160546874999,955.6305250723974,1059.8839453125001
2006-09-02,2040.0,1040.3573505859372,1018.2573283064346,999.6426494140627
2006-09-03,2070.0,1116.455549291992,1077.3075756854685,953.5444507080081
2006-09-04,2570.0,1206.7213830950925,1167.9272446034809,1363.2786169049075
2006-09-05,5120.0,1404.5922793629607,1439.045092325381,3715.4077206370393
2006-09-06,5130.0,1683.6228584107384,1685.8001763693273,3446.3771415892616
2006-09-07,3360.0,1875.726144029933,1778.5964563351306,1484.273855970067
2006-09-08,2340.0,1948.796683227688,1787.2449326003964,391.20331677231206
2006-09-09,1850.0,1850.0,1758.7963277299891,0.0
2006-09-10,1800.0,1800.0,1729.2781492364716,0.0
2006-09-11,1620.0,1620.0,1620.0,0.0
2006-09-12,1410.0,1410.0,1410.0,0.0
2006-09-13,1620.0,1417.875,1399.4444444444446,202.125
2006-09-14,2220.0,1455.534375,1434.3106995884777,764.465625
2006-09-15,1930.0,1501.994296875,1444.4671162932486,428.0057031250001
2006-09-16,1580.0,1520.969724609375,1427.757198117948,59.03027539062509
2006-09-17,1420.0,1420.0,1400.7426427366565,0.0
2006-09-18,1330.0,1330.0,1330.0,0.0
2006-09-19,1520.0,1337.125,1319.4444444444446,182.875
2006-09-20,1570.0,1352.715625,1313.5699588477366,217.284375
2006-09-21,1290.0,1290.0,1287.4986663618351,0.0
2006-09-22,1220.0,1220.0,1220.0,0.0
2006-09-23,1220.0,1220.0,1197.4074074074076,0.0
2006-09-24,1750.0,1239.875,1216.1659807956105,510.125
2006-09-25,1820.0,1280.759375,1238.3728344256465,539.240625
2006-09-26,1530.0,1310.327421875,1237.042016423272,219.67257812500003
2006-09-27,1350.0,1320.052865234375,1222.5010889766725,29.947134765625037
2006-09-28,1270.0,1270.0,1203.3806177751287,0.0
2006-09-29,1310.0,1271.5,1188.9935235366909,38.5
2006-09-30,1220.0,1220.0,1169.2719009869973,0.0
2006-10-01,902.0,902.0,902.0,0.0
2006-10-02,861.0,861.0,861.0,0.0
2006-10-03,827.0,827.0,827.0,0.0
2006-10-04,818.0,818.0,811.0185185185185,0.0
2006-10-05,785.0,785.0,785.0,0.0
2006-10-06,884.0,788.7125,777.7962962962962,95.28750000000001
2006-10-07,785.0,785.0,763.9262688614539,0.0
2006-10-08,774.0,774.0,750.5256884113193,0.0
2006-10-09,802.0,775.05,740.4399765213824,26.95
2006-10-10,794.0,776.77125,730.695534250884,17.22875
2006-10-11,879.0,781.25090625,728.1496514498762,97.74909375
2006-10-12,962.0,791.6945882812499,731.9876466859988,170.30541171875
2006-10-13,951.0,804.0549941601562,734.6554571780359,146.94500583984376
2006-10-14,781.0,781.0,724.4836555874771,0.0
2006-10-15,726.0,726.0,711.1796134034515,0.0
2006-10-16,721.0,721.0,698.7370566068356,0.0
2006-10-17,1180.0,738.2125,721.4465884024991,441.7875
2006-10-18,3190.0,846.7215624999999,890.9422746615271,2343.2784375
2006-10-19,2170.0,984.2174453124999,969.1883603410154,1185.7825546875001
2006-10-20,1650.0,1053.6511369140624,1001.6709195686992,596.3488630859376
2006-10-21,1560.0,1095.0023016455077,1024.4791677567825,464.9976983544923
2006-10-22,1290.0,1119.7521290220946,1025.175541112636,170.2478709779054
2006-10-23,1150.0,1127.2707193454376,1015.4370650836881,22.7292806545625
2006-10-24,1070.0,1070.0,1000.6743738722354,0.0
2006-10-25,1010.0,1010.0,982.8341540692506,0.0
2006-10-26,978.0,978.0,964.2754360998756,0.0
2006-10-27,1060.0,981.075,953.5091920165538,78.925
2006-10-28,1760.0,1013.244375,995.5916742372433,746.755625
2006-10-29,2100.0,1082.001046875,1058.9628155115727,1017.9989531250001
2006-10-30,1480.0,1135.1009683593747,1070.5403325938346,344.89903164062514
2006-10-31,1300.0,1154.2183957324219,1067.7125240203313,145.78160426757825
2006-11-01,1220.0,1162.1520160524901,1059.2206236480783,57.847983947509874
2006-11-02,1200.0,1165.7406148485534,1050.033528865849,34.25938515144664
2006-11-03,1110.0,1110.0,1035.0304243412334,0.0
2006-11-04,1050.0,1050.0,1016.972051717045,0.0
2006-11-05,1020.0,1020.0,998.3635284099113,0.0
2006-11-06,997.0,997.0,979.774312816401,0.0
2006-11-07,1210.0,1004.9875,978.6840986667343,205.01250000000002
2006-11-08,2720.0,1076.9884375,1089.5466821235182,1643.0115625
2006-11-09,2150.0,1178.8393046874999,1147.9219893343036,971.1606953125001
2006-11-10,1590.0,1230.6763568359374,1159.4106940255717,359.3236431640627
2006-11-11,1470.0,1253.125630073242,1160.9467408750559,216.874369926758
2006-11-12,1550.0,1272.3912078177489,1168.2664870903284,277.60879218225114
2006-11-13,1360.0,1286.0868672314177,1160.834404952335,73.91313276858233
2006-11-14,1280.0,1280.0,1148.1645526419336,0.0
2006-11-15,1530.0,1289.375,1155.186353323236,240.625
2006-11-16,5490.0,1455.921875,1454.8913206081218,4034.078125
2006-11-17,5100.0,1743.8527343749997,1697.956939070333,3356.1472656250003
2006-11-18,3600.0,1939.3137792968746,1807.405370637895,1660.6862207031254
2006-11-19,2440.0,2020.365245849609,1820.7937622454972,419.634754150391
2006-11-20,2050.0,2037.2128524108882,1804.0535990746178,12.787147589111726
2006-11-21,1830.0,1830.0,1772.5671547158568,0.0
2006-11-22,1730.0,1730.0,1730.0,0.0
2006-11-23,1560.0,1560.0,1560.0,0.0
2006-11-24,1420.0,1420.0,1420.0,0.0
2006-11-25,1340.0,1340.0,1340.0,0.0
2006-11-26,1280.0,1280.0,1280.0,0.0
2006-11-27,1230.0,1230.0,1230.0,0.0
2006-11-28,1210.0,1210.0,1205.7407407407406,0.0
2006-11-29,1190.0,1190.0,1182.2462277091906,0.0
2006-11-30,1360.0,1196.375,1173.5197251435247,163.625
2006-12-01,2840.0,1264.146875,1275.2308617043097,1575.853125
2006-12-02,3780.0,1417.585859375,1437.153930065022,2362.414140625
2006-12-03,2700.0,1554.266919921875,1504.0841217256682,1145.733080078125
2006-12-04,2080.0,1616.9469009277343,1518.89114749181,463.0530990722657
2006-12-05,1890.0,1644.5508833581544,1518.2530782796052,245.44911664184576
2006-12-06,1750.0,1657.7095671062928,1507.3037191796416,92.29043289370733
2006-12-07,1630.0,1630.0,1488.4793007370822,0.0
2006-12-08,1540.0,1540.0,1464.7312173355008,0.0
2006-12-09,1450.0,1450.0,1436.51536387851,0.0
2006-12-10,1420.0,1420.0,1408.6898672230923,0.0
2006-12-11,1360.0,1360.0,1360.0,0.0
2006-12-12,1270.0,1270.0,1270.0,0.0
2006-12-13,1240.0,1240.0,1240.0,0.0
2006-12-14,1230.0,1230.0,1216.2962962962963,0.0
2006-12-15,1190.0,1190.0,1190.0,0.0
2006-12-16,1160.0,1160.0,1160.0,0.0
2006-12-17,1130.0,1130.0,1130.0,0.0
2006-12-18,1120.0,1120.0,1108.3333333333333,0.0
2006-12-19,1110.0,1110.0,1087.932098765432,0.0
2006-12-20,1090.0,1090.0,1067.938385916781,0.0
2006-12-21,1070.0,1070.0,1048.3144612948568,0.0
2006-12-22,2160.0,1110.875,1111.248307471259,1049.125
2006-12-23,4800.0,1288.5593749999998,1363.9105012239204,3511.440625
2006-12-24,3950.0,1520.0424218749995,1530.215084443928,2429.9575781250005
2006-12-25,3130.0,1671.5392402343746,1620.3803544028235,1458.4607597656254
2006-12-26,4660.0,1838.2987972167966,1815.5303215877475,2821.7012027832034
2006-12-27,3570.0,2009.0513874255366,1911.870106625919,1560.9486125744634
2006-12-28,2650.0,2091.6225333686216,1931.1413930494452,558.3774666313786
2006-12-29,2290.0,2120.000843365975,1921.961634433756,169.9991566340252
2006-12-30,2070.0,2070.0,1897.335557171371,0.0
2006-12-31,2690.0,2093.25,1920.9155981740216,596.75
2007-01-01,8980.0,2373.8812500000004,2408.2382279727235,6606.11875
2007-01-02,8600.0,2855.0901562500003,2822.290243901176,5744.90984375
2007-01-03,7690.0,3251.8333945312497,3130.5967027992156,4438.16660546875
2007-01-04,6180.0,3528.0708899414058,3298.5044155029923,2651.9291100585942
2007-01-05,4350.0,3658.3405731958,3315.3095622156784,691.6594268041999
2007-01-06,5200.0,3742.090030206115,3393.5216397883005,1457.909969793885
2007-01-07,5010.0,3844.3082779406564,3450.417784252347,1165.6917220593436
2007-01-08,8630.0,4067.485157095107,3770.193915340093,4562.514842904893
2007-01-09,7510.0,4367.673770312974,3977.398182438233,3142.326229687026
2007-01-10,6420.0,4562.473237539501,4084.676128508767,1857.5267624604994
2007-01-11,4900.0,4644.787744724038,4069.428338832029,255.21225527596198
2007-01-12,3810.0,3810.0,3810.0,0.0
2007-01-13,3460.0,3460.0,3460.0,0.0
2007-01-14,3210.0,3210.0,3210.0,0.0
2007-01-15,3000.0,3000.0,3000.0,0.0
2007-01-16,2820.0,2820.0,2820.0,0.0
2007-01-17,2470.0,2470.0,2470.0,0.0
2007-01-18,2410.0,2410.0,2410.0,0.0
2007-01-19,2390.0,2390.0,2363.8888888888887,0.0
2007-01-20,2210.0,2210.0,2210.0,0.0
2007-01-21,2090.0,2090.0,2090.0,0.0
2007-01-22,2520.0,2106.125,2083.1481481481483,413.875
2007-01-23,2520.0,2137.165625,2076.93072702332,382.834375
2007-01-24,2230.0,2155.003203125,2049.8075115581973,74.99679687500003
2007-01-25,2090.0,2090.0,2014.8253345620678,0.0
2007-01-26,1980.0,1980.0,1974.9340998803946,0.0
2007-01-27,1870.0,1870.0,1870.0,0.0
2007-01-28,1810.0,1810.0,1810.0,0.0
2007-01-29,1740.0,1740.0,1740.0,0.0
2007-01-30,1680.0,1680.0,1680.0,0.0
2007-01-31,1640.0,1640.0,1640.0,0.0
2007-02-01,1620.0,1620.0,1608.1481481481483,0.0
2007-02-02,1700.0,1623.0,1585.1714677640605,77.0
2007-02-03,1680.0,1628.025,1562.8407763044252,51.97500000000001
2007-02-04,1580.0,1580.0,1535.1703340540155,0.0
2007-02-05,1520.0,1520.0,1505.6175253453102,0.0
2007-02-06,1460.0,1460.0,1460.0,0.0
2007-02-07,1470.0,1460.375,1433.7037037037037,9.625
2007-02-08,1440.0,1440.0,1407.620027434842,0.0
2007-02-09,1390.0,1390.0,1380.2478026723566,0.0
2007-02-10,1350.0,1350.0,1350.0,0.0
2007-02-11,1330.0,1330.0,1323.5185185185185,0.0
2007-02-12,1320.0,1320.0,1298.7482853223592,0.0
2007-02-13,1340.0,1320.75,1277.7530737184368,19.25
2007-02-14,1510.0,1328.56875,1271.2944557815445,181.43125
2007-02-15,1430.0,1339.17609375,1259.507932098068,90.82390625000002
2007-02-16,1310.0,1310.0,1239.92386431121,0.0
2007-02-17,1280.0,1280.0,1219.930913912024,0.0
2007-02-18,1260.0,1260.0,1200.3076811423919,0.0
2007-02-19,1230.0,1230.0,1180.2791921477258,0.0
2007-02-20,1220.0,1220.0,1161.3644521340473,0.0
2007-02-21,1300.0,1223.0,1150.1270028623762,77.0
2007-02-22,1380.0,1231.775,1145.8559840788228,148.22500000000002
2007-02-23,1260.0,1238.391875,1133.0915411085614,21.60812500000003
2007-02-24,1190.0,1190.0,1116.3238058207316,0.0
2007-02-25,1450.0,1199.75,1120.3678978743676,250.25
2007-02-26,2020.0,1239.89375,1166.2597591822966,780.10625
2007-02-27,1640.0,1284.1517187499999,1179.7542259246766,355.8482812500001
2007-02-28,1430.0,1302.96533984375,1176.4436494501695,127.03466015625014
2007-03-01,1710.0,1322.9929393554685,1194.1803485751539,387.0070606445314
2007-03-02,6940.0,1548.1434689038088,1597.682168151529,5391.856531096191
2007-03-03,6440.0,1933.7827087360229,1926.7856711004617,4506.217291263977
2007-03-04,5280.0,2228.249005580821,2139.490701554123,3051.750994419179
2007-03-05,2940.0,2369.3803301622593,2159.1674884472595,570.6196698377407
2007-03-06,2350.0,2350.0,2133.318646924365,0.0
2007-03-07,2110.0,2110.0,2092.0854388758125,0.0
2007-03-08,1940.0,1940.0,1940.0,0.0
2007-03-09,1830.0,1830.0,1830.0,0.0
2007-03-10,1740.0,1740.0,1740.0,0.0
2007-03-11,1670.0,1670.0,1670.0,0.0
2007-03-12,1600.0,1600.0,1600.0,0.0
2007-03-13,1560.0,1560.0,1560.0,0.0
2007-03-14,1520.0,1520.0,1520.0,0.0
2007-03-15,1480.0,1480.0,1480.0,0.0
2007-03-16,3380.0,1551.25,1593.3333333333335,1828.75
2007-03-17,3330.0,1686.53125,1692.4691358024693,1643.46875
2007-03-18,2340.0,1772.66640625,1709.0923639689074,567.3335937500001
2007-03-19,1990.0,1802.0914257812499,1698.2504784162306,187.90857421875012
2007-03-20,1850.0,1810.934568847656,1678.0421007850982,39.065431152343876
2007-03-21,1820.0,1812.739476184082,1657.4826470087003,7.260523815918084
2007-03-22,1700.0,1700.0,1629.9379574708578,0.0
2007-03-23,1630.0,1630.0,1599.7585169642969,0.0
2007-03-24,1580.0,1580.0,1568.6697653935287,0.0
2007-03-25,1510.0,1510.0,1510.0,0.0
2007-03-26,1460.0,1460.0,1460.0,0.0
2007-03-27,1440.0,1440.0,1431.4814814814813,0.0
2007-03-28,1410.0,1410.0,1403.38134430727,0.0
2007-03-29,1430.0,1410.75,1379.3645531677078,19.25
2007-03-30,1430.0,1412.19375,1357.5715389855125,17.806250000000002
2007-03-31,1390.0,1390.0,1334.833433523891,0.0
2007-04-01,1370.0,1370.0,1312.7192267161233,0.0
2007-04-02,1430.0,1372.25,1297.09707609426,57.75
2007-04-03,1480.0,1378.45625,1286.6251246040508,101.54375
2007-04-04,1410.0,1383.44703125,1271.9376130666387,26.552968750000005
2007-04-05,1380.0,1380.0,1256.387834078987,0.0
2007-04-06,1290.0,1290.0,1235.611182775377,0.0
2007-04-07,1260.0,1260.0,1214.5360732591384,0.0
2007-04-08,1230.0,1230.0,1193.1901405499589,0.0
2007-04-09,1210.0,1210.0,1172.339201610148,0.0
2007-04-10,1200.0,1200.0,1152.6781644240232,0.0
2007-04-11,1190.0,1190.0,1134.0968529032803,0.0
2007-04-12,1340.0,1195.625,1128.3471443011247,144.375
2007-04-13,1270.0,1203.828125,1117.9446309399095,66.171875
2007-04-14,1300.0,1209.916015625,1110.7275354825106,90.083984375
2007-04-15,1820.0,1236.172314453125,1142.697208123019,583.827685546875
2007-04-16,2360.0,1300.2093908691404,1211.7067258894062,1059.7906091308596
2007-04-17,1630.0,1352.3186865539549,1220.252399418165,277.6813134460451
2007-04-18,1430.0,1365.6447850624081,1213.1919920646312,64.35521493759177
2007-04-19,1400.0,1369.3464261827276,1204.5631039104987,30.653573817272388
2007-04-20,1460.0,1373.895444219023,1201.1776313261935,86.10455578097697
2007-04-21,1320.0,1320.0,1187.7352580552497,0.0
2007-04-22,1260.0,1260.0,1171.0931045316156,0.0
2007-04-23,1200.0,1200.0,1151.547446704614,0.0
2007-04-24,1180.0,1180.0,1132.3300905282608,0.0
2007-04-25,1160.0,1160.0,1113.4106377015698,0.0
2007-04-26,1140.0,1140.0,1094.7615045810542,0.0
2007-04-27,1150.0,1140.375,1078.579883786512,9.625
2007-04-28,1150.0,1141.096875,1063.8965612136867,8.903125000000001
2007-04-29,1100.0,1100.0,1046.869101842049,0.0
2007-04-30,1060.0,1060.0,1028.4552961159334,0.0
2007-05-01,1030.0,1030.0,1009.5242501792729,0.0
2007-05-02,1010.0,1010.0,990.8645973848958,0.0
2007-05-03,1010.0,1010.0,973.9326902196277,0.0
2007-05-04,1600.0,1032.125,1002.2722559400327,567.875
2007-05-05,1320.0,1064.2156249999998,1007.2470470566964,255.78437500000007
2007-05-06,1510.0,1090.524453125,1025.8352834403356,419.4755468750001
2007-05-07,1320.0,1114.8601191406249,1028.6283127514157,205.13988085937507
2007-05-08,1140.0,1123.495610205078,1017.8293949040624,16.504389794921934
2007-05-09,1080.0,1080.0,1003.5859324129455,0.0
2007-05-10,1050.0,1050.0,988.4390868191542,0.0
2007-05-11,1150.0,1053.75,982.1021343358992,96.25
2007-05-12,1190.0,1062.46875,979.3148996751679,127.53125
2007-05-13,1180.0,1071.65859375,976.0450015570968,108.34140625
2007-05-14,1090.0,1076.40919921875,966.411205116625,13.59080078125001
2007-05-15,1000.0,1000.0,951.0027601984189,0.0
2007-05-16,962.0,962.0,934.206208328195,0.0
2007-05-17,945.0,945.0,917.7056334829916,0.0
2007-05-18,917.0,917.0,900.6588155678999,0.0
2007-05-19,894.0,894.0,883.4867030153164,0.0
2007-05-20,872.0,872.0,866.2749712546388,0.0
2007-05-21,847.0,847.0,847.0,0.0
2007-05-22,805.0,805.0,805.0,0.0
2007-05-23,786.0,786.0,786.0,0.0
2007-05-24,791.0,786.1875,771.8148148148148,4.8125
2007-05-25,783.0,783.0,758.3504801097395,0.0
2007-05-26,763.0,763.0,744.6513615810599,0.0
2007-05-27,739.0,739.0,730.4429021754062,0.0
2007-05-28,718.0,718.0,715.9944853073129,0.0
2007-05-29,698.0,698.0,698.0,0.0
2007-05-30,688.0,688.0,684.3333333333333,0.0
2007-05-31,679.0,679.0,671.2654320987652,0.0
2007-06-01,704.0,679.9375,661.2593735711017,24.0625
2007-06-02,733.0,682.8296875,654.327950092296,50.1703125
2007-06-03,728.0,686.4049609374999,647.6679547133797,41.59503906250001
2007-06-04,710.0,688.8495888671874,640.2912922399186,21.15041113281251
2007-06-05,669.0,669.0,630.5606170325187,0.0
2007-06-06,636.0,636.0,619.286485825804,0.0
2007-06-07,610.0,610.0,607.1303297308222,0.0
2007-06-08,586.0,586.0,586.0,0.0
2007-06-09,607.0,586.7875,576.7037037037037,20.212500000000002
2007-06-10,590.0,587.6659375,567.0089163237311,2.3340625000000017
2007-06-11,565.0,565.0,556.3599425900522,0.0
2007-06-12,631.0,567.475,551.585873831714,63.525
2007-06-13,701.0,574.864375,552.4390336621109,126.135625
2007-06-14,803.0,588.1495468749999,560.768752767471,214.850453125
2007-06-15,805.0,604.338330859375,568.4753497334459,200.661669140625
2007-06-16,811.0,619.6129560449218,575.9128173507195,191.38704395507816
2007-06-17,768.0,632.3544843415527,579.476445373801,135.64551565844732
2007-06-18,660.0,638.4778980159363,574.7101078391897,21.52210198406378
2007-06-19,682.0,640.917055664741,572.0147274837092,41.082944335259
2007-06-20,686.0,644.1482764898855,569.865215679662,41.85172351011458
2007-06-21,634.0,634.0,564.0628808945081,0.0
2007-06-22,578.0,578.0,554.6496511820536,0.0
2007-06-23,540.0,540.0,540.0,0.0
2007-06-24,672.0,544.95,539.7777777777778,127.05
2007-06-25,802.0,559.35375,549.2057613168724,242.64625
2007-06-26,827.0,578.48971875,559.6126352690139,248.51028125000002
2007-06-27,782.0,595.4404898437499,565.7225764478089,186.55951015625004
2007-06-28,722.0,607.1824531054688,566.8223378878266,114.81754689453129
2007-06-29,708.0,615.2687691225585,566.7832325278426,92.73123087744145
2007-06-30,681.0,621.2111114383666,564.747748034524,59.78888856163334
2007-07-01,663.0,625.0202780804891,561.5674009942902,37.97972191951085
2007-07-02,694.0,629.0312572244525,560.9778268281522,64.96874277554754
2007-07-03,697.0,634.0164129326186,560.6650650848047,62.98358706738148
2007-07-04,640.0,636.6026819626721,556.1590405399154,3.3973180373278637
2007-07-05,577.0,577.0,547.4035738232566,0.0
2007-07-06,535.0,535.0,535.0,0.0
2007-07-07,577.0,536.575,528.2037037037037,40.425000000000004
2007-07-08,628.0,541.519375,525.8144718792867,86.480625
2007-07-09,604.0,547.105421875,521.8686874460193,56.894578125
2007-07-10,613.0,551.710015234375,518.9549200899064,61.28998476562501
2007-07-11,607.0,556.0817640917969,515.8665015630631,50.91823590820314
2007-07-12,566.0,558.3631317849121,510.0270106775944,7.636868215087908
2007-07-13,519.0,519.0,501.24673191115045,0.0
2007-07-14,496.0,496.0,491.57573821567354,0.0
2007-07-15,486.0,486.0,482.05946615866674,0.0
2007-07-16,490.0,486.15,473.72062669953095,3.85
2007-07-17,557.0,488.95125,471.1168649680929,68.04875
2007-07-18,503.0,492.02990625,464.754192285862,10.970093749999997
2007-07-19,525.0,493.67766328125,460.6102855927266,31.322336718749998
2007-07-20,562.0,497.4143385351563,459.59081470451116,64.58566146484375
2007-07-21,481.0,481.0,452.66573926890834,0.0
2007-07-22,446.0,446.0,443.7892819291946,0.0
2007-07-23,438.0,438.0,435.14212619500995,0.0
2007-07-24,442.0,438.15,427.5919293251016,3.85
2007-07-25,690.0,447.73875,439.11119512833295,242.26125000000002
2007-07-26,1070.0,480.15834375,477.7120103942281,589.84165625
2007-07-27,624.0,507.67146796874994,479.7016390614292,116.32853203125006
2007-07-28,802.0,523.0711078710937,494.6922280372228,278.92889212890634
2007-07-29,711.0,540.5782747807616,501.55405877451693,170.42172521923837
2007-07-30,938.0,561.8724041722045,524.5953496287283,376.1275958277955
2007-07-31,1140.0,597.6569738592891,560.4661505890313,542.3430261407109
2007-08-01,802.0,625.6577008198424,567.9785440530098,176.34229918015762
2007-08-02,653.0,633.2958732583542,563.7583084925459,19.70412674164581
2007-08-03,571.0,571.0,553.8547614099027,0.0
2007-08-04,527.0,527.0,527.0,0.0
2007-08-05,511.0,511.0,511.0,0.0
2007-08-06,553.0,512.575,504.64814814814815,40.425000000000004
2007-08-07,581.0,516.656875,500.95850480109743,64.343125
2007-08-08,542.0,520.020109375,494.7216062084032,21.979890625000003
2007-08-09,503.0,503.0,486.17330933725475,0.0
2007-08-10,455.0,455.0,455.0,0.0
2007-08-11,437.0,437.0,437.0,0.0
2007-08-12,497.0,439.25,433.35185185185185,57.75
2007-08-13,726.0,452.16875,447.00445816186556,273.83125
2007-08-14,456.0,456.0,439.3929342579891,0.0
2007-08-15,395.0,395.0,395.0,0.0
2007-08-16,368.0,368.0,368.0,0.0
2007-08-17,398.0,369.125,363.40740740740745,28.875
2007-08-18,371.0,370.278125,357.2400548696845,0.7218750000000007
2007-08-19,350.0,350.0,350.0,0.0
2007-08-20,342.0,342.0,342.0,0.0
2007-08-21,319.0,319.0,319.0,0.0
2007-08-22,324.0,319.1875,313.462962962963,4.8125
2007-08-23,324.0,319.5484375,308.4386145404664,4.4515625000000005
2007-08-24,456.0,324.8323046875,313.65726134227504,131.1676953125
2007-08-25,608.0,340.36988183593746,329.65195936613844,267.63011816406254
2007-08-26,450.0,354.51714069824214,332.46196312853306,95.48285930175786
2007-08-27,729.0,372.14085514587396,355.6784480240393,356.85914485412604
2007-08-28,713.0,398.3052910099334,375.5600732069987,314.6947089900666
2007-08-29,531.0,415.0823941841884,380.1193256878322,115.91760581581161
2007-08-30,572.0,425.31371462037424,387.29346219821804,146.68628537962576
2007-08-31,689.0,440.7026860238462,402.4699934761609,248.29731397615382
2007-09-01,720.0,460.4874845720577,418.53758667281267,259.5125154279423
2007-09-02,660.0,477.7009232291534,428.6729953142189,182.29907677084663
2007-09-03,534.0,486.64835398696687,428.5366068591986,47.35164601303313
2007-09-04,444.0,444.0,421.74618029816173,0.0
2007-09-05,400.0,400.0,400.0,0.0
2007-09-06,379.0,379.0,379.0,0.0
2007-09-07,359.0,359.0,359.0,0.0
2007-09-08,339.0,339.0,339.0,0.0
2007-09-09,333.0,333.0,332.27777777777777,0.0
2007-09-10,323.0,323.0,323.0,0.0
2007-09-11,315.0,315.0,315.0,0.0
2007-09-12,322.0,315.2625,309.6851851851852,6.7375
2007-09-13,310.0,310.0,303.9735939643348,0.0
2007-09-14,1450.0,352.75,383.2352982268964,1097.25
2007-09-15,2530.0,475.5437499999998,535.1579557984802,2054.45625
2007-09-16,1210.0,580.1279687499998,575.2359228541765,629.8720312500002
2007-09-17,723.0,609.1058710937498,575.5288929602713,113.89412890625016
2007-09-18,615.0,613.5979307617185,567.7947362046906,1.402069238281399
2007-09-19,506.0,506.0,506.0,0.0
2007-09-20,479.0,479.0,479.0,0.0
2007-09-21,455.0,455.0,455.0,0.0
2007-09-22,463.0,455.3,447.16666666666663,7.7
2007-09-23,458.0,455.69,439.6882716049382,2.3100000000000005
2007-09-24,437.0,437.0,431.34676497485134,0.0
2007-09-25,422.0,422.0,422.0,0.0
2007-09-26,409.0,409.0,409.0,0.0
2007-09-27,393.0,393.0,393.0,0.0
2007-09-28,376.0,376.0,376.0,0.0
2007-09-29,364.0,364.0,364.0,0.0
2007-09-30,357.0,357.0,356.7407407407407,0.0
2007-10-01,363.0,357.225,350.59807956104254,5.775
2007-10-02,356.0,356.0,344.5056647868719,0.0
2007-10-03,353.0,353.0,338.7551402695689,0.0
2007-10-04,391.0,354.425,336.3518865409051,36.575
2007-10-05,592.0,364.705625,349.060045194525,227.294375
2007-10-06,610.0,382.427703125,361.92485582466156,227.572296875
2007-10-07,539.0,396.833125390625,368.3392210260818,142.16687460937501
2007-10-08,458.0,404.4581409863281,368.15966352366684,53.54185901367188
2007-10-09,430.0,407.4237804123535,365.92265764184583,22.576219587646495
2007-10-10,450.0,409.866996881427,365.374263415749,40.13300311857301
2007-10-11,474.0,413.77697211531995,366.6544242105871,60.223027884680036
2007-10-12,409.0,409.0,363.0012367836809,0.0
2007-10-13,387.0,387.0,358.05667782222895,0.0
2007-10-14,373.0,373.0,352.53291135720775,0.0
2007-10-15,372.0,372.0,347.44653067598483,0.0
2007-10-16,372.0,372.0,342.83111116894923,0.0
2007-10-17,372.0,372.0,338.64304531997243,0.0
2007-10-18,371.0,371.0,334.7686892718268,0.0
2007-10-19,400.0,372.0875,333.401218042954,27.9125
2007-10-20,410.0,374.5559375,332.901105261199,35.4440625
2007-10-21,474.0,379.6142421875,337.1880399592361,94.3857578125
2007-10-22,422.0,384.7431740234375,337.22618440745504,37.2568259765625
2007-10-23,543.0,392.0749359716797,346.2237599252833,150.92506402832032
2007-10-24,1670.0,445.6568157738038,437.8697080803497,1224.3431842261962
2007-10-25,1740.0,540.1075545907686,526.2151054803173,1199.8924454092314
2007-10-26,1070.0,604.974487996461,556.7507438617695,465.025512003539
2007-10-27,785.0,629.1639013967264,563.347897207902,155.83609860327363
2007-10-28,683.0,637.0266087919719,561.7786474664296,45.973391208028104
2007-10-29,615.0,615.0,555.3176615899082,0.0
2007-10-30,570.0,570.0,546.1215818130648,0.0
2007-10-31,539.0,539.0,535.4806946081515,0.0
2007-11-01,518.0,518.0,518.0,0.0
2007-11-02,505.0,505.0,505.0,0.0
2007-11-03,479.0,479.0,479.0,0.0
2007-11-04,459.0,459.0,459.0,0.0
2007-11-05,449.0,449.0,449.0,0.0
2007-11-06,441.0,441.0,440.0925925925926,0.0
2007-11-07,430.0,430.0,430.0,0.0
2007-11-08,425.0,425.0,421.66666666666663,0.0
2007-11-09,424.0,424.0,414.0308641975308,0.0
2007-11-10,421.0,421.0,406.8798582533149,0.0
2007-11-11,422.0,421.0375,400.4650565631932,0.9625
2007-11-12,417.0,417.0,394.2738476221568,0.0
2007-11-13,422.0,417.1875,389.0262691386238,4.8125
2007-11-14,421.0,417.5109375,384.19050347764005,3.4890625000000006
2007-11-15,664.0,426.8851171875,397.80249389637714,237.1148828125
2007-11-16,653.0,444.2562333984375,409.339300017083,208.74376660156253
2007-11-17,575.0,456.98701589355466,414.0301055710568,118.01298410644533
2007-11-18,488.0,462.57548970153806,411.842132832996,25.42451029846194
2007-11-19,470.0,463.8073279739227,408.52341682994086,6.192672026077297
2007-11-20,460.0,460.0,404.7712486049463,0.0
2007-11-21,449.0,449.0,400.5516885489328,0.0
2007-11-22,486.0,450.3875,399.46356923884645,35.612500000000004
2007-11-23,706.0,461.30843749999997,414.7724980130273,244.6915625
2007-11-24,709.0,479.77280468749996,428.88615560441366,229.22719531250002
2007-11-25,593.0,492.6148443359375,433.10040045585686,100.38515566406252
2007-11-26,626.0,501.38123101074217,439.36888189512933,124.61876898925784
2007-11-27,838.0,518.6776386849365,460.7606520900248,319.3223613150635
2007-11-28,894.0,544.7268157835663,484.3198509705781,349.2731842164337
2007-11-29,722.0,564.4723045997988,492.95690180663564,157.5276954002012
2007-11-30,659.0,573.9243817548139,496.12755904676203,85.0756182451861
2007-12-01,614.0,578.6175531232028,495.6713035794693,35.38244687679715
2007-12-02,571.0,571.0,492.0721088035925,0.0
2007-12-03,550.0,550.0,487.2506172477043,0.0
2007-12-04,522.0,522.0,480.80148602106505,0.0
2007-12-05,510.0,510.0,474.06060768578124,0.0
2007-12-06,499.0,499.0,467.12906993709777,0.0
2007-12-07,484.0,484.0,459.72823012810727,0.0
2007-12-08,485.0,484.0375,453.0867273384677,0.9625
2007-12-09,500.0,484.6721875,448.17128962194295,15.3278125
2007-12-10,509.0,486.1592734375,444.37765169398523,22.840726562500002
2007-12-11,498.0,487.4598279296875,440.12046172231993,10.540172070312503
2007-12-12,489.0,487.91284083496095,435.5907893406237,1.0871591650390648
2007-12-13,482.0,482.0,430.96201254982515,0.0
2007-12-14,471.0,471.0,425.9470113878043,0.0
2007-12-15,478.0,471.2625,421.91488070374834,6.7375
2007-12-16,759.0,482.30531249999996,439.07091026821604,276.69468750000004
2007-12-17,857.0,506.73241406249997,461.89767783597387,350.26758593750003
2007-12-18,710.0,527.4899830078125,471.72196692523556,182.51001699218756
2007-12-19,626.0,538.0282342822265,474.41437739512116,87.9717657177735
2007-12-20,598.0,543.5761167110595,474.78341652520254,54.42388328894049
2007-12-21,631.0,548.8954079577301,477.562729809906,82.10459204226996
2007-12-22,715.0,558.2032523609003,486.30692149417393,156.79674763909972
2007-12-23,1250.0,590.0255084338328,533.8710954298986,659.9744915661672
2007-12-24,2730.0,695.0235953012952,686.6608088160192,2034.9764046987048
2007-12-25,1750.0,810.896825653698,752.7107339256472,939.103174346302
2007-12-26,1270.0,863.3295637296706,777.0893696732725,406.67043627032945
2007-12-27,1220.0,891.9548464499453,795.5070206294508,328.04515355005475
2007-12-28,1210.0,916.1832329661993,811.4785927933906,293.81676703380066
2007-12-29,2490.0,986.2194904937344,920.7861304977064,1503.7805095062656
2007-12-30,2590.0,1102.7530287067043,1027.3800073034745,1487.2469712932957
2007-12-31,2980.0,1228.9215515537014,1152.99296959019,1751.0784484462986
2008-01-01,2210.0,1331.3774351871737,1209.9380649985058,878.6225648128263
2008-01-02,1590.0,1374.0241275481358,1215.684540461607,215.97587245186435
2008-01-03,1250.0,1250.0,1195.7137496781247,0.0
2008-01-04,1110.0,1110.0,1110.0,0.0
2008-01-05,1040.0,1040.0,1040.0,0.0
2008-01-06,985.0,985.0,985.0,0.0
2008-01-07,925.0,925.0,925.0,0.0
2008-01-08,879.0,879.0,879.0,0.0
2008-01-09,849.0,849.0,849.0,0.0
2008-01-10,856.0,849.2625,833.7962962962963,6.7375
2008-01-11,1660.0,879.9178125,879.5558984910838,780.0821875
2008-01-12,2140.0,956.4239765624998,956.6340560382058,1183.5760234375002
2008-01-13,1510.0,1021.5671783203122,979.9086804791127,488.4328216796878
2008-01-14,1240.0,1048.0746399462887,981.0282471014172,191.9253600537112
2008-01-15,1080.0,1056.4690419503172,970.1922982957304,23.53095804968285
2008-01-16,1000.0,1000.0,954.4337521572369,0.0
2008-01-17,1080.0,1003.0,946.0602565871224,77.0
2008-01-18,1340.0,1018.525,957.7213439401665,321.475
2008-01-19,1310.0,1041.510625,966.0804787605215,268.48937500000005
2008-01-20,1150.0,1055.647328125,961.8137677641768,94.35267187500006
2008-01-21,969.0,969.0,944.5347151934196,0.0
2008-01-22,943.0,943.0,926.9296489718067,0.0
2008-01-23,972.0,944.0875,913.1028296225654,27.9125
2008-01-24,968.0,946.0309375,900.2599750278833,21.9690625
2008-01-25,921.0,921.0,885.1247921549311,0.0
2008-01-26,889.0,889.0,869.0206447331783,0.0
2008-01-27,847.0,847.0,847.0,0.0
2008-01-28,830.0,830.0,830.0,0.0
2008-01-29,807.0,807.0,807.0,0.0
2008-01-30,858.0,808.9125,795.8333333333334,49.0875
2008-01-31,997.0,817.8065625,795.996913580247,179.1934375
2008-02-01,3050.0,908.2335703125,948.2194215820762,2141.7664296875
2008-02-02,4330.0,1116.8660525390624,1181.1620677318842,3213.1339474609376
2008-02-03,2900.0,1304.2260985986327,1286.6100244233767,1595.7739014013673
2008-02-04,2120.0,1394.659141203735,1324.5165036434346,725.3408587962649
2008-02-05,1820.0,1437.809705613455,1336.6909014542277,382.190294386545
2008-02-06,1640.0,1459.7239776924457,1334.4047068751327,180.27602230755417
2008-02-07,2130.0,1491.6196793655124,1368.6264932755832,638.3803206344876
2008-02-08,1980.0,1533.873203413099,1388.5684846389552,446.12679658690104
2008-02-09,1590.0,1552.7077131571166,1377.7751064316444,37.29228684288347
2008-02-10,1400.0,1400.0,1353.907041021307,0.0
2008-02-11,1250.0,1250.0,1250.0,0.0
2008-02-12,1160.0,1160.0,1160.0,0.0
2008-02-13,1180.0,1160.75,1140.0,19.25
2008-02-14,1280.0,1165.94375,1129.2592592592591,114.05625
2008-02-15,1150.0,1150.0,1109.8834019204387,0.0
2008-02-16,1060.0,1060.0,1060.0,0.0
2008-02-17,1170.0,1064.125,1048.5185185185187,105.875
2008-02-18,2730.0,1130.565625,1153.655692729767,1599.434375
2008-02-19,2570.0,1244.5232031249998,1237.206091551085,1325.4767968750002
2008-02-20,1800.0,1315.0589628906248,1255.9833052963547,484.9410371093752
2008-02-21,1530.0,1341.304540673828,1253.021888139285,188.69545932617206
2008-02-22,1420.0,1351.3317001232908,1242.186528126388,68.66829987670917
2008-02-23,1430.0,1356.856822614044,1233.0951829295002,73.143177385956
2008-02-24,1320.0,1320.0,1216.6974808063983,0.0
2008-02-25,1210.0,1210.0,1193.6699362872873,0.0
2008-02-26,1480.0,1220.125,1192.774571816242,259.875
2008-02-27,1700.0,1247.865625,1208.2584077591828,452.134375
2008-02-28,1400.0,1270.525703125,1200.0863329666659,129.474296875
2008-02-29,1240.0,1240.0,1180.819079914197,0.0
2008-03-01,1180.0,1180.0,1158.891387329549,0.0
2008-03-02,1130.0,1130.0,1130.0,0.0
2008-03-03,1070.0,1070.0,1070.0,0.0
2008-03-04,2240.0,1113.875,1136.851851851852,1126.125
2008-03-05,6610.0,1362.2093750000004,1521.217421124829,5247.790625
2008-03-06,5680.0,1720.9186718749997,1801.1046969466042,3959.0813281250003
2008-03-07,5070.0,1994.9747714843747,2009.8912990811782,3075.0252285156253
2008-03-08,5010.0,2223.3516636230465,2194.9013639810696,2786.6483363769535
2008-03-09,4410.0,2409.850288851318,2318.3364228717114,2000.149711148682
2008-03-10,3340.0,2519.736517187469,2351.08305038359,820.2634828125308
2008-03-11,2780.0,2560.256278398409,2339.3161012739984,219.743721601591
2008-03-12,2450.0,2450.0,2304.1942400449243,0.0
2008-03-13,2200.0,2200.0,2200.0,0.0
2008-03-14,2000.0,2000.0,2000.0,0.0
2008-03-15,2020.0,2000.75,1964.4444444444443,19.25
2008-03-16,2700.0,2027.69375,1982.551440329218,672.30625
2008-03-17,2280.0,2062.36671875,1967.8707514098458,217.63328124999998
2008-03-18,1930.0,1930.0,1928.623459612638,0.0
2008-03-19,2050.0,1934.5,1901.8990652040604,115.5
2008-03-20,4090.0,2019.6625,2028.7602628703512,2070.3375
2008-03-21,3610.0,2156.9378125,2108.3194977897633,1453.0621875000002
2008-03-22,2700.0,2231.7924765625,2113.1047294758964,468.2075234375002
2008-03-23,2330.0,2253.033040820312,2090.0394767466464,76.9669591796877
2008-03-24,2090.0,2090.0,2051.3321177886232,0.0
2008-03-25,1890.0,1890.0,1890.0,0.0
2008-03-26,1740.0,1740.0,1740.0,0.0
2008-03-27,1650.0,1650.0,1650.0,0.0
2008-03-28,1580.0,1580.0,1580.0,0.0
2008-03-29,1650.0,1582.625,1555.925925925926,67.375
2008-03-30,1630.0,1586.928125,1532.599451303155,43.071875000000006
2008-03-31,1530.0,1530.0,1504.0254280343445,0.0
2008-04-01,1450.0,1450.0,1450.0,0.0
2008-04-02,1420.0,1420.0,1420.0,0.0
2008-04-03,1420.0,1420.0,1393.7037037037037,0.0
2008-04-04,1510.0,1423.375,1376.5089163237312,86.625
2008-04-05,2160.0,1454.246875,1409.054387034497,705.753125
2008-04-06,2850.0,1533.0533593750001,1489.6974993461176,1316.9466406249999
2008-04-07,2620.0,1623.199357421875,1545.8366197770326,996.800642578125
2008-04-08,2170.0,1681.0844056152343,1563.444340168048,488.91559438476565
2008-04-09,1910.0,1708.0030751940917,1560.1624568191546,201.99692480590824
2008-04-10,1740.0,1716.7778445545348,1544.5918589655291,23.22215544546512
2008-04-11,1730.0,1718.1445062129449,1529.7222423946469,11.855493787055238
2008-04-12,1600.0,1600.0,1506.5998125432905,0.0
2008-04-13,1520.0,1520.0,1479.6924224929858,0.0
2008-04-14,1410.0,1410.0,1410.0,0.0
2008-04-15,1440.0,1411.125,1386.1111111111113,28.875
2008-04-16,1370.0,1370.0,1359.2489711934159,0.0
2008-04-17,1330.0,1330.0,1330.0,0.0
2008-04-18,1200.0,1200.0,1200.0,0.0
2008-04-19,1180.0,1180.0,1176.2962962962963,0.0
2008-04-20,1230.0,1181.875,1158.4910836762688,48.125
2008-04-21,1150.0,1150.0,1136.408575928466,0.0
2008-04-22,1100.0,1100.0,1100.0,0.0
2008-04-23,1080.0,1080.0,1078.148148148148,0.0
2008-04-24,1050.0,1050.0,1050.0,0.0
2008-04-25,1020.0,1020.0,1020.0,0.0
2008-04-26,1030.0,1020.375,1001.8518518518518,9.625
2008-04-27,1270.0,1030.096875,1003.161865569273,239.903125
2008-04-28,1570.0,1059.339609375,1026.5728039424885,510.660390625
2008-04-29,1720.0,1103.2641386718751,1058.9271739478136,616.735861328125
2008-04-30,1330.0,1134.8943282714845,1059.3968800637567,195.10567172851563
2008-05-01,1160.0,1143.152253651123,1047.2305022800756,16.847746348876967
2008-05-02,1090.0,1090.0,1031.0054557726612,0.0
2008-05-03,1060.0,1060.0,1014.0605061640814,0.0
2008-05-04,1030.0,1030.0,996.4623111488887,0.0
2008-05-05,986.0,986.0,977.2343193758435,0.0
2008-05-06,957.0,957.0,957.0,0.0
2008-05-07,940.0,940.0,938.0185185185185,0.0
2008-05-08,914.0,914.0,914.0,0.0
2008-05-09,947.0,915.2375,899.5185185185185,31.7625
2008-05-10,992.0,919.3071875,889.7112482853223,72.6928125
2008-05-11,996.0,924.9091484375,881.1083549255702,71.0908515625
2008-05-12,1080.0,933.3909623046875,879.5242479880174,146.6090376953125
2008-05-13,1000.0,941.386640131836,872.1608916928307,58.61335986816408
2008-05-14,895.0,895.0,857.7015498694204,0.0
2008-05-15,877.0,877.0,843.2477026592888,0.0
2008-05-16,933.0,879.1,834.2803227834288,53.9
2008-05-17,997.0,885.5425,830.883996599778,111.45750000000001
2008-05-18,895.0,890.0768125,820.246589507206,4.923187500000012
2008-05-19,871.0,871.0,808.8163497380202,0.0
2008-05-20,848.0,848.0,796.7407617993147,0.0
2008-05-21,821.0,821.0,783.7832838549338,0.0
2008-05-22,798.0,798.0,770.3218686831806,0.0
2008-05-23,755.0,755.0,754.9216956569602,0.0
2008-05-24,735.0,735.0,735.0,0.0
2008-05-25,737.0,735.075,721.5370370370371,1.925
2008-05-26,725.0,725.0,708.4317558299041,0.0
2008-05-27,712.0,712.0,695.5769636234314,0.0
2008-05-28,1120.0,727.3,714.1346521768174,392.7
2008-05-29,1220.0,760.5025,738.381443641927,459.4975
2008-05-30,988.0,786.2648125000001,743.1979766380449,201.7351875
2008-05-31,786.0,786.0,732.6055713937815,0.0
2008-06-01,722.0,722.0,718.2532036721351,0.0
2008-06-02,709.0,709.0,704.2667959247152,0.0
2008-06-03,700.0,700.0,690.9087592650193,0.0
2008-06-04,665.0,665.0,665.0,0.0
2008-06-05,635.0,635.0,635.0,0.0
2008-06-06,609.0,609.0,609.0,0.0
2008-06-07,598.0,598.0,596.9074074074074,0.0
2008-06-08,617.0,598.7125,587.3419067215364,18.2875
2008-06-09,593.0,593.0,576.8843227658385,0.0
2008-06-10,701.0,597.05,575.3950336208535,103.95
2008-06-11,787.0,608.07125,580.4140119892929,178.92875
2008-06-12,649.0,616.31590625,574.7460479162103,32.68409374999999
2008-06-13,570.0,570.0,563.7510434795241,0.0
2008-06-14,634.0,572.4,558.5148357499386,61.6
2008-06-15,643.0,577.3575,554.4301287360554,65.6425
2008-06-16,579.0,579.0,545.9828945938281,0.0
2008-06-17,509.0,509.0,509.0,0.0
2008-06-18,465.0,465.0,465.0,0.0
2008-06-19,430.0,430.0,430.0,0.0
2008-06-20,423.0,423.0,421.5185185185185,0.0
2008-06-21,418.0,418.0,413.4519890260631,0.0
2008-06-22,468.0,419.875,409.83606411624237,48.125
2008-06-23,486.0,424.159375,407.8882804017755,61.840625
2008-06-24,468.0,428.122421875,404.7875136979074,39.877578125
2008-06-25,416.0,416.0,398.12200317032335,0.0
2008-06-26,386.0,386.0,386.0,0.0
2008-06-27,390.0,386.15,379.14814814814815,3.85
2008-06-28,433.0,388.05125,376.1159122085048,44.948750000000004
2008-06-29,483.0,393.29740625,377.0681425595692,89.70259375
2008-06-30,465.0,399.35010078125,376.5988701003498,65.64989921875001
2008-07-01,459.0,404.0488432226562,375.7286043503174,54.95115677734376
2008-07-02,402.0,402.0,370.7166965401028,0.0
2008-07-03,363.0,363.0,363.0,0.0
2008-07-04,341.0,341.0,341.0,0.0
2008-07-05,375.0,342.275,337.2037037037037,32.725
2008-07-06,414.0,346.191875,336.64780521262,67.808125
2008-07-07,671.0,360.91498437499996,355.1804158410811,310.08501562500004
2008-07-08,783.0,388.37136054687494,380.2933403002403,394.62863945312506
2008-07-09,954.0,424.3810085058593,415.7476606428107,529.6189914941407
2008-07-10,766.0,457.05243286791983,433.99324762032825,308.94756713208017
2008-07-11,593.0,473.7360004028259,437.73461358140895,119.26399959717415
2008-07-12,494.0,478.9683003726139,433.7962234349822,15.03169962738609
2008-07-13,461.0,461.0,427.77805459840977,0.0
2008-07-14,639.0,467.67499999999995,435.50230880226064,171.32500000000002
2008-07-15,444.0,444.0,428.06690983908834,0.0
2008-07-16,388.0,388.0,388.0,0.0
2008-07-17,355.0,355.0,355.0,0.0
2008-07-18,347.0,347.0,347.0,0.0
2008-07-19,315.0,315.0,315.0,0.0
2008-07-20,301.0,301.0,301.0,0.0
2008-07-21,306.0,301.1875,295.7962962962963,4.8125
2008-07-22,288.0,288.0,288.0,0.0
2008-07-23,292.0,288.15,282.96296296296293,3.85
2008-07-24,353.0,290.72625,282.9108367626886,62.27375
2008-07-25,364.0,295.80928125,283.67835187725444,68.19071875
2008-07-26,332.0,299.72358515625,282.0044304071383,32.276414843750004
2008-07-27,338.0,302.3693162695312,280.92994611018105,35.63068373046875
2008-07-28,364.0,306.0166175493164,281.880877025905,57.98338245068361
2008-07-29,339.0,309.4278712331177,280.8919069309138,29.572128766882336
2008-07-30,367.0,312.69578089063384,282.0685822150885,54.30421910936616
2008-07-31,418.0,318.6810973238363,286.9140838618396,99.3189026761637
2008-08-01,325.0,322.6425150245486,284.4220390598174,2.3574849754514275
2008-08-02,286.0,286.0,279.27185025798246,0.0
2008-08-03,266.0,266.0,266.0,0.0
2008-08-04,256.0,256.0,256.0,0.0
2008-08-05,230.0,230.0,230.0,0.0
2008-08-06,216.0,216.0,216.0,0.0
2008-08-07,206.0,206.0,206.0,0.0
2008-08-08,210.0,206.15,202.48148148148147,3.85
2008-08-09,199.0,199.0,198.4739368998628,0.0
2008-08-10,186.0,186.0,186.0,0.0
2008-08-11,177.0,177.0,177.0,0.0
2008-08-12,174.0,174.0,173.50000000000003,0.0
2008-08-13,180.0,174.225,170.76851851851856,5.775
2008-08-14,231.0,176.570625,172.06772976680386,54.429375
2008-08-15,343.0,184.852828125,181.54293997358133,158.147171875
2008-08-16,310.0,195.476366015625,187.69637145750903,114.523633984375
2008-08-17,266.0,202.41563856445313,190.02078150773966,63.584361435546874
2008-08-18,268.0,207.25946567211915,192.27811655331934,60.74053432788086
2008-08-19,258.0,211.4400057467102,193.58569835393791,46.559994253289794
2008-08-20,236.0,214.10700531570694,193.1425781359807,21.89299468429306
2008-08-21,219.0,215.11147991702893,191.48122830857508,3.8885200829710804
2008-08-22,206.0,206.0,189.01074420592926,0.0
2008-08-23,198.0,198.0,186.17641603871357,0.0
2008-08-24,195.0,195.0,183.3823034425364,0.0
2008-08-25,206.0,195.4125,181.6617197904497,10.5875
2008-08-26,1410.0,241.35656249999988,269.2856346246674,1168.6434375000001
2008-08-27,6230.0,509.75482031249976,705.8332610483097,5720.2451796875
2008-08-28,3770.0,846.5232087890618,919.737588729022,2923.4767912109382
2008-08-29,1810.0,992.2839681298819,968.6507749578165,817.7160318701181
2008-08-30,1270.0,1033.362670520141,973.0349624617223,236.6373294798592
2008-08-31,846.0,846.0,846.0,0.0
2008-09-01,732.0,732.0,732.0,0.0
2008-09-02,670.0,670.0,670.0,0.0
2008-09-03,587.0,587.0,587.0,0.0
2008-09-04,526.0,526.0,526.0,0.0
2008-09-05,476.0,476.0,476.0,0.0
2008-09-06,440.0,440.0,440.0,0.0
2008-09-07,420.0,420.0,420.0,0.0
2008-09-08,404.0,404.0,404.0,0.0
2008-09-09,421.0,404.6375,397.77777777777777,16.3625
2008-09-10,508.0,409.1271875,398.57613168724276,98.8728125
2008-09-11,812.0,427.9426484375,421.81908245694245,384.0573515625
2008-09-12,626.0,449.77194980468744,429.1321303775959,176.22805019531253
2008-09-13,676.0,464.8640535693359,439.471747935226,211.1359464306641
2008-09-14,603.0,477.9617495516357,443.4465860893718,125.03825044836428
2008-09-15,485.0,482.91461833526307,438.3126429329485,2.085381664736957
2008-09-16,453.0,453.0,431.28369451323107,0.0
2008-09-17,464.0,453.4125,425.7203894657097,10.5875
2008-09-18,466.0,454.2815625,420.82035340406986,11.718437500000002
2008-09-19,444.0,444.0,414.74439475554493,0.0
2008-09-20,414.0,414.0,407.00880264855004,0.0
2008-09-21,399.0,399.0,398.8783579588694,0.0
2008-09-22,398.0,398.0,391.426658147863,0.0
2008-09-23,387.0,387.0,383.85011572676456,0.0
2008-09-24,370.0,370.0,370.0,0.0
2008-09-25,355.0,355.0,355.0,0.0
2008-09-26,367.0,355.45,349.3148148148148,11.55
2008-09-27,667.0,367.56625,366.3782578875171,299.43375
2008-09-28,521.0,384.54878125000005,371.046937712747,136.45121874999998
2008-09-29,439.0,391.70762265625,369.20925829490005,47.29237734374999
2008-09-30,423.0,394.65455095703123,366.35654919352044,28.345449042968745
2008-10-01,420.0,396.6679596352539,363.5457576015278,23.332040364746092
2008-10-02,383.0,383.0,358.2544837495344,0.0
2008-10-03,371.0,371.0,352.5642537727257,0.0
2008-10-04,369.0,369.0,347.2527487937696,0.0
2008-10-05,363.0,363.0,341.98860538693907,0.0
2008-10-06,353.0,353.0,336.47114192518546,0.0
2008-10-07,345.0,345.0,330.8719621172979,0.0
2008-10-08,372.0,346.0125,327.7912248842148,25.9875
2008-10-09,488.0,352.3115625,333.5883336912319,135.68843750000002
2008-10-10,618.0,367.36319531249995,348.47830279389564,250.63680468750005
2008-10-11,521.0,382.52345566406245,354.80438586853495,138.47654433593755
2008-10-12,439.0,389.83419648925775,354.47064643626317,49.165803510742236
2008-10-13,400.0,392.0591317525634,351.27891991438696,7.940868247436569
2008-10-14,371.0,371.0,346.23457547786967,0.0
2008-10-15,360.0,360.0,340.84248515584466,0.0
2008-10-16,350.0,350.0,335.2089217154887,0.0
2008-10-17,354.0,350.15,330.3932808159064,3.85
2008-10-18,366.0,350.88875,326.91242148110024,15.111250000000002
2008-10-19,360.0,351.79709375,323.30941949210944,8.202906250000002
2008-10-20,353.0,352.14981171875,319.5215102798771,0.8501882812500021
2008-10-21,345.0,345.0,315.4917408095181,0.0
2008-10-22,344.0,344.0,311.7610240678961,0.0
2008-10-23,343.0,343.0,308.30166998753526,0.0
2008-10-24,378.0,344.3125,307.75521906276344,33.6875
2008-10-25,655.0,357.2265625,327.77788396435943,297.7734375
2008-10-26,969.0,391.3345703125,369.2058576713633,577.6654296875
2008-10-27,694.0,424.34697753906244,386.42753751660746,269.65302246093756
2008-10-28,503.0,437.40845422363276,387.9064692280327,65.59154577636724
2008-10-29,447.0,440.2278201568603,385.10031466988147,6.772179843139703
2008-10-30,425.0,425.0,380.9243596078554,0.0
2008-10-31,408.0,408.0,375.87580779231325,0.0
2008-11-01,403.0,403.0,370.92434410783983,0.0
2008-11-02,400.0,400.0,366.20912706081765,0.0
2008-11-03,396.0,396.0,361.63420788851965,0.0
2008-11-04,396.0,396.0,357.4828923432863,0.0
2008-11-05,401.0,396.1875,354.0863282374265,4.8125
2008-11-06,398.0,396.4359375,350.782038585813,1.5640625000000004
2008-11-07,401.0,396.6657421875,348.00592390194146,4.334257812500001
2008-11-08,401.0,396.9908115234375,345.4868568739839,4.0091884765625005
2008-11-09,400.0,397.25400065917967,343.1269627189854,2.745999340820313
2008-11-10,406.0,397.68495060974124,341.43002172648676,8.31504939025879
2008-11-11,399.0,398.0460793140106,339.3716863814417,0.9539206859893818
2008-11-12,392.0,392.0,336.9854191239008,0.0
2008-11-13,645.0,401.48749999999995,353.56084327909514,243.51250000000002
2008-11-14,1150.0,438.68843749999996,406.0089133458457,711.3115625
2008-11-15,1000.0,486.41180468749997,442.4895695175267,513.5881953125
2008-11-16,778.0,516.6059193359374,459.14794271034833,261.3940806640625
2008-11-17,753.0,535.2729753857421,472.4120220890198,217.72702461425786
2008-11-18,638.0,547.2900022318115,475.9294274511476,90.70999776818852
2008-11-19,558.0,551.0932520644257,473.19522120567103,6.906747935574387
2008-11-20,516.0,516.0,467.6030710940349,0.0
2008-11-21,482.0,482.0,460.01019414088347,0.0
2008-11-22,472.0,472.0,452.37962060932017,0.0
2008-11-23,459.0,459.0,444.49261870104976,0.0
2008-11-24,466.0,459.2625,437.85441326576733,6.7375
2008-11-25,469.0,459.8803125,432.0530787041222,9.119687500000001
2008-11-26,482.0,461.0517890625,427.75186771299974,20.9482109375
2008-11-27,478.0,462.4729048828125,423.55262070253684,15.527095117187502
2008-11-28,461.0,461.0,418.48293360045005,0.0
2008-11-29,457.0,457.0,413.58636567448247,0.0
2008-11-30,512.0,459.0625,413.21725774166,52.9375
2008-12-01,753.0,472.0703125,430.73417832113597,280.9296875
2008-12-02,779.0,494.1150390625,448.55508773584563,284.8849609375
2008-12-03,705.0,512.7064111328125,459.2444314640081,192.2935888671875
2008-12-04,635.0,524.5034302978515,463.7588359580814,110.49656970214846
2008-12-05,565.0,530.1656730255127,462.67005485085167,34.83432697448734
2008-12-06,537.0,531.7282475485993,459.60801273503205,5.27175245140079
2008-12-07,521.0,521.0,455.6443078521587,0.0
2008-12-08,506.0,506.0,450.93650156955135,0.0
2008-12-09,500.0,500.0,446.2201588316299,0.0
2008-12-10,1400.0,533.75,508.6071811620346,866.25
2008-12-11,3320.0,670.71875,707.4398495729574,2649.28125
2008-12-12,5420.0,948.1648437499998,1043.4176412791655,4471.83515625
2008-12-13,3610.0,1215.6774804687493,1214.2123041236873,2394.3225195312507
2008-12-14,1850.0,1329.2516694335932,1238.8222759640867,520.7483305664068
2008-12-15,1420.0,1352.1827942260736,1229.3016948563009,67.81720577392633
2008-12-16,1470.0,1359.144084659118,1224.3663527399767,110.85591534088186
2008-12-17,1780.0,1379.0832783096844,1242.8509497084974,400.91672169031574
2008-12-18,1920.0,1414.4020324364578,1269.994380291044,505.59796756354206
2008-12-19,1570.0,1439.1968800037234,1268.6986043381696,130.80311999627645
2008-12-20,1330.0,1330.0,1249.745029862413,0.0
2008-12-21,1300.0,1300.0,1230.3241937640414,0.0
2008-12-22,1240.0,1240.0,1208.2571387858893,0.0
2008-12-23,1090.0,1090.0,1090.0,0.0
2008-12-24,1020.0,1020.0,1020.0,0.0
2008-12-25,1120.0,1023.75,1008.5185185185186,96.25
2008-12-26,1120.0,1030.96875,998.1001371742112,89.03125
2008-12-27,1050.0,1035.02109375,983.4612355840064,14.978906250000009
2008-12-28,1060.0,1036.51951171875,970.9185285854873,23.48048828125001
2008-12-29,1230.0,1044.6555483398438,972.1297759386829,185.34445166015627
2008-12-30,1190.0,1057.0563822143554,970.2659077962122,132.94361778564456
2008-12-31,1040.0,1040.0,957.4635089261926,0.0
2009-01-01,968.0,968.0,940.5131840256192,0.0
2009-01-02,907.0,907.0,907.0,0.0
2009-01-03,905.0,905.0,890.0555555555555,0.0
2009-01-04,870.0,870.0,870.0,0.0
2009-01-05,883.0,870.4875,854.8518518518518,12.512500000000001
2009-01-06,1440.0,892.3134375,882.3655692729767,547.6865625
2009-01-07,5010.0,1067.2649296874997,1171.7761647106643,3942.7350703125003
2009-01-08,5220.0,1370.8450599609369,1449.945038348566,3849.154940039063
2009-01-09,3610.0,1599.1566804638665,1583.0982755385137,2010.8433195361335
2009-01-10,2360.0,1703.0949294290763,1611.329916692355,656.9050705709237
2009-01-11,2000.0,1738.8628097218955,1610.2808503319516,261.1371902781045
2009-01-12,1760.0,1749.4480989927533,1591.551141967882,10.551901007246698
2009-01-13,1560.0,1560.0,1559.74085104493,0.0
2009-01-14,1300.0,1300.0,1300.0,0.0
2009-01-15,1200.0,1200.0,1200.0,0.0
2009-01-16,1100.0,1100.0,1100.0,0.0
2009-01-17,1040.0,1040.0,1040.0,0.0
2009-01-18,1020.0,1020.0,1019.2592592592592,0.0
2009-01-19,1030.0,1020.375,1001.1796982167352,9.625
2009-01-20,979.0,979.0,979.0,0.0
2009-01-21,928.0,928.0,928.0,0.0
2009-01-22,1010.0,931.075,916.8888888888889,78.925
2009-01-23,881.0,881.0,881.0,0.0
2009-01-24,882.0,881.0375,864.7592592592594,0.9625
2009-01-25,849.0,849.0,847.5778463648834,0.0
2009-01-26,825.0,825.0,825.0,0.0
2009-01-27,909.0,828.15,815.9444444444445,80.85000000000001
2009-01-28,841.0,831.6637499999999,802.6903292181071,9.336250000000007
2009-01-29,860.0,833.07646875,792.0708542905046,26.92353125000001
2009-01-30,865.0,835.28323359375,782.8050344487912,29.71676640625001
2009-01-31,801.0,801.0,769.6564201479771,0.0
2009-02-01,769.0,769.0,755.354899763905,0.0
2009-02-02,754.0,754.0,741.2664831190991,0.0
2009-02-03,764.0,754.375,729.223290237701,9.625
2009-02-04,749.0,749.0,717.1840966971731,0.0
2009-02-05,741.0,741.0,705.6670507066942,0.0
2009-02-06,783.0,742.575,698.3275089745929,40.425000000000004
2009-02-07,747.0,744.256875,689.0008877732416,2.7431250000000063
2009-02-08,743.0,743.0,680.2415463127562,0.0
2009-02-09,738.0,738.0,671.9228846171306,0.0
2009-02-10,729.0,729.0,663.707802708137,0.0
2009-02-11,733.0,729.15,656.549672827754,3.85
2009-02-12,857.0,734.08875,659.2395179362953,122.91125000000001
2009-02-13,963.0,747.28209375,669.5321551644162,215.71790625000003
2009-02-14,831.0,758.5109367187499,669.0939926491925,72.48906328125004
2009-02-15,788.0,762.3351164648437,665.5112155520451,25.664883535156292
2009-02-16,753.0,753.0,659.6675844824113,0.0
2009-02-17,740.0,740.0,653.4020674007064,0.0
2009-02-18,825.0,743.1875,654.0129870858262,81.8125
2009-02-19,951.0,754.0484375,663.9006734667682,196.95156250000002
2009-02-20,919.0,767.6198046874999,670.5024629605861,151.3801953125
2009-02-21,804.0,774.6608193359375,667.9744571309021,29.339180664062525
2009-02-22,756.0,756.0,662.1249703595223,0.0
2009-02-23,742.0,742.0,655.7800656966035,0.0
2009-02-24,722.0,722.0,648.5411707246958,0.0
2009-02-25,725.0,722.1125,642.1947660279646,2.8875
2009-02-26,716.0,716.0,635.7693247290791,0.0
2009-02-27,743.0,717.0125,631.9388316986089,25.9875
2009-02-28,986.0,728.0740625,646.4630139487377,257.92593750000003
2009-03-01,1580.0,769.6935078125,703.6423645090399,810.3064921875
2009-03-02,2090.0,849.5914947265624,793.3051085359808,1240.4085052734376
2009-03-03,1580.0,923.4971326220702,836.8879688567234,656.5028673779298
2009-03-04,1280.0,961.4848476754149,854.2131569255454,318.5151523245851
2009-03-05,1190.0,981.9984840997588,863.2674942472541,208.0015159002412
2009-03-06,1130.0,995.3485977922769,867.0390225576936,134.65140220772312
2009-03-07,1110.0,1004.6974529578561,868.9798538023516,105.3025470421439
2009-03-08,1080.0,1011.4701439860169,868.5187562280598,68.5298560139831
2009-03-09,1040.0,1015.1098831870656,865.1373899106468,24.89011681293438
2009-03-10,977.0,977.0,857.4024464004017,0.0
2009-03-11,928.0,928.0,846.7540717336979,0.0
2009-03-12,907.0,907.0,835.5361021287257,0.0
2009-03-13,885.0,885.0,823.7272037834733,0.0
2009-03-14,937.0,886.95,816.8635738035222,50.050000000000004
2009-03-15,1600.0,915.56625,859.7465762291221,684.43375
2009-03-16,2400.0,996.89878125,957.9181895412405,1403.10121875
2009-03-17,1870.0,1082.2563726562498,1007.7405793985331,787.7436273437502
2009-03-18,1530.0,1128.587144707031,1027.7645998245948,401.41285529296897
2009-03-19,1460.0,1156.0681088540036,1040.7493591000953,303.9318911459963
2009-03-20,1340.0,1174.3630006899534,1043.6429369611976,165.63699931004658
2009-03-21,1240.0,1183.0357756382068,1038.8611835388645,56.9642243617931
2009-03-22,1180.0,1180.0,1030.0777406185991,0.0
2009-03-23,1120.0,1120.0,1017.6631350057659,0.0
2009-03-24,980.0,980.0,980.0,0.0
2009-03-25,995.0,980.5625,962.9629629629629,14.4375
2009-03-26,1290.0,992.7078125,969.355281207133,297.2921875
2009-03-27,2040.0,1043.1297265624999,1030.711273687954,996.8702734375
2009-03-28,3700.0,1180.1449970703125,1209.3491187168472,2519.8550029296875
2009-03-29,4360.0,1393.8841222900387,1420.3353114282506,2966.1158777099613
2009-03-30,3880.0,1598.3428131182854,1576.230189999709,2281.6571868817146
2009-03-31,3010.0,1736.8421021344138,1653.245913147884,1273.1578978655862
2009-04-01,2580.0,1816.2039444743327,1691.2786989675244,763.7960555256673
2009-04-02,2570.0,1873.1136486387577,1725.049189803865,696.8863513612423
2009-04-03,2690.0,1929.8801249908508,1764.581672229433,760.1198750091492
2009-04-04,2630.0,1984.6391156165369,1796.0092951711522,645.360884383463
2009-04-05,2210.0,2017.2911819452966,1793.415841914564,192.70881805470333
2009-04-06,1980.0,1980.0,1774.0254861817339,0.0
2009-04-07,1970.0,1970.0,1755.6897930167586,0.0
2009-04-08,1810.0,1810.0,1727.1999973670588,0.0
2009-04-09,1680.0,1680.0,1680.0,0.0
2009-04-10,1630.0,1630.0,1630.0,0.0
2009-04-11,3250.0,1690.75,1719.8148148148148,1559.25
2009-04-12,2890.0,1794.19375,1774.646776406036,1095.80625
2009-04-13,2300.0,1854.2542187499998,1780.6980008128844,445.74578125000016
2009-04-14,2310.0,1888.06015234375,1786.929667404284,421.93984765625015
2009-04-15,2430.0,1924.2056409179686,1801.4732167187021,505.7943590820314
2009-04-16,2240.0,1955.015217849121,1800.596067022526,284.9847821508791
2009-04-17,2030.0,1968.5140765104368,1784.244579335255,61.48592348956316
2009-04-18,1900.0,1900.0,1759.7774886560646,0.0
2009-04-19,1830.0,1830.0,1732.3906841508735,0.0
2009-04-20,2830.0,1867.5,1781.6137689517186,962.5
2009-04-21,3360.0,1959.5625,1865.5384199747075,1400.4375
2009-04-22,2530.0,2033.4703124999999,1880.210788495568,496.52968750000014
2009-04-23,2170.0,2057.2100390625,1866.8579377089413,112.78996093750015
2009-04-24,1960.0,1960.0,1839.1859064395949,0.0
2009-04-25,1690.0,1690.0,1690.0,0.0
2009-04-26,1560.0,1560.0,1560.0,0.0
2009-04-27,1470.0,1470.0,1470.0,0.0
2009-04-28,1370.0,1370.0,1370.0,0.0
2009-04-29,1310.0,1310.0,1310.0,0.0
2009-04-30,1270.0,1270.0,1270.0,0.0
2009-05-01,1250.0,1250.0,1245.0,0.0
2009-05-02,1240.0,1240.0,1221.5740740740741,0.0
2009-05-03,1340.0,1243.75,1207.724622770919,96.25
2009-05-04,1770.0,1267.09375,1227.00937992176,502.90625
2009-05-05,1550.0,1296.56171875,1228.2122151141896,253.43828125000005
2009-05-06,1990.0,1332.06958984375,1261.8962692702833,657.93041015625
2009-05-07,2520.0,1401.2893706054688,1331.7206887822942,1118.7106293945312
2009-05-08,2280.0,1476.1926678100585,1377.3021064876373,803.8073321899415
2009-05-09,2290.0,1536.8532177243042,1419.4037632943375,753.1467822756958
2009-05-10,2090.0,1585.8392263949813,1442.7923037300468,504.1607736050187
2009-05-11,1760.0,1611.2762844153576,1439.570794125413,148.72371558464232
2009-05-12,1520.0,1520.0,1418.8697946693562,0.0
2009-05-13,1380.0,1380.0,1380.0,0.0
2009-05-14,1300.0,1300.0,1300.0,0.0
2009-05-15,2230.0,1334.875,1344.8148148148148,895.125
2009-05-16,1860.0,1388.134375,1358.0727023319616,471.865625
2009-05-17,3450.0,1483.149296875,1487.8807854493728,1966.850703125
2009-05-18,2580.0,1598.0380996093747,1541.2251571670233,981.9619003906253
2009-05-19,2130.0,1654.8102421386716,1556.2969018737804,475.1897578613284
2009-05-20,1810.0,1678.4494739782713,1546.2694109595416,131.55052602172879
2009-05-21,1630.0,1630.0,1523.8370580929175,0.0
2009-05-22,1510.0,1510.0,1494.5928860472768,0.0
2009-05-23,1300.0,1300.0,1300.0,0.0
2009-05-24,1320.0,1300.75,1277.4074074074074,19.25
2009-05-25,1910.0,1324.31875,1300.610425240055,585.68125
2009-05-26,2750.0,1399.74484375,1383.887237717828,1350.25515625
2009-05-27,6200.0,1630.3889804687497,1715.0087897809924,4569.61101953125
2009-05-28,6820.0,1996.359806933593,2061.396864801271,4823.640193066407
2009-05-29,6390.0,2342.0078214135738,2343.860118060413,4047.9921785864262
2009-05-30,4410.0,2571.3572348075554,2453.502699721486,1838.6427651924446
2009-05-31,3590.0,2678.505442196989,2492.2524497472746,911.4945578030113
2009-06-01,3110.0,2728.8675340322143,2491.858704400305,381.1324659677855
2009-06-02,2470.0,2470.0,2444.0940095484248,0.0
2009-06-03,2360.0,2360.0,2360.0,0.0
2009-06-04,2390.0,2361.125,2318.5185185185187,28.875
2009-06-05,2780.0,2377.915625,2309.766803840878,402.084375
2009-06-06,2870.0,2411.4469531249997,2308.4920997815375,458.55304687500006
2009-06-07,2520.0,2432.713431640625,2281.4094979499137,87.28656835937505
2009-06-08,2270.0,2270.0,2238.3160259175143,0.0
2009-06-09,2690.0,2285.75,2230.323801295522,404.25
2009-06-10,1920.0,1920.0,1920.0,0.0
2009-06-11,3280.0,1971.0,1985.1851851851852,1309.0
2009-06-12,2660.0,2045.925,1998.4087791495201,614.075
2009-06-13,1860.0,1860.0,1860.0,0.0
2009-06-14,1600.0,1600.0,1600.0,0.0
2009-06-15,1500.0,1500.0,1500.0,0.0
2009-06-16,1660.0,1506.0,1484.0740740740741,154.0
2009-06-17,2740.0,1558.05,1549.622770919067,1181.95
2009-06-18,2380.0,1633.19625,1582.4354773154498,746.80375
2009-06-19,1860.0,1669.70653125,1573.6914516380934,190.2934687500001
2009-06-20,1520.0,1520.0,1520.0,0.0
2009-06-21,1410.0,1410.0,1410.0,0.0
2009-06-22,1430.0,1410.75,1385.3703703703704,19.25
2009-06-23,1290.0,1290.0,1290.0,0.0
2009-06-24,1160.0,1160.0,1160.0,0.0
2009-06-25,1080.0,1080.0,1080.0,0.0
2009-06-26,1060.0,1060.0,1058.5185185185185,0.0
2009-06-27,1060.0,1060.0,1039.026063100137,0.0
2009-06-28,984.0,984.0,984.0,0.0
2009-06-29,934.0,934.0,934.0,0.0
2009-06-30,880.0,880.0,880.0,0.0
2009-07-01,881.0,880.0375,863.7777777777777,0.9625
2009-07-02,846.0,846.0,846.0,0.0
2009-07-03,807.0,807.0,807.0,0.0
2009-07-04,775.0,775.0,775.0,0.0
2009-07-05,784.0,775.3375,761.3148148148148,8.6625
2009-07-06,832.0,777.7871875,752.4523319615911,54.212812500000005
2009-07-07,822.0,781.4781484375,743.6697086318142,40.52185156250001
2009-07-08,887.0,786.9547873046874,740.5151059807203,100.04521269531251
2009-07-09,928.0,795.995678256836,740.6896332047276,132.00432174316407
2009-07-10,1010.0,808.9710023875732,746.9220745746603,201.02899761242676
2009-07-11,880.0,819.1731772085052,742.9478084103398,60.82682279149478
2009-07-12,895.0,824.2976889178674,740.452640964938,70.70231108213267
2009-07-13,886.0,829.2628622490273,737.521840875592,56.737137750972714
2009-07-14,896.0,833.8931475803503,735.6031519056298,62.10685241964976
2009-07-15,792.0,792.0,726.1584156180714,0.0
2009-07-16,719.0,719.0,712.1807845423241,0.0
2009-07-17,696.0,696.0,696.0,0.0
2009-07-18,690.0,690.0,682.6666666666667,0.0
2009-07-19,646.0,646.0,646.0,0.0
2009-07-20,630.0,630.0,630.0,0.0
2009-07-21,624.0,624.0,617.8888888888889,0.0
2009-07-22,633.0,624.3375,607.5658436213992,8.6625
2009-07-23,698.0,627.4246875,603.0134506934918,70.5753125
2009-07-24,684.0,632.1928359375,597.8455385922425,51.8071640625
2009-07-25,628.0,628.0,589.0079887225904,0.0
2009-07-26,799.0,634.4125,593.6553971742024,164.5875
2009-07-27,647.0,641.0565625,586.6132307691837,5.9434374999999875
2009-07-28,776.0,646.3398203125,589.7786723646296,129.6601796875
2009-07-29,876.0,659.8143337890625,600.0584249234602,216.1856662109375
2009-07-30,760.0,671.6782587548828,600.7937559490658,88.32174124511721
2009-07-31,783.0,679.1648893482666,603.1647044723005,103.83511065173343
2009-08-01,742.0,685.4150226471465,602.2790836878282,56.584977352853436
2009-08-02,799.0,691.7963959486106,605.6976870500664,107.20360405138943
2009-08-03,764.0,698.5241662524647,606.2071604713566,65.47583374753523
2009-08-04,670.0,670.0,599.7064974647494,0.0
2009-08-05,906.0,678.85,611.2892291809763,227.15
2009-08-06,914.0,696.18625,622.392078330886,217.81375
2009-08-07,713.0,704.98478125,617.5779970039521,8.015218750000003
2009-08-08,605.0,605.0,605.0,0.0
2009-08-09,590.0,590.0,590.0,0.0
2009-08-10,607.0,590.6375,580.3333333333333,16.3625
2009-08-11,806.0,599.3271875,586.3024691358024,206.6728125
2009-08-12,847.0,616.3651484375,594.7559442158207,230.63485156250002
2009-08-13,776.0,631.0002623046875,597.1674308625039,144.99973769531252
2009-08-14,756.0,641.1252426318359,597.874150227087,114.8747573681641
2009-08-15,695.0,647.4533494344482,593.9969140949494,47.54665056555179
2009-08-16,605.0,605.0,583.8120146417133,0.0
2009-08-17,771.0,611.225,586.8664577304436,159.775
2009-08-18,760.0,622.795625,588.823267199847,137.204375
2009-08-19,695.0,630.648453125,585.7840757924537,64.35154687500001
2009-08-20,881.0,642.449819140625,596.8040687746338,238.55018085937502
2009-08-21,968.0,663.6035827050781,613.2481364806863,304.3964172949219
2009-08-22,1070.0,690.2583140021973,635.7251608806228,379.7416859978028
2009-08-23,999.0,716.0764404520324,650.8617200583429,282.92355954796756
2009-08-24,723.0,723.0,644.1523015344222,0.0
2009-08-25,673.0,673.0,634.3604217627164,0.0
2009-08-26,608.0,608.0,608.0,0.0
2009-08-27,635.0,609.0125,598.7407407407408,25.9875
2009-08-28,656.0,611.7490625,591.8943758573388,44.250937500000006
2009-08-29,734.0,617.9928828125,591.4597114261037,116.0071171875
2009-08-30,732.0,626.6184166015624,590.9171455533162,105.38158339843751
2009-08-31,809.0,637.4095353564453,596.1285209650462,171.5904646435547
2009-09-01,798.0,649.8663202047119,600.042546801616,148.1336797952881
2009-09-02,694.0,657.0763461893586,595.8904591347998,36.92365381064148
2009-09-03,621.0,621.0,586.7154166223183,0.0
2009-09-04,582.0,582.0,575.501026194326,0.0
2009-09-05,566.0,566.0,564.1398200652217,0.0
2009-09-06,535.0,535.0,535.0,0.0
2009-09-07,524.0,524.0,524.0,0.0
2009-09-08,612.0,527.3,520.8148148148148,84.7
2009-09-09,983.0,547.5649999999999,545.4060356652949,435.43500000000006
2009-09-10,1460.0,598.1101249999999,603.0536249555455,861.8898750000001
2009-09-11,977.0,644.639365625,619.5856967189209,332.3606343750001
2009-09-12,756.0,661.278913203125,618.2166507264282,94.72108679687508
2009-09-13,692.0,665.9829947128906,612.2336275110182,26.017005287109463
2009-09-14,644.0,644.0,603.249032371109,0.0
2009-09-15,599.0,599.0,591.7630108552655,0.0
2009-09-16,644.0,600.6875,584.6738431834817,43.3125
2009-09-17,807.0,610.0484375,590.3151539998261,196.95156250000002
2009-09-18,1290.0,642.9323046874999,631.2118989998422,647.0676953125001
2009-09-19,1480.0,698.5873818359374,682.3959824257828,781.4126181640626
2009-09-20,5600.0,911.6933281982419,1034.0259840530255,4688.306671801758
2009-09-21,11100.0,1469.5663285833725,1760.505059603672,9630.433671416627
2009-09-22,15200.0,2345.5988539396185,2723.4212577885182,12854.401146060382
2009-09-23,13400.0,3242.1789398941473,3463.8452154006936,10157.821060105853
2009-09-24,11200.0,3921.5155194020863,3972.7484361969264,7278.484480597914
2009-09-25,7540.0,4330.151855446929,4163.4198772898035,3209.8481445530706
2009-09-26,4160.0,4160.0,4086.066184948155,0.0
2009-09-27,5120.0,4196.0,4086.9859826381407,924.0
2009-09-28,3910.0,3910.0,3910.0,0.0
2009-09-29,2850.0,2850.0,2850.0,0.0
2009-09-30,2380.0,2380.0,2380.0,0.0
2009-10-01,2120.0,2120.0,2120.0,0.0
2009-10-02,1930.0,1930.0,1930.0,0.0
2009-10-03,1690.0,1690.0,1690.0,0.0
2009-10-04,1540.0,1540.0,1540.0,0.0
2009-10-05,2060.0,1559.5,1550.0,500.5
2009-10-06,2120.0,1599.2875,1563.5185185185182,520.7125000000001
2009-10-07,1780.0,1625.5909374999999,1550.6001371742109,154.40906250000012
2009-10-08,1710.0,1634.5466171874998,1533.6927170654876,75.45338281250011
2009-10-09,1430.0,1430.0,1430.0,0.0
2009-10-10,1420.0,1420.0,1402.7777777777776,0.0
2009-10-11,1450.0,1421.125,1380.298353909465,28.875
2009-10-12,1410.0,1410.0,1356.9373952141443,0.0
2009-10-13,1600.0,1417.125,1349.813562323946,182.875
2009-10-14,1650.0,1432.715625,1347.0530472939508,217.284375
2009-10-15,1950.0,1460.261953125,1366.7703577296963,489.738046875
2009-10-16,1990.0,1498.492306640625,1387.624954236206,491.507693359375
2009-10-17,1910.0,1532.355383642578,1400.6226436587792,377.6446163574219
2009-10-18,1720.0,1553.5537298693848,1398.3427692459295,166.4462701306153
2009-10-19,1550.0,1550.0,1383.6814017231584,0.0
2009-10-20,1450.0,1450.0,1362.970160822866,0.0
2009-10-21,1380.0,1380.0,1338.9914422281563,0.0
2009-10-22,1320.0,1320.0,1312.7885309107344,0.0
2009-10-23,1320.0,1320.0,1289.0118150856663,0.0
2009-10-24,2460.0,1362.75,1351.8810914666233,1097.25
2009-10-25,3440.0,1481.7937499999998,1481.5217311456397,1958.2062500000002
2009-10-26,2510.0,1593.7842187499998,1530.269719002525,916.2157812500002
2009-10-27,2550.0,1664.0004023437498,1577.4669672430318,885.9995976562502
2009-10-28,4700.0,1811.0753721679685,1779.5533591649735,2888.9246278320315
2009-10-29,4300.0,2012.744719255371,1933.2984185015503,2287.255280744629
2009-10-30,3200.0,2143.038865311218,1991.32634271437,1056.9611346887818
2009-10-31,2690.0,2203.185950412877,2006.2035332037801,486.81404958712324
2009-11-01,4300.0,2300.072004131911,2138.9624653145415,1999.927995868089
2009-11-02,4040.0,2440.3166038220174,2240.169644452084,1599.6833961779826
2009-11-03,3190.0,2528.417858535366,2269.0428255213355,661.5821414646339
2009-11-04,2690.0,2559.286519145214,2258.2055268619524,130.71348085478633
2009-11-05,2410.0,2410.0,2227.6309410414015,0.0
2009-11-06,2210.0,2210.0,2185.072520574605,0.0
2009-11-07,2060.0,2060.0,2060.0,0.0
2009-11-08,1960.0,1960.0,1960.0,0.0
2009-11-09,1860.0,1860.0,1860.0,0.0
2009-11-10,2580.0,1887.0,1878.8888888888887,693.0
2009-11-11,11700.0,2280.9750000000004,2571.584362139918,9419.025
2009-11-12,10900.0,2957.4018749999996,3140.882106386223,7942.598125
2009-11-13,8970.0,3480.721734374999,3514.5041335726837,5489.278265625001
2009-11-14,6660.0,3805.792604296874,3682.4204175011387,2854.207395703126
2009-11-15,4090.0,3923.483158974608,3644.4185269917743,166.51684102539184
2009-11-16,3370.0,3370.0,3370.0,0.0
2009-11-17,3050.0,3050.0,3050.0,0.0
2009-11-18,3880.0,3081.125,3055.0,798.875
2009-11-19,4990.0,3182.665625,3141.759259259259,1807.334375
2009-11-20,4660.0,3305.840703125,3196.040809327846,1354.159296875
2009-11-21,3750.0,3373.277650390625,3177.888882538231,376.7223496093752
2009-11-22,3310.0,3310.0,3128.825097118024,0.0
2009-11-23,3590.0,3320.5,3105.044995533022,269.5
2009-11-24,3480.0,3336.5875,3075.318607057742,143.41250000000002
2009-11-25,3110.0,3110.0,3020.937254552396,0.0
2009-11-26,2750.0,2750.0,2750.0,0.0
2009-11-27,2560.0,2560.0,2560.0,0.0
2009-11-28,2430.0,2430.0,2430.0,0.0
2009-11-29,2330.0,2330.0,2330.0,0.0
2009-11-30,2280.0,2280.0,2280.0,0.0
2009-12-01,2230.0,2230.0,2230.0,0.0
2009-12-02,3720.0,2285.875,2299.074074074074,1434.125
2009-12-03,7020.0,2517.184375,2606.196844993142,4502.815625
2009-12-04,6530.0,2836.520546875,2848.586026012296,3693.479453125
2009-12-05,4980.0,3055.4065058593746,2953.7169495296757,1924.5934941406254
2009-12-06,3540.0,3145.7510179199217,2942.4468616102617,394.2489820800786
2009-12-07,3090.0,3090.0,2898.886967016719,0.0
2009-12-08,3060.0,3060.0,2857.13817377443,0.0
2009-12-09,7880.0,3240.75,3176.2920465730945,4639.25
2009-12-10,7580.0,3577.4437499999995,3443.6724126311415,4002.5562500000005
2009-12-11,6390.0,3833.0104687499993,3598.1471892393693,2556.9895312500007
2009-12-12,4610.0,3958.0346835937494,3606.466893939428,651.9653164062506
2009-12-13,4030.0,3985.1820823242183,3571.0532926487394,44.817917675781814
2009-12-14,4400.0,4002.4184261499017,3566.3261359220046,397.58157385009815
2009-12-15,4050.0,4019.112044188659,3536.1107529662636,30.887955811340817
2009-12-16,3640.0,3640.0,3478.3227202842018,0.0
2009-12-17,3330.0,3330.0,3330.0,0.0
2009-12-18,3140.0,3140.0,3140.0,0.0
2009-12-19,3570.0,3156.125,3113.7037037037035,413.875
2009-12-20,3360.0,3179.290625,3074.2866941015086,180.70937500000002
2009-12-21,3040.0,3040.0,3014.8157039069247,0.0
2009-12-22,2980.0,2980.0,2956.4068424340617,0.0
2009-12-23,2920.0,2920.0,2898.961764430908,0.0
2009-12-24,2820.0,2820.0,2820.0,0.0
2009-12-25,11200.0,3134.25,3388.518518518519,8065.75
2009-12-26,12900.0,3802.9312499999996,4030.3223593964344,9097.06875
2009-12-27,10400.0,4391.461406249999,4427.514733526395,6008.538593750001
2009-12-28,8410.0,4767.476800781248,4640.522628570247,3642.523199218752
2009-12-29,5920.0,4947.2910407226545,4649.363125924854,972.7089592773455
2009-12-30,4240.0,4240.0,4240.0,0.0
2009-12-31,3870.0,3870.0,3870.0,0.0
2010-01-01,3780.0,3780.0,3780.0,0.0
2010-01-02,3500.0,3500.0,3500.0,0.0
2010-01-03,3170.0,3170.0,3170.0,0.0
2010-01-04,2930.0,2930.0,2930.0,0.0
2010-01-05,2760.0,2760.0,2760.0,0.0
2010-01-06,2620.0,2620.0,2620.0,0.0
2010-01-07,2510.0,2510.0,2510.0,0.0
2010-01-08,2330.0,2330.0,2330.0,0.0
2010-01-09,2160.0,2160.0,2160.0,0.0
2010-01-10,2120.0,2120.0,2117.037037037037,0.0
2010-01-11,2080.0,2080.0,2075.0891632373114,0.0
2010-01-12,2040.0,2040.0,2034.0623888634864,0.0
2010-01-13,1960.0,1960.0,1960.0,0.0
2010-01-14,1900.0,1900.0,1900.0,0.0
2010-01-15,1860.0,1860.0,1860.0,0.0
2010-01-16,1810.0,1810.0,1810.0,0.0
2010-01-17,5280.0,1940.125,2033.518518518519,3339.875
2010-01-18,6240.0,2226.615625,2307.451989026064,4013.384375
2010-01-19,4880.0,2476.619453125,2455.280508560688,2403.380546875
2010-01-20,3530.0,2606.2479941406245,2489.421202212476,923.7520058593755
2010-01-21,3590.0,2677.7793945800777,2524.8451649705803,912.2206054199223
2010-01-22,4460.0,2778.820939986572,2621.4335756214523,1681.1790600134282
2010-01-23,3940.0,2885.409369487579,2670.560096397244,1054.590630512421
2010-01-24,5320.0,3016.2536667760105,2817.3600874715735,2303.7463332239895
2010-01-25,15900.0,3585.78464176781,3734.2711904834655,12314.21535823219
2010-01-26,13500.0,4419.350793635223,4388.505339512775,9080.649206364777
2010-01-27,11100.0,5010.3994841125805,4804.384474743075,6089.6005158874195
2010-01-28,8430.0,5366.994522804137,4983.978504859458,3063.005477195863
2010-01-29,5830.0,5499.219933593827,4954.350865520619,330.7800664061733
2010-01-30,4700.0,4700.0,4700.0,0.0
2010-01-31,4290.0,4290.0,4290.0,0.0
2010-02-01,3880.0,3880.0,3880.0,0.0
2010-02-02,4390.0,3899.125,3845.9259259259256,490.875
2010-02-03,5280.0,3969.315625,3880.9327846364877,1310.684375
2010-02-04,4980.0,4056.366953125,3890.4760453182944,923.633046875
2010-02-05,7150.0,4207.014431640625,4059.8764114925266,2942.985568359375
2010-02-06,9410.0,4512.488349267578,4380.99896598396,4897.511650732422
2010-02-07,8490.0,4845.30172307251,4604.239802466927,3644.69827692749
2010-02-08,7240.0,5071.779093842071,4714.217598534805,2168.2209061579283
2010-02-09,5850.0,5182.2706618039165,4711.049302374176,667.7293381960837
2010-02-10,5070.0,5070.0,4650.396589191381,0.0
2010-02-11,4570.0,4570.0,4558.322830932921,0.0
2010-02-12,4220.0,4220.0,4220.0,0.0
2010-02-13,3950.0,3950.0,3950.0,0.0
2010-02-14,3720.0,3720.0,3720.0,0.0
2010-02-15,3600.0,3600.0,3600.0,0.0
2010-02-16,3610.0,3600.375,3534.074074074074,9.625
2010-02-17,3400.0,3400.0,3400.0,0.0
2010-02-18,3240.0,3240.0,3240.0,0.0
2010-02-19,3040.0,3040.0,3040.0,0.0
2010-02-20,2960.0,2960.0,2960.0,0.0
2010-02-21,2920.0,2920.0,2902.222222222222,0.0
2010-02-22,3200.0,2930.5,2870.534979423868,269.5
2010-02-23,3670.0,2968.3375,2876.5965554031395,701.6625
2010-02-24,3570.0,3017.2121875,2874.6894669398857,552.7878125000001
2010-02-25,3390.0,3051.9212734375,2859.625627408415,338.0787265625001
2010-02-26,3050.0,3050.0,2820.771402648377,0.0
2010-02-27,2930.0,2930.0,2776.6259024031565,0.0
2010-02-28,2840.0,2840.0,2729.9012818102715,0.0
2010-03-01,2730.0,2730.0,2679.354866827839,0.0
2010-03-02,2720.0,2720.0,2632.7479347141502,0.0
2010-03-03,2780.0,2722.25,2594.900903722099,57.75
2010-03-04,2660.0,2660.0,2551.6693385626454,0.0
2010-03-05,2580.0,2580.0,2506.5147701772153,0.0
2010-03-06,2500.0,2500.0,2459.6152544200654,0.0
2010-03-07,2450.0,2450.0,2413.3545827145035,0.0
2010-03-08,2420.0,2420.0,2369.1550843150126,0.0
2010-03-09,2420.0,2420.0,2329.0481320636222,0.0
2010-03-10,2570.0,2425.625,2303.7658976132866,144.375
2010-03-11,2560.0,2436.078125,2280.083870056501,123.921875
2010-03-12,3210.0,2469.747265625,2306.742770977195,740.252734375
2010-03-13,5160.0,2598.391220703125,2475.377699590418,2561.608779296875
2010-03-14,4690.0,2772.8868791503905,2593.583468146861,1917.1131208496095
2010-03-15,3780.0,2882.545363214111,2633.436850725855,897.4546367858889
2010-03-16,3420.0,2936.354460973053,2642.933438621609,483.6455390269472
2010-03-17,3160.0,2962.877876400074,2632.2914535640525,197.12212359992617
2010-03-18,3000.0,2971.6620356700682,2610.7829856414546,28.337964329931708
2010-03-19,2860.0,2860.0,2580.8956721561344,0.0
2010-03-20,2600.0,2600.0,2534.516443252789,0.0
2010-03-21,2540.0,2540.0,2487.9871429516047,0.0
2010-03-22,4700.0,2621.0,2605.7661111968264,2079.0
2010-03-23,4660.0,2775.425,2709.6766564563795,1884.575
2010-03-24,3700.0,2880.7681249999996,2732.8547438215296,819.2318750000002
2010-03-25,3330.0,2928.335515625,2726.4793045787956,401.66448437500014
2010-03-26,3160.0,2952.0853519531247,2708.10159119187,207.91464804687513
2010-03-27,2790.0,2790.0,2664.018110525956,0.0
2010-03-28,2940.0,2795.625,2635.127544736516,144.375
2010-03-29,3750.0,2836.828125,2668.912031334987,913.171875
2010-03-30,3530.0,2897.066015625,2683.272028433599,632.933984375
2010-03-31,3150.0,2930.2860644531247,2668.154248023081,219.71393554687506
2010-04-01,2930.0,2930.0,2638.1399657987213,0.0
2010-04-02,2610.0,2610.0,2587.201080076617,0.0
2010-04-03,2480.0,2480.0,2480.0,0.0
2010-04-04,2400.0,2400.0,2400.0,0.0
2010-04-05,2360.0,2360.0,2352.5925925925926,0.0
2010-04-06,2440.0,2363.0,2315.5006858710562,77.0
2010-04-07,2220.0,2220.0,2220.0,0.0
2010-04-08,2280.0,2222.25,2183.333333333333,57.75
2010-04-09,2860.0,2248.33125,2193.0246913580245,611.66875
2010-04-10,2470.0,2279.58140625,2172.9298125285777,190.41859375
2010-04-11,2200.0,2200.0,2134.6955706277836,0.0
2010-04-12,2130.0,2130.0,2094.816351125211,0.0
2010-04-13,2050.0,2050.0,2050.0,0.0
2010-04-14,2000.0,2000.0,2000.0,0.0
2010-04-15,1950.0,1950.0,1950.0,0.0
2010-04-16,1910.0,1910.0,1910.0,0.0
2010-04-17,1890.0,1890.0,1873.148148148148,0.0
2010-04-18,1820.0,1820.0,1820.0,0.0
2010-04-19,1770.0,1770.0,1770.0,0.0
2010-04-20,1760.0,1760.0,1736.4814814814813,0.0
2010-04-21,1800.0,1761.5,1709.029492455418,38.5
2010-04-22,1750.0,1750.0,1680.4156505613976,0.0
2010-04-23,1720.0,1720.0,1652.229016250157,0.0
2010-04-24,1710.0,1710.0,1625.9115147455127,0.0
2010-04-25,3290.0,1769.25,1719.06785597278,1520.75
2010-04-26,3920.0,1906.9312499999999,1850.2652767160412,2013.0687500000001
2010-04-27,2970.0,2022.2864062499998,1898.944417760852,947.7135937500002
2010-04-28,2530.0,2076.86492578125,1910.5236383385507,453.1350742187502
2010-04-29,2200.0,2098.475056347656,1896.5862644183144,101.52494365234395
2010-04-30,2020.0,2020.0,1870.606054749952,0.0
2010-05-01,1900.0,1900.0,1838.1425311619935,0.0
2010-05-02,1880.0,1880.0,1807.2034079062532,0.0
2010-05-03,2560.0,1905.5,1829.4993886556745,654.5
2010-05-04,3180.0,1977.8375,1895.6568526690382,1202.1625
2010-05-05,2540.0,2043.9996875,1908.281218162646,496.00031250000006
2010-05-06,2240.0,2069.9497109374997,1897.5144387031416,170.0502890625001
2010-05-07,2200.0,2081.2034826171875,1884.7816203047028,118.7965173828126
2010-05-08,2040.0,2040.0,1861.375914720934,0.0
2010-05-09,1800.0,1800.0,1800.0,0.0
2010-05-10,1710.0,1710.0,1710.0,0.0
2010-05-11,1690.0,1690.0,1676.8518518518517,0.0
2010-05-12,1720.0,1691.125,1648.9951989026063,28.875
2010-05-13,1670.0,1670.0,1620.0141619671797,0.0
2010-05-14,1600.0,1600.0,1588.5313691924407,0.0
2010-05-15,1800.0,1607.5,1574.778464637585,192.5
2010-05-16,1770.0,1620.8125,1560.0767549489199,149.1875
2010-05-17,2200.0,1648.1265625,1578.5881665277238,551.8734375
2010-05-18,2290.0,1692.8920703125,1602.0522251825641,597.1079296875
2010-05-19,1970.0,1725.6751650390624,1599.6399821101045,244.32483496093755
2010-05-20,1740.0,1735.3745276611328,1580.4140578406505,4.62547233886724
2010-05-21,1740.0,1735.7214380865478,1562.9683117442937,4.278561913452197
2010-05-22,2020.0,1746.5423302300567,1567.8786532494519,273.45766976994327
2010-05-23,1780.0,1758.0516554628025,1554.5565557263544,21.948344537197528
2010-05-24,1590.0,1590.0,1528.3939116776178,0.0
2010-05-25,1650.0,1592.25,1509.0981791148754,57.75
2010-05-26,1580.0,1580.0,1486.4039032709054,0.0
2010-05-27,1510.0,1510.0,1460.625764079155,0.0
2010-05-28,1470.0,1470.0,1434.2715266644184,0.0
2010-05-29,1480.0,1470.375,1411.0982371584537,9.625
2010-05-30,1360.0,1360.0,1360.0,0.0
2010-05-31,1650.0,1370.875,1356.2962962962963,279.125
2010-06-01,2680.0,1430.434375,1429.2318244170096,1249.565625
2010-06-02,2250.0,1508.026796875,1463.5622110450643,741.973203125
2010-06-03,2360.0,1567.7997871093748,1502.8620063186695,792.200212890625
2010-06-04,2060.0,1615.9648030761718,1516.3007094373113,444.03519692382815
2010-06-05,1900.0,1643.2674428454588,1516.6432363412641,256.73255715454104
2010-06-06,1790.0,1658.3973846320496,1508.805899642999,131.60261536795048
2010-06-07,1630.0,1630.0,1489.8423904167955,0.0
2010-06-08,1490.0,1490.0,1462.2643913041293,0.0
2010-06-09,1380.0,1380.0,1380.0,0.0
2010-06-10,1400.0,1380.75,1355.925925925926,19.25
2010-06-11,1410.0,1382.56875,1334.8216735253773,27.431250000000002
2010-06-12,1420.0,1385.00109375,1316.4122593100647,34.998906250000005
2010-06-13,1360.0,1360.0,1295.2629760406141,0.0
2010-06-14,1310.0,1310.0,1272.3682560368536,0.0
2010-06-15,1250.0,1250.0,1247.1489730704782,0.0
2010-06-16,1780.0,1269.875,1263.5240681565451,510.125
2010-06-17,1870.0,1311.509375,1285.0496174013097,558.490625
2010-06-18,1580.0,1342.521171875,1283.1005787530403,237.47882812500006
2010-06-19,1290.0,1290.0,1259.850525164796,0.0
2010-06-20,1210.0,1210.0,1210.0,0.0
2010-06-21,1200.0,1200.0,1186.8518518518517,0.0
2010-06-22,1150.0,1150.0,1150.0,0.0
2010-06-23,1080.0,1080.0,1080.0,0.0
2010-06-24,1180.0,1083.75,1067.4074074074074,96.25
2010-06-25,1180.0,1090.96875,1055.9807956104253,89.03125
2010-06-26,1440.0,1107.39609375,1064.871462683534,332.60390625
2010-06-27,1550.0,1136.46638671875,1081.087067990614,413.53361328125004
2010-06-28,1420.0,1162.6064077148437,1086.1715987322239,257.39359228515633
2010-06-29,1330.0,1178.5359271362304,1084.1186729236847,151.46407286376962
2010-06-30,1370.0,1191.3957326010132,1085.2187958011211,178.6042673989869
2010-07-01,1210.0,1198.7910526559372,1074.3652035973137,11.208947344062892
2010-07-02,1080.0,1080.0,1054.8869440049698,0.0
2010-07-03,1030.0,1030.0,1030.0,0.0
2010-07-04,992.0,992.0,992.0,0.0
2010-07-05,952.0,952.0,952.0,0.0
2010-07-06,900.0,900.0,900.0,0.0
2010-07-07,859.0,859.0,859.0,0.0
2010-07-08,828.0,828.0,828.0,0.0
2010-07-09,826.0,826.0,812.5185185185185,0.0
2010-07-10,828.0,826.075,798.6186556927298,1.925
2010-07-11,844.0,826.819375,787.1910023878474,17.180625
2010-07-12,1170.0,840.332921875,800.9696132778616,329.66707812500005
2010-07-13,1050.0,860.557952734375,804.5835379743559,189.44204726562504
2010-07-14,952.0,871.0911062792968,800.6035807545082,80.90889372070318
2010-07-15,862.0,862.0,790.325471425387,0.0
2010-07-16,865.0,862.1125,781.2212611082215,2.8875
2010-07-17,938.0,865.0665625,778.367440635238,72.9334375
2010-07-18,1610.0,895.7365703124999,825.5556405764197,714.2634296875001
2010-07-19,1240.0,935.4313275390624,840.9671553378624,304.5686724609376
2010-07-20,1170.0,955.6489779736328,849.7664928065789,214.35102202636727
2010-07-21,1100.0,969.1003046256103,852.5658916207846,130.89969537438975
2010-07-22,871.0,871.0,838.1431238781194,0.0
2010-07-23,880.0,871.3375,825.7224642597749,8.6625
2010-07-24,898.0,872.6621875,815.7851990505366,25.3378125
2010-07-25,906.0,874.8625234375,807.3606435828942,31.137476562499998
2010-07-26,1020.0,881.4728341796874,808.1605839918856,138.52716582031252
2010-07-27,955.0,889.4248716162109,804.0716410296739,65.57512838378909
2010-07-28,1300.0,907.2805062449951,825.9168594528521,392.7194937550049
2010-07-29,1210.0,933.3594682766204,839.0727057998103,276.6405317233796
2010-07-30,982.0,945.5575081558738,834.1215293368649,36.442491844126096
2010-07-31,877.0,877.0,821.8510173612293,0.0
2010-08-01,990.0,881.2375,819.0870342722266,108.7625
2010-08-02,926.0,886.9946874999999,811.8382348025759,39.00531250000001
2010-08-03,869.0,869.0,801.0383982467819,0.0
2010-08-04,819.0,819.0,787.5348428535613,0.0
2010-08-05,914.0,822.5625,782.3186537004539,91.4375
2010-08-06,946.0,830.6203125,779.9558153948562,115.3796875
2010-08-07,1370.0,855.1737890625,809.2191658212586,514.8262109375
2010-08-08,994.0,879.6857548828125,807.9210949118828,114.31424511718751
2010-08-09,838.0,838.0,795.1876601978197,0.0
2010-08-10,819.0,819.0,782.2258398091327,0.0
2010-08-11,834.0,819.5625,771.5752990860649,14.4375
2010-08-12,842.0,820.9453125,762.5035121336515,21.0546875
2010-08-13,906.0,824.9244140625,759.0124461953504,81.0755859375
2010-08-14,918.0,831.4550830078125,756.7335159920773,86.5449169921875
2010-08-15,1800.0,871.0209517822265,819.9989311779962,928.9790482177735
2010-08-16,1880.0,943.6943803985595,883.33236347633,936.3056196014405
2010-08-17,1310.0,992.5423018686674,898.5793668581513,317.45769813133256
2010-08-18,1370.0,1018.6016292285174,916.8590551120261,351.39837077148263
2010-08-19,1380.0,1045.3315070363785,934.1869203794311,334.6684929636215
2010-08-20,1370.0,1070.05664400865,949.1696129368912,299.9433559913499
2010-08-21,1310.0,1090.3023957080013,958.3205747019938,219.6976042919987
2010-08-22,2550.0,1153.2797160299012,1058.476077044402,1396.7202839700988
2010-08-23,2040.0,1238.9087373276586,1111.5801439847353,801.0912626723414
2010-08-24,1330.0,1272.3655820280842,1107.1745750972598,57.63441797191581
2010-08-25,1180.0,1180.0,1092.0658181438098,0.0
2010-08-26,1090.0,1090.0,1071.6893535008644,0.0
2010-08-27,1120.0,1091.125,1055.421820769303,28.875
2010-08-28,1080.0,1080.0,1037.6975781054787,0.0
2010-08-29,963.0,963.0,963.0,0.0
2010-08-30,886.0,886.0,886.0,0.0
2010-08-31,832.0,832.0,832.0,0.0
2010-09-01,789.0,789.0,789.0,0.0
2010-09-02,755.0,755.0,755.0,0.0
2010-09-03,722.0,722.0,722.0,0.0
2010-09-04,696.0,696.0,696.0,0.0
2010-09-05,668.0,668.0,668.0,0.0
2010-09-06,655.0,655.0,654.6666666666667,0.0
2010-09-07,636.0,636.0,636.0,0.0
2010-09-08,641.0,636.1875,624.5925925925926,4.8125
2010-09-09,667.0,637.5234375,616.1673525377229,29.476562500000004
2010-09-10,656.0,639.3216796875,607.7074124879338,16.678320312500006
2010-09-11,739.0,643.6850537109375,606.1789483686806,95.3149462890625
2010-09-12,1020.0,661.3711746826172,625.6068235197288,358.62882531738285
2010-09-13,979.0,686.7308365814208,640.1987843049392,292.2691634185792
2010-09-14,744.0,699.8385238378143,636.03223020263,44.16147616218575
2010-09-15,664.0,664.0,626.325542220905,0.0
2010-09-16,633.0,633.0,615.2213253485991,0.0
2010-09-17,619.0,619.0,604.1082396681732,0.0
2010-09-18,608.0,608.0,593.2093285877867,0.0
2010-09-19,592.0,592.0,582.1343907555843,0.0
2010-09-20,588.0,588.0,571.7886138337709,0.0
2010-09-21,567.0,567.0,560.8452236639772,0.0
2010-09-22,554.0,554.0,549.9521473987941,0.0
2010-09-23,565.0,554.4125,540.8825041211279,10.5875
2010-09-24,607.0,556.7815625,535.7637537395419,50.21843750000001
2010-09-25,554.0,554.0,527.1930358006954,0.0
2010-09-26,903.0,567.0875,545.2677547080384,335.9125
2010-09-27,1270.0,606.0434375,588.8540737165534,663.9565625
2010-09-28,2070.0,685.8401796875,687.6638817057616,1384.1598203125
2010-09-29,1370.0,763.4021662109374,725.4727815478207,606.5978337890626
2010-09-30,1180.0,801.772003745117,745.7067832563558,378.227996254883
2010-10-01,1130.0,828.2641034642331,760.363562584471,301.7358965357668
2010-10-02,901.0,842.3067957044157,756.7002697525755,58.69320429558431
2010-10-03,794.0,794.0,745.4502447754852,0.0
2010-10-04,749.0,749.0,731.9085554444217,0.0
2010-10-05,730.0,730.0,718.2133188291975,0.0
2010-10-06,702.0,702.0,702.0,0.0
2010-10-07,684.0,684.0,684.0,0.0
2010-10-08,654.0,654.0,654.0,0.0
2010-10-09,643.0,643.0,641.074074074074,0.0
2010-10-10,636.0,636.0,628.8264746227709,0.0
2010-10-11,630.0,630.0,617.268467713255,0.0
2010-10-12,618.0,618.0,605.8917577398055,0.0
2010-10-13,631.0,618.4875,596.5314098009346,12.512500000000001
2010-10-14,670.0,620.8884375,590.9266496341814,49.111562500000005
2010-10-15,658.0,624.1218046875,584.9519598532387,33.87819531250001
2010-10-16,616.0,616.0,576.4193709779388,0.0
2010-10-17,589.0,589.0,566.6768366281296,0.0
2010-10-18,596.0,589.2625,558.3549073107102,6.7375
2010-10-19,596.0,589.7678125,550.8035270041629,6.2321875
2010-10-20,600.0,590.3852265625,544.2476448741478,9.6147734375
2010-10-21,593.0,590.8438345703125,537.7802703487637,2.1561654296875004
2010-10-22,589.0,589.0,531.615430501656,0.0
2010-10-23,569.0,569.0,524.5399276774285,0.0
2010-10-24,562.0,562.0,517.601045485074,0.0
2010-10-25,630.0,564.55,516.3416894216413,65.45
2010-10-26,792.0,575.53375,527.1989404011189,216.46625
2010-10-27,3260.0,684.3187187499998,719.8657051787933,2575.68128125
2010-10-28,4550.0,925.8698148437497,990.2485102548312,3624.1301851562503
2010-10-29,3490.0,1157.9295787304682,1157.0773518979026,2332.070421269532
2010-10-30,1710.0,1266.0848603256832,1176.607226722171,443.91513967431683
2010-10-31,1310.0,1284.378495801257,1164.6991501738216,25.621504198743082
2010-11-01,1150.0,1150.0,1142.0418214540232,0.0
2010-11-02,1040.0,1040.0,1040.0,0.0
2010-11-03,980.0,980.0,980.0,0.0
2010-11-04,1010.0,981.125,964.0740740740741,28.875
2010-11-05,1060.0,985.165625,953.3264746227709,74.834375
2010-11-06,967.0,967.0,936.6851343799217,0.0
2010-11-07,885.0,885.0,885.0,0.0
2010-11-08,856.0,856.0,856.0,0.0
2010-11-09,837.0,837.0,837.0,0.0
2010-11-10,822.0,822.0,820.3888888888889,0.0
2010-11-11,807.0,807.0,804.2047325102881,0.0
2010-11-12,788.0,788.0,788.0,0.0
2010-11-13,772.0,772.0,772.0,0.0
2010-11-14,758.0,758.0,756.6666666666666,0.0
2010-11-15,767.0,758.3375,743.4197530864197,8.6625
2010-11-16,845.0,761.9121875,737.1771833561958,83.0878125
2010-11-17,1150.0,779.5812734374999,754.1052219343258,370.4187265625
2010-11-18,1210.0,809.6126779296875,773.9102939774438,400.3873220703125
2010-11-19,968.0,830.5667270849609,773.9556371276805,137.43327291503908
2010-11-20,892.0,838.0242225535889,768.3671522084509,53.97577744641116
2010-11-21,854.0,840.6474058620697,760.4813047817424,13.352594137930318
2010-11-22,837.0,837.0,752.0663691538034,0.0
2010-11-23,824.0,824.0,743.467631269192,0.0
2010-11-24,834.0,824.375,736.4058135590817,9.625
2010-11-25,821.0,821.0,729.0349048962038,0.0
2010-11-26,819.0,819.0,722.1983396280367,0.0
2010-11-27,840.0,819.7875,717.5503452180332,20.212500000000002
2010-11-28,803.0,803.0,710.5919799200672,0.0
2010-11-29,776.0,776.0,702.2779077052462,0.0
2010-11-30,3310.0,871.0250000000001,882.4373606955014,2438.975
2010-12-01,12100.0,1383.573124999999,1697.0264939644371,10716.426875000001
2010-12-02,11800.0,2176.055140624998,2413.968485264027,9623.944859375002
2010-12-03,9920.0,2827.3510050781224,2925.2676995914326,7092.648994921878
2010-12-04,5660.0,3199.549679697263,3073.668838518152,2460.450320302737
2010-12-05,2610.0,2610.0,2610.0,0.0
2010-12-06,2090.0,2090.0,2090.0,0.0
2010-12-07,1830.0,1830.0,1830.0,0.0
2010-12-08,1640.0,1640.0,1640.0,0.0
2010-12-09,1550.0,1550.0,1550.0,0.0
2010-12-10,1460.0,1460.0,1460.0,0.0
2010-12-11,1390.0,1390.0,1390.0,0.0
2010-12-12,1420.0,1391.125,1366.4814814814815,28.875
2010-12-13,1450.0,1394.415625,1347.3628257887517,55.584375
2010-12-14,1300.0,1300.0,1300.0,0.0
2010-12-15,1200.0,1200.0,1200.0,0.0
2010-12-16,1220.0,1200.75,1179.2592592592591,19.25
2010-12-17,1310.0,1205.56875,1167.105624142661,104.43125
2010-12-18,1300.0,1213.02609375,1155.3365848701924,86.97390625000001
2010-12-19,1230.0,1216.9241367187499,1139.4720862711004,13.075863281250022
2010-12-20,1170.0,1170.0,1120.6320782830355,0.0
2010-12-21,1130.0,1130.0,1100.5735525160878,0.0
2010-12-22,1120.0,1120.0,1081.6315569127464,0.0
2010-12-23,1110.0,1110.0,1063.702709050455,0.0
2010-12-24,1070.0,1070.0,1044.4709767309685,0.0
2010-12-25,1080.0,1070.375,1027.7607011077307,9.625
2010-12-26,1140.0,1073.346875,1017.0421176718297,66.653125
2010-12-27,1080.0,1076.095859375,1002.8715512207344,3.9041406250000037
2010-12-28,1030.0,1030.0,986.3093705521478,0.0
2010-12-29,1030.0,1030.0,971.2807251306526,0.0
2010-12-30,1030.0,1030.0,957.6436209518886,0.0
2010-12-31,1040.0,1030.375,946.0099523452323,9.625
2011-01-01,1170.0,1035.971875,945.0831049058589,134.028125
2011-01-02,1700.0,1065.898984375,983.5013359330942,634.101015625
2011-01-03,1730.0,1114.5815605468752,1020.5845455689189,615.418439453125
2011-01-04,1410.0,1148.7379435058592,1030.5304209792043,261.26205649414067
2011-01-05,1300.0,1164.20759774292,1031.4072338515002,135.79240225708014
2011-01-06,1250.0,1172.5170279122008,1028.499156643028,77.48297208779914
2011-01-07,1230.0,1177.5782508187858,1024.378864361266,52.42174918121421
2011-01-08,1200.0,1180.3848820073767,1018.4178584018896,19.615117992623148
2011-01-09,1160.0,1160.0,1010.0458344757888,0.0
2011-01-10,1150.0,1150.0,1001.708257209512,0.0
2011-01-11,1160.0,1150.375,994.8834185790017,9.625
2011-01-12,1130.0,1130.0,986.4682872290942,0.0
2011-01-13,1060.0,1060.0,973.6471495226966,0.0
2011-01-14,1060.0,1060.0,962.0131541965209,0.0
2011-01-15,1060.0,1060.0,951.456380659806,0.0
2011-01-16,1060.0,1060.0,941.8770861542683,0.0
2011-01-17,1060.0,1060.0,933.1847633622064,0.0
2011-01-18,1070.0,1060.375,926.0380260138538,9.625
2011-01-19,1170.0,1064.846875,926.9604310125711,105.153125
2011-01-20,1210.0,1074.233359375,930.7603911039996,135.766640625
2011-01-21,1170.0,1082.915857421875,931.2455400758516,87.08414257812501
2011-01-22,1100.0,1086.8221681152343,926.5005826614209,13.177831884765638
2011-01-23,1040.0,1040.0,917.7505287112893,0.0
2011-01-24,1020.0,1020.0,908.329183460244,0.0
2011-01-25,1030.0,1020.375,900.5209257324436,9.625
2011-01-26,1340.0,1032.721875,916.3986177942544,307.278125
2011-01-27,1680.0,1068.517734375,955.9913383688606,611.4822656250001
2011-01-28,1400.0,1103.878904296875,971.1773255569292,296.1210957031251
2011-01-29,1230.0,1119.7129864746094,972.3646102275839,110.2870135253907
2011-01-30,1180.0,1126.1095124890137,969.7382574287335,53.890487510986404
2011-01-31,1140.0,1128.6512990523377,964.3921224816285,11.348700947662422
2011-02-01,1150.0,1129.8774516234123,960.2817407703665,20.12254837658774
2011-02-02,3080.0,1203.7616427516564,1099.5149129212584,1876.2383572483436
2011-02-03,3060.0,1343.729519545282,1224.3746432063272,1716.270480454718
2011-02-04,2240.0,1441.6998055793858,1276.9325466131488,798.3001944206142
2011-02-05,2900.0,1526.322320160932,1373.5128663711905,1373.677679839068
2011-02-06,2600.0,1618.098146148862,1438.9283417071915,981.901853851138
2011-02-07,2150.0,1674.8657851876974,1464.953495252822,475.1342148123026
2011-02-08,1890.0,1700.75085129862,1469.3096530997827,189.24914870137997
2011-02-09,1680.0,1680.0,1457.7069074423953,0.0
2011-02-10,1550.0,1550.0,1437.5488604569885,0.0
2011-02-11,1460.0,1460.0,1412.590632636897,0.0
2011-02-12,1380.0,1380.0,1380.0,0.0
2011-02-13,1320.0,1320.0,1320.0,0.0
2011-02-14,1270.0,1270.0,1270.0,0.0
2011-02-15,1240.0,1240.0,1240.0,0.0
2011-02-16,1200.0,1200.0,1200.0,0.0
2011-02-17,1180.0,1180.0,1176.2962962962963,0.0
2011-02-18,1160.0,1160.0,1153.3058984910838,0.0
2011-02-19,1130.0,1130.0,1130.0,0.0
2011-02-20,1090.0,1090.0,1090.0,0.0
2011-02-21,1080.0,1080.0,1069.0740740740741,0.0
2011-02-22,1070.0,1070.0,1049.3449931412895,0.0
2011-02-23,1050.0,1050.0,1029.961197480059,0.0
2011-02-24,1030.0,1030.0,1010.8907162319052,0.0
2011-02-25,1110.0,1033.0,999.5119462104326,77.0
2011-02-26,1160.0,1040.65,992.8904697094666,119.35000000000001
2011-02-27,1060.0,1045.85125,979.4746854771087,14.148750000000007
2011-02-28,1150.0,1050.28740625,973.9677701551541,99.71259375000001
2011-03-01,1730.0,1079.51585078125,1011.9337173630103,650.48414921875
2011-03-02,1500.0,1119.6771619726562,1029.3472620516204,380.3228380273438
2011-03-03,1240.0,1138.451374824707,1025.889182232026,101.54862517529301
2011-03-04,1170.0,1143.442521712854,1017.5661098031347,26.55747828714604
2011-03-05,1160.0,1145.05933258439,1009.2729514880297,14.94066741561009
2011-03-06,6170.0,1334.0548826405611,1372.8587893132126,4835.945117359439
2011-03-07,7990.0,1765.0007664425184,1837.5940865990267,6224.999233557482
2011-03-08,7660.0,2219.500708959329,2234.8538933954137,5440.499291040671
2011-03-09,7970.0,2639.163155787379,2618.2933477106535,5330.836844212621
2011-03-10,8810.0,3070.4759191033254,3028.4513710707784,5739.524080896675
2011-03-11,8520.0,3490.065225170576,3379.150318193855,5029.934774829424
2011-03-12,7170.0,3816.6853332827823,3597.377140583313,3353.3146667172177
2011-03-13,5340.0,3999.5589332865734,3659.842220158932,1340.4410667134266
2011-03-14,3500.0,3500.0,3500.0,0.0
2011-03-15,3380.0,3380.0,3380.0,0.0
2011-03-16,3730.0,3393.125,3343.333333333333,336.875
2011-03-17,3170.0,3170.0,3170.0,0.0
2011-03-18,2770.0,2770.0,2770.0,0.0
2011-03-19,2550.0,2550.0,2550.0,0.0
2011-03-20,2390.0,2390.0,2390.0,0.0
2011-03-21,2260.0,2260.0,2260.0,0.0
2011-03-22,2160.0,2160.0,2160.0,0.0
2011-03-23,2070.0,2070.0,2070.0,0.0
2011-03-24,2160.0,2073.375,2038.3333333333335,86.625
2011-03-25,1980.0,1980.0,1980.0,0.0
2011-03-26,1880.0,1880.0,1880.0,0.0
2011-03-27,2600.0,1907.0,1898.5185185185185,693.0
2011-03-28,2780.0,1965.725,1928.6556927297668,814.275
2011-03-29,2570.0,2018.920625,1940.4468322918256,551.079375
2011-03-30,2950.0,2074.501578125,1979.2943478203604,875.4984218750001
2011-03-31,3340.0,2154.788959765625,2043.433760059216,1185.211040234375
2011-04-01,2850.0,2225.304787783203,2065.3380415352144,624.695212216797
2011-04-02,2530.0,2260.1569286994627,2061.5104450967688,269.8430713005373
2011-04-03,2300.0,2271.770159047003,2041.0002186989198,28.229840952997023
2011-04-04,2150.0,2150.0,2011.2779762267976,0.0
2011-04-05,3380.0,2196.125,2075.418904353946,1183.875
2011-04-06,3370.0,2284.5406249999996,2132.880116913766,1085.4593750000001
2011-04-07,2710.0,2341.200078125,2136.1319579402693,368.7999218750002
2011-04-08,2460.0,2359.4850722656247,2120.564184056911,100.51492773437525
2011-04-09,2300.0,2300.0,2094.586018866456,0.0
2011-04-10,2300.0,2300.0,2071.013239341784,0.0
2011-04-11,2150.0,2150.0,2038.512013476804,0.0
2011-04-12,2180.0,2151.125,2011.2423825993224,28.875
2011-04-13,2120.0,2120.0,1982.053273099385,0.0
2011-04-14,1950.0,1950.0,1942.9742663309235,0.0
2011-04-15,1880.0,1880.0,1880.0,0.0
2011-04-16,6960.0,2070.5,2221.4814814814818,4889.5
2011-04-17,8080.0,2479.2124999999996,2614.307270233197,5600.7875
2011-04-18,7380.0,2873.021562499999,2918.9084489153083,4506.978437500001
2011-04-19,6190.0,3166.4199453124993,3107.1576666083356,3023.5800546875007
2011-04-20,3840.0,3305.063449414062,3103.9023271075635,534.9365505859382
2011-04-21,3210.0,3210.0,3054.2817412642703,0.0
2011-04-22,3270.0,3212.25,3013.700098554616,57.75
2011-04-23,3440.0,3222.95625,2989.468607947707,217.04375
2011-04-24,2980.0,2980.0,2933.406699804401,0.0
2011-04-25,2690.0,2690.0,2690.0,0.0
2011-04-26,2560.0,2560.0,2560.0,0.0
2011-04-27,2580.0,2560.75,2514.0740740740744,19.25
2011-04-28,3610.0,2600.81875,2548.6968449931414,1009.18125
2011-04-29,3580.0,2675.38234375,2577.8915815678506,904.61765625
2011-04-30,2890.0,2717.35366796875,2553.2719906819384,172.64633203125004
2011-05-01,2570.0,2570.0,2507.2282878410183,0.0
2011-05-02,2390.0,2390.0,2390.0,0.0
2011-05-03,2420.0,2391.125,2347.962962962963,28.875
2011-05-04,3050.0,2416.915625,2356.4849108367625,633.084375
2011-05-05,2600.0,2447.521953125,2330.884456129655,152.47804687500002
2011-05-06,2340.0,2340.0,2288.3951546361686,0.0
2011-05-07,2210.0,2210.0,2210.0,0.0
2011-05-08,2100.0,2100.0,2100.0,0.0
2011-05-09,2000.0,2000.0,2000.0,0.0
2011-05-10,1900.0,1900.0,1900.0,0.0
2011-05-11,1990.0,1903.375,1871.4814814814815,86.625
2011-05-12,1830.0,1830.0,1830.0,0.0
2011-05-13,1950.0,1834.5,1805.0,115.5
2011-05-14,1920.0,1842.0375,1780.0925925925926,77.9625
2011-05-15,1740.0,1740.0,1740.0,0.0
2011-05-16,1660.0,1660.0,1660.0,0.0
2011-05-17,1750.0,1663.375,1635.9259259259256,86.625
2011-05-18,1840.0,1673.246875,1620.7475994513027,166.753125
2011-05-19,1660.0,1660.0,1593.6413402428486,0.0
2011-05-20,1590.0,1590.0,1563.8597346648069,0.0
2011-05-21,1540.0,1540.0,1533.1319814551025,0.0
2011-05-22,1530.0,1530.0,1504.5086498388891,0.0
2011-05-23,1530.0,1530.0,1478.5356267056586,0.0
2011-05-24,1390.0,1390.0,1390.0,0.0
2011-05-25,1330.0,1330.0,1330.0,0.0
2011-05-26,1260.0,1260.0,1260.0,0.0
2011-05-27,1470.0,1267.875,1252.2222222222222,202.125
2011-05-28,1480.0,1283.409375,1245.9053497942386,196.59062500000002
2011-05-29,1330.0,1292.5286718749999,1229.0622618503276,37.471328125000014
2011-05-30,1230.0,1230.0,1206.371311679001,0.0
2011-05-31,1160.0,1160.0,1160.0,0.0
2011-06-01,1110.0,1110.0,1110.0,0.0
2011-06-02,1080.0,1080.0,1080.0,0.0
2011-06-03,1380.0,1091.25,1082.2222222222222,288.75
2011-06-04,1180.0,1105.40625,1069.4238683127571,74.59375
2011-06-05,1070.0,1070.0,1049.662399024539,0.0
2011-06-06,1040.0,1040.0,1029.5084731889333,0.0
2011-06-07,1020.0,1020.0,1009.739170115884,0.0
2011-06-08,1110.0,1023.375,998.4670247347836,86.625
2011-06-09,1100.0,1029.496875,987.4978557778593,70.503125
2011-06-10,1120.0,1035.534609375,979.0258320947241,84.465390625
2011-06-11,1070.0,1039.994513671875,967.6345513452126,30.005486328125002
2011-06-12,1170.0,1045.9949251464843,964.7054262206559,124.00507485351562
2011-06-13,1350.0,1062.045305760498,975.3808497187433,287.954694239502
2011-06-14,1060.0,1060.0,963.5863265966374,0.0
2011-06-15,1090.0,1061.125,955.1061111710229,28.875
2011-06-16,2040.0,1098.915625,1017.7814712477801,941.084375
2011-06-17,1310.0,1142.121953125,1020.579483169282,167.8780468750001
2011-06-18,1090.0,1090.0,1006.8221236165707,0.0
2011-06-19,1380.0,1100.875,1015.8200751335548,279.125
2011-06-20,1310.0,1119.184375,1018.7996978063738,190.815625
2011-06-21,1080.0,1080.0,1004.4663924539317,0.0
2011-06-22,1080.0,1080.0,991.4602450044937,0.0
2011-06-23,1140.0,1082.25,984.102814911485,57.75
2011-06-24,1330.0,1093.70625,991.5007024196809,236.29375
2011-06-25,1160.0,1105.05328125,985.6210077511919,54.94671875
2011-06-26,975.0,975.0,966.5820255520075,0.0
2011-06-27,936.0,936.0,936.0,0.0
2011-06-28,1020.0,939.15,924.8888888888889,80.85000000000001
2011-06-29,1500.0,963.21375,950.3621399176956,536.78625
2011-06-30,1030.0,985.84771875,938.6619417771682,44.152281250000044
2011-07-01,891.0,891.0,891.0,0.0
2011-07-02,829.0,829.0,829.0,0.0
2011-07-03,781.0,781.0,781.0,0.0
2011-07-04,770.0,770.0,765.7222222222223,0.0
2011-07-05,961.0,777.1625,766.0072016460905,183.8375
2011-07-06,1210.0,800.2878125,784.7102385307118,409.7121875
2011-07-07,1380.0,837.3912265624999,814.2741053334236,542.6087734375001
2011-07-08,1630.0,887.4618845703123,859.6190955803288,742.5381154296877
2011-07-09,2110.0,961.1522432275387,936.321031174743,1148.8477567724613
2011-07-10,2130.0,1048.0658249854732,1007.4024171770816,1081.9341750145268
2011-07-11,1980.0,1123.5858881115628,1060.7910822532779,856.4141118884373
2011-07-12,1360.0,1164.5669465031956,1063.3104264890856,195.43305349680452
2011-07-13,1140.0,1140.0,1049.3002018141701,0.0
2011-07-14,1410.0,1150.125,1056.58722016471,259.875
2011-07-15,1250.0,1163.615625,1051.3476627420519,86.384375
2011-07-16,1220.0,1168.969453125,1044.3710273029728,51.03054687500001
2011-07-17,1130.0,1130.0,1031.3737099601049,0.0
2011-07-18,1030.0,1030.0,1012.1724405193544,0.0
2011-07-19,975.0,975.0,975.0,0.0
2011-07-20,939.0,939.0,939.0,0.0
2011-07-21,911.0,911.0,911.0,0.0
2011-07-22,921.0,911.375,894.8703703703703,9.625
2011-07-23,898.0,898.0,878.5305212620027,0.0
2011-07-24,874.0,874.0,861.9258433673727,0.0
2011-07-25,1110.0,882.85,864.3401171296531,227.15
2011-07-26,1760.0,924.26125,914.6789951732038,835.73875
2011-07-27,1420.0,974.1916562499999,935.1716808053146,445.80834375000006
2011-07-28,970.0,970.0,920.43356221223,0.0
2011-07-29,834.0,834.0,834.0,0.0
2011-07-30,769.0,769.0,769.0,0.0
2011-07-31,735.0,735.0,735.0,0.0
2011-08-01,865.0,739.875,731.0185185185185,125.125
2011-08-02,902.0,750.646875,730.1464334705075,151.353125
2011-08-03,735.0,735.0,716.9847266676828,0.0
2011-08-04,674.0,674.0,674.0,0.0
2011-08-05,660.0,660.0,660.0,0.0
2011-08-06,788.0,664.8,657.2592592592591,123.2
2011-08-07,1060.0,684.24,674.9204389574759,375.76
2011-08-08,866.0,705.1469999999999,676.5759538688206,160.85300000000004
2011-08-09,814.0,715.2609749999999,674.2263285105965,98.73902500000003
2011-08-10,675.0,675.0,661.7979647596154,0.0
2011-08-11,612.0,612.0,612.0,0.0
2011-08-12,666.0,614.025,604.6666666666666,51.975
2011-08-13,849.0,624.785625,611.5679012345679,224.21437500000002
2011-08-14,1530.0,667.139203125,668.274577046182,862.860796875
2011-08-15,1050.0,713.8537628906249,684.1750791715355,336.1462371093751
2011-08-16,745.0,727.6272306738281,676.0107199889858,17.372769326171976
2011-08-17,656.0,656.0,656.0,0.0
2011-08-18,632.0,632.0,632.0,0.0
2011-08-19,697.0,634.4375,625.1111111111111,62.5625
2011-08-20,765.0,641.6796875,623.8971193415638,123.3203125
2011-08-21,995.0,659.5537109375,639.8325712543818,335.4462890625
2011-08-22,1000.0,684.8996826171874,654.662888730828,315.10031738281253
2011-08-23,735.0,698.5947064208983,648.4903990335291,36.405293579101624
2011-08-24,639.0,639.0,635.7783250489431,0.0
2011-08-25,598.0,598.0,598.0,0.0
2011-08-26,590.0,590.0,586.3333333333334,0.0
2011-08-27,596.0,590.225,576.1913580246913,5.775
2011-08-28,580.0,580.0,565.8032693187014,0.0
2011-08-29,536.0,536.0,536.0,0.0
2011-08-30,500.0,500.0,500.0,0.0
2011-08-31,498.0,498.0,490.59259259259255,0.0
2011-09-01,481.0,481.0,480.79698216735255,0.0
2011-09-02,502.0,481.7875,473.4639282629681,20.212500000000002
2011-09-03,523.0,484.0909375,468.3654163867674,38.909062500000005
2011-09-04,565.0,488.5841171875,466.8501000546593,76.4158828125
2011-09-05,884.0,506.27780839843746,489.1047204199687,377.72219160156254
2011-09-06,2530.0,596.3319727685546,631.2246537144163,1933.6680272314454
2011-09-07,2380.0,735.732074810913,749.0742228149334,1644.267925189087
2011-09-08,1380.0,821.5521692000943,781.9377207024395,558.4478307999057
2011-09-09,1000.0,849.1857565100872,783.6101539707321,150.81424348991277
2011-09-10,858.0,855.1718247718306,774.6092137882569,2.8281752281693002
2011-09-11,760.0,760.0,759.1824347337886,0.0
2011-09-12,700.0,700.0,700.0,0.0
2011-09-13,662.0,662.0,662.0,0.0
2011-09-14,631.0,631.0,631.0,0.0
2011-09-15,598.0,598.0,598.0,0.0
2011-09-16,568.0,568.0,568.0,0.0
2011-09-17,549.0,549.0,549.0,0.0
2011-09-18,546.0,546.0,538.6111111111111,0.0
2011-09-19,557.0,546.4125,529.9989711934156,10.5875
2011-09-20,558.0,547.2440625,522.2583257125439,10.755937500000002
2011-09-21,738.0,554.8007578125,528.5677399984195,183.1992421875
2011-09-22,1280.0,588.8657009765624,574.4410974059733,691.1342990234376
2011-09-23,2190.0,674.8257734033202,683.4743291276426,1515.1742265966798
2011-09-24,3360.0,832.3388403980712,869.0785579121202,2527.661159601929
2011-09-25,1800.0,963.4134273682157,921.9416544017388,836.5865726317843
2011-09-26,1260.0,1005.9074203155994,929.9100197349112,254.09257968440056
2011-09-27,1120.0,1019.7143637919295,926.7702030927898,100.28563620807054
2011-09-28,1050.0,1024.6107865075348,918.7359250286426,25.38921349246526
2011-09-29,917.0,917.0,901.5937097482126,0.0
2011-09-30,833.0,833.0,833.0,0.0
2011-10-01,778.0,778.0,778.0,0.0
2011-10-02,739.0,739.0,739.0,0.0
2011-10-03,713.0,713.0,713.0,0.0
2011-10-04,692.0,692.0,692.0,0.0
2011-10-05,678.0,678.0,678.0,0.0
2011-10-06,664.0,664.0,664.0,0.0
2011-10-07,643.0,643.0,643.0,0.0
2011-10-08,620.0,620.0,620.0,0.0
2011-10-09,606.0,606.0,606.0,0.0
2011-10-10,609.0,606.1125,595.0,2.8875
2011-10-11,626.0,606.9665625,586.2777777777778,19.0334375
2011-10-12,987.0,621.9315703125,605.1039094650206,365.06842968750004
2011-10-13,988.0,649.3492025390624,622.260954884926,338.65079746093755
2011-10-14,830.0,668.8230123486328,626.1256812844699,161.17698765136723
2011-10-15,742.0,677.6112864224854,623.1140441285005,64.38871357751468
2011-10-16,681.0,680.1529399407989,615.8627437462319,0.847060059201084
2011-10-17,651.0,651.0,607.060637843803,0.0
2011-10-18,652.0,651.0375,599.1476158212287,0.9625
2011-10-19,871.0,659.3221875,608.189503245189,211.6778125
2011-10-20,1310.0,691.6605234374999,648.912697389153,618.3394765625001
2011-10-21,1060.0,728.6609841796874,667.3467068901574,331.3390158203126
2011-10-22,840.0,745.2614103662108,667.7775673632909,94.73858963378922
2011-10-23,766.0,749.5918045887449,662.6870518666898,16.408195411255022
2011-10-24,733.0,733.0,655.6234359531074,0.0
2011-10-25,708.0,708.0,647.36200669819,0.0
2011-10-26,688.0,688.0,638.3840431150243,0.0
2011-10-27,667.0,667.0,628.6818169006701,0.0
2011-10-28,657.0,657.0,619.1372042246821,0.0
2011-10-29,691.0,658.275,612.9948705001746,32.725
2011-10-30,751.0,662.979375,611.8657158242324,88.020625
2011-10-31,699.0,667.630921875,606.989260655322,31.369078124999994
2011-11-01,656.0,656.0,599.3791439279773,0.0
2011-11-02,638.0,638.0,591.1403343050165,0.0
2011-11-03,654.0,638.6,584.8495626101076,15.4
2011-11-04,1270.0,662.855,624.770899405468,607.145
2011-11-05,1400.0,713.2658749999999,670.6254457568135,686.7341250000001
2011-11-06,1000.0,749.7709343749999,682.6045711497011,250.2290656250001
2011-11-07,857.0,763.175614296875,682.881925672877,93.82438570312507
2011-11-08,812.0,768.5249432246093,679.8002658883513,43.4750567753907
2011-11-09,782.0,770.6605724827637,674.7817227505409,11.339427517236395
2011-11-10,755.0,755.0,668.2278595328982,0.0
2011-11-11,727.0,727.0,660.206761428,0.0
2011-11-12,702.0,702.0,651.0765057402222,0.0
2011-11-13,687.0,687.0,641.6805329864978,0.0
2011-11-14,677.0,677.0,632.4138169692295,0.0
2011-11-15,670.0,670.0,623.4866116943008,0.0
2011-11-16,857.0,677.0125,629.2378513522359,179.9875
2011-11-17,1400.0,710.8740624999999,674.6787910418437,689.1259375000001
2011-11-18,1330.0,759.9335078124999,710.7270511305619,570.0664921875001
2011-11-19,1020.0,791.0634947265623,720.4745463962506,228.93650527343766
2011-11-20,913.0,804.2212326220701,721.3935698780791,108.77876737792984
2011-11-21,908.0,812.1921401754149,721.8571282227015,95.80785982458511
2011-11-22,999.0,822.7902296622588,729.018505239118,176.20977033774125
2011-11-23,1520.0,855.5434624375894,774.109384383644,664.4565375624106
2011-11-24,1520.0,905.3777027547701,815.0251821258993,614.6222972452299
2011-11-25,1160.0,937.9743750481623,825.4858134105383,222.0256249518377
2011-11-26,1030.0,949.7512969195501,825.3482380947477,80.24870308044987
2011-11-27,962.0,953.2199496505839,820.1863641970858,8.780050349416129
2011-11-28,2700.0,1019.0534534267899,944.2431823269854,1680.94654657321
2011-11-29,8460.0,1361.12444441978,1483.4799247041171,7098.87555558022
2011-11-30,7190.0,1845.9151110882958,1878.7132650092917,5344.084888911704
2011-12-01,7070.0,2242.2214777566733,2228.462036767691,4827.778522243327
2011-12-02,4720.0,2516.179866924923,2371.752588918831,2203.820133075077
2011-12-03,2440.0,2440.0,2332.8866084633837,0.0
2011-12-04,2030.0,2030.0,2030.0,0.0
2011-12-05,1830.0,1830.0,1830.0,0.0
2011-12-06,1910.0,1833.0,1802.0370370370367,77.0
2011-12-07,4240.0,1926.15,1949.255829903978,2313.85
2011-12-08,5390.0,2142.81375,2168.0284382462028,3247.18625
2011-12-09,4050.0,2336.10271875,2267.2850643345178,1713.89728125
2011-12-10,2780.0,2417.02001484375,2263.2771880072473,362.9799851562502
2011-12-11,2340.0,2340.0,2227.0478187473173,0.0
2011-12-12,2090.0,2090.0,2090.0,0.0
2011-12-13,1910.0,1910.0,1910.0,0.0
2011-12-14,1760.0,1760.0,1760.0,0.0
2011-12-15,1640.0,1640.0,1640.0,0.0
2011-12-16,1710.0,1642.625,1614.8148148148148,67.375
2011-12-17,1800.0,1651.053125,1598.6282578875168,148.946875
2011-12-18,1560.0,1560.0,1560.0,0.0
2011-12-19,1450.0,1450.0,1450.0,0.0
2011-12-20,1380.0,1380.0,1380.0,0.0
2011-12-21,1500.0,1384.5,1363.3333333333333,115.5
2011-12-22,2130.0,1416.7875,1394.8765432098764,713.2125
2011-12-23,5400.0,1592.9034375,1665.721307727481,3807.0965625
2011-12-24,4830.0,1857.0606796875,1869.265631086048,2972.9393203125
2011-12-25,3300.0,2022.6561287109375,1940.6299245040068,1277.3438712890625
2011-12-26,2440.0,2086.206919057617,1941.6827092721542,353.79308094238286
2011-12-27,3110.0,2137.866400128296,1992.2676435988067,972.1335998717042
2011-12-28,4210.0,2252.0264201186737,2119.6502691915102,1957.9735798813263
2011-12-29,3310.0,2365.1244386097733,2168.5715405626665,944.875561390227
2011-12-30,2740.0,2414.61510571404,2170.7408423624197,325.38489428595994
2011-12-31,2380.0,2380.0,2146.0426162177514,0.0
2012-01-01,2180.0,2180.0,2108.816448049441,0.0
2012-01-02,2030.0,2030.0,2030.0,0.0
2012-01-03,1900.0,1900.0,1900.0,0.0
2012-01-04,1770.0,1770.0,1770.0,0.0
2012-01-05,1730.0,1730.0,1730.0,0.0
2012-01-06,1680.0,1680.0,1680.0,0.0
2012-01-07,1570.0,1570.0,1570.0,0.0
2012-01-08,1520.0,1520.0,1520.0,0.0
2012-01-09,1530.0,1520.375,1492.5925925925924,9.625
2012-01-10,1580.0,1522.971875,1471.426611796982,57.028125
2012-01-11,2710.0,1569.623984375,1535.924147741706,1140.376015625
2012-01-12,5100.0,1744.777185546875,1771.4867266545114,3355.222814453125
2012-01-13,3660.0,1942.4188966308593,1878.571289001316,1717.5811033691407
2012-01-14,2690.0,2034.8624793835447,1903.888762241935,655.1375206164553
2012-01-15,2360.0,2071.622793429779,1902.4175805528669,288.3772065702211
2012-01-16,2150.0,2085.3760839225456,1885.5270638350087,64.62391607745457
2012-01-17,2050.0,2050.0,1862.7930764428781,0.0
2012-01-18,2390.0,2062.75,1867.3492730685375,327.25
2012-01-19,2360.0,2086.16875,1869.2613774140434,273.83125
2012-01-20,2090.0,2090.0,1850.9964350608911,0.0
2012-01-21,2290.0,2097.5,1849.2375058885866,192.5
2012-01-22,2650.0,2125.4375,1874.308107195199,524.5625
2012-01-23,2810.0,2170.7796875,1908.9092083808287,639.2203125000001
2012-01-24,3740.0,2253.5962109375,2009.195392790011,1486.4037890625
2012-01-25,3080.0,2340.3264951171877,2051.30693049464,739.6735048828125
2012-01-26,2660.0,2380.0520079833987,2058.408140634025,279.9479920166016
2012-01-27,3380.0,2428.0481073846436,2118.1851646493933,951.9518926153564
2012-01-28,3400.0,2500.194499330795,2173.9087605151904,899.8055006692048
2012-01-29,2820.0,2545.9299118809854,2181.5098012082285,274.0700881190145
2012-01-30,2530.0,2530.0,2166.925560355615,0.0
2012-01-31,2360.0,2360.0,2141.099119581947,0.0
2012-02-01,2250.0,2250.0,2109.5158677688037,0.0
2012-02-02,2310.0,2252.25,2085.3014355679884,57.75
2012-02-03,2180.0,2180.0,2053.6994507931745,0.0
2012-02-04,1980.0,1980.0,1980.0,0.0
2012-02-05,2190.0,1987.875,1958.888888888889,202.125
2012-02-06,2220.0,2004.159375,1941.954732510288,215.84062500000002
2012-02-07,2000.0,2000.0,1910.292257277854,0.0
2012-02-08,1890.0,1890.0,1873.4133445669418,0.0
2012-02-09,1880.0,1880.0,1839.208405255188,0.0
2012-02-10,1820.0,1820.0,1803.7261455093371,0.0
2012-02-11,1770.0,1770.0,1767.825576480695,0.0
2012-02-12,1670.0,1670.0,1670.0,0.0
2012-02-13,1620.0,1620.0,1620.0,0.0
2012-02-14,1600.0,1600.0,1588.5185185185185,0.0
2012-02-15,1590.0,1590.0,1559.2112482853222,0.0
2012-02-16,1540.0,1540.0,1528.9139104811259,0.0
2012-02-17,1520.0,1520.0,1499.9404002513922,0.0
2012-02-18,1450.0,1450.0,1450.0,0.0
2012-02-19,1470.0,1450.75,1424.6296296296298,19.25
2012-02-20,1750.0,1462.69375,1422.349108367627,287.30625
2012-02-21,1590.0,1478.24171875,1408.4278946298834,111.75828124999998
2012-02-22,1460.0,1460.0,1386.1660525345237,0.0
2012-02-23,1530.0,1462.625,1371.1506772998455,67.375
2012-02-24,1460.0,1460.0,1352.3404294017116,0.0
2012-02-25,1410.0,1410.0,1331.5681674200716,0.0
2012-02-26,1350.0,1350.0,1308.2748185848798,0.0
2012-02-27,1320.0,1320.0,1284.9160390862796,0.0
2012-02-28,1310.0,1310.0,1262.979368800513,0.0
2012-02-29,1300.0,1300.0,1242.3331309486136,0.0
2012-03-01,1360.0,1302.25,1228.0430262311495,57.75
2012-03-02,1340.0,1305.83125,1213.5945978764134,34.16875
2012-03-03,2200.0,1340.6439062499999,1264.1876906656346,859.35609375
2012-03-04,2530.0,1417.4706132812498,1334.5406822706684,1112.5293867187502
2012-03-05,1870.0,1476.160317285156,1349.4906190974584,393.839682714844
2012-03-06,1620.0,1496.3232934887692,1344.537783995842,123.67670651123075
2012-03-07,1510.0,1501.4740464771116,1331.8953965888195,8.525953522888443
2012-03-08,1470.0,1470.0,1317.4606376454103,0.0
2012-03-09,2070.0,1492.5,1348.8068749004651,577.5
2012-03-10,1860.0,1527.9375,1361.6951272244964,332.0625
2012-03-11,1590.0,1542.7171875,1353.3900228518578,47.282812500000034
2012-03-12,1490.0,1490.0,1338.4465022174265,0.0
2012-03-13,1500.0,1490.375,1325.6273816417388,9.625
2012-03-14,1500.0,1491.096875,1313.995216674911,8.903125000000001
2012-03-15,1430.0,1430.0,1298.2549188346413,0.0
2012-03-16,1780.0,1443.125,1309.8979819055078,336.875
2012-03-17,1820.0,1469.890625,1323.4259465438865,350.109375
2012-03-18,1660.0,1490.148828125,1323.849470012045,169.85117187500003
2012-03-19,1730.0,1505.512666015625,1329.418963529448,224.48733398437503
2012-03-20,1740.0,1522.724216064453,1335.213503943388,217.2757839355469
2012-03-21,1990.0,1548.394899859619,1358.9900313560374,441.6051001403809
2012-03-22,1700.0,1570.6402823701476,1359.0835469712192,129.35971762985236
2012-03-23,1670.0,1579.2172611923866,1356.9461815109212,90.78273880761344
2012-03-24,2090.0,1601.7759666029576,1386.117831371021,488.22403339704243
2012-03-25,2190.0,1642.1427691077356,1419.9958099477785,547.8572308922643
2012-03-26,1850.0,1670.4820614246555,1425.5517534711325,179.5179385753445
2012-03-27,1660.0,1660.0,1416.5191837052869,0.0
2012-03-28,1540.0,1540.0,1399.4340741029455,0.0
2012-03-29,1520.0,1520.0,1382.4494376119317,0.0
2012-03-30,1500.0,1500.0,1365.5559711663825,0.0
2012-03-31,1540.0,1501.5,1353.189677539866,38.5
2012-04-01,1540.0,1504.3875,1341.9684111009897,35.612500000000004
2012-04-02,1450.0,1450.0,1325.1194841471945,0.0
2012-04-03,1600.0,1455.625,1320.9417541335654,144.375
2012-04-04,1920.0,1478.453125,1340.8545546767537,441.546875
2012-04-05,1900.0,1510.819140625,1357.4420959103877,389.180859375
2012-04-06,4200.0,1626.2577050781251,1542.8641240668333,2573.742294921875
2012-04-07,3970.0,1810.6633771972656,1694.0804088754599,2159.3366228027344
2012-04-08,2660.0,1923.4886239074706,1734.258148794399,736.5113760925294
2012-04-09,2220.0,1962.2269771144101,1738.12313501714,257.77302288558974
2012-04-10,1970.0,1970.0,1723.1117336266639,0.0
2012-04-11,1860.0,1860.0,1701.3421286612322,0.0
2012-04-12,1740.0,1740.0,1672.6993389703773,0.0
2012-04-13,1660.0,1660.0,1640.782733510157,0.0
2012-04-14,1530.0,1530.0,1530.0,0.0
2012-04-15,1460.0,1460.0,1460.0,0.0
2012-04-16,1410.0,1410.0,1410.0,0.0
2012-04-17,1530.0,1414.5,1392.7777777777778,115.5
2012-04-18,4080.0,1518.7875,1566.0390946502057,2561.2125
2012-04-19,4380.0,1722.1284375,1745.4799192196315,2657.8715625
2012-04-20,3040.0,1871.2188046874999,1809.0465933659618,1168.7811953125001
2012-04-21,2440.0,1936.3773943359374,1822.2830199061507,503.6226056640626
2012-04-22,2280.0,1968.149089760742,1822.44199954447,311.8509102392579
2012-04-23,2110.0,1985.1629080286864,1809.9936662533153,124.83709197131361
2012-04-24,1930.0,1930.0,1785.3646230817121,0.0
2012-04-25,1880.0,1880.0,1759.3123431667389,0.0
2012-04-26,2080.0,1887.5,1750.4871262068557,192.5
2012-04-27,2530.0,1918.8125,1775.8123922988134,611.1875
2012-04-28,2180.0,1951.5265625,1772.8668004192937,228.47343750000005
2012-04-29,1950.0,1950.0,1753.1569114915812,0.0
2012-04-30,1800.0,1800.0,1724.1609011682865,0.0
2012-05-01,1720.0,1720.0,1691.9237806897415,0.0
2012-05-02,1690.0,1690.0,1660.4493565518026,0.0
2012-05-03,1490.0,1490.0,1490.0,0.0
2012-05-04,1410.0,1410.0,1410.0,0.0
2012-05-05,1370.0,1370.0,1370.0,0.0
2012-05-06,1330.0,1330.0,1330.0,0.0
2012-05-07,1290.0,1290.0,1290.0,0.0
2012-05-08,1580.0,1300.875,1287.5925925925926,279.125
2012-05-09,2680.0,1363.059375,1366.8895747599452,1316.940625
2012-05-10,2190.0,1443.454921875,1402.5479474673577,746.5450781249999
2012-05-11,1720.0,1481.820802734375,1400.0898041833432,238.1791972656249
2012-05-12,1400.0,1400.0,1374.1555630552557,0.0
2012-05-13,1370.0,1370.0,1348.4004183279174,0.0
2012-05-14,3070.0,1433.75,1450.9559351494065,1636.25
2012-05-15,4830.0,1622.46875,1674.3859411540914,3207.53125
2012-05-16,3200.0,1801.90859375,1756.3872428990828,1398.09140625
2012-05-17,2510.0,1880.8904492187498,1779.684720408427,629.1095507812502
2012-05-18,2430.0,1925.0736655273436,1794.8990981483873,504.92633447265644
2012-05-19,2100.0,1950.5681406127928,1784.2602927642774,149.43185938720723
2012-05-20,1920.0,1920.0,1761.273228619437,0.0
2012-05-21,1720.0,1720.0,1720.0,0.0
2012-05-22,1850.0,1724.875,1697.7777777777776,125.125
2012-05-23,2350.0,1753.009375,1714.6502057613168,596.990625
2012-05-24,2130.0,1789.533671875,1713.664075598232,340.466328125
2012-05-25,1800.0,1800.0,1688.3248093391364,0.0
2012-05-26,1500.0,1500.0,1500.0,0.0
2012-05-27,1380.0,1380.0,1380.0,0.0
2012-05-28,1300.0,1300.0,1300.0,0.0
2012-05-29,1340.0,1301.5,1278.888888888889,38.5
2012-05-30,1720.0,1318.6375,1287.8806584362142,401.3625
2012-05-31,1410.0,1337.1146875,1273.0768937661944,72.88531250000005
2012-06-01,1640.0,1351.2060859375,1276.6808850841394,288.79391406250005
2012-06-02,1430.0,1364.9906294921875,1264.395617946719,65.00937050781255
2012-06-03,1230.0,1230.0,1230.0,0.0
2012-06-04,1150.0,1150.0,1150.0,0.0
2012-06-05,1140.0,1140.0,1127.9629629629628,0.0
2012-06-06,1290.0,1145.625,1119.0775034293551,144.375
2012-06-07,1250.0,1154.953125,1108.0518086673778,95.046875
2012-06-08,1200.0,1160.206640625,1094.343307864843,39.79335937500001
2012-06-09,1080.0,1080.0,1073.0152238032833,0.0
2012-06-10,1020.0,1020.0,1020.0,0.0
2012-06-11,1090.0,1022.625,1006.2962962962964,67.375
2012-06-12,1430.0,1040.428125,1019.0466392318245,389.571875
2012-06-13,1400.0,1068.521015625,1028.3941726362852,331.478984375
2012-06-14,1340.0,1091.1319394531251,1032.4317492440366,248.86806054687497
2012-06-15,1230.0,1105.6720439941407,1027.947328017737,124.32795600585936
2012-06-16,1090.0,1090.0,1013.5077606086872,0.0
2012-06-17,1030.0,1030.0,995.9607457375125,0.0
2012-06-18,995.0,995.0,977.4458618729279,0.0
2012-06-19,964.0,964.0,958.3490228106197,0.0
2012-06-20,939.0,939.0,939.0,0.0
2012-06-21,995.0,941.1,925.7592592592592,53.9
2012-06-22,1030.0,946.455,916.3371056241426,83.545
2012-06-23,1080.0,954.595875,911.491077325611,125.40412500000001
2012-06-24,1120.0,965.501184375,910.0567183139802,154.49881562500002
2012-06-25,1020.0,973.338595546875,901.3477629145376,46.661404453125016
2012-06-26,908.0,908.0,885.1488959780064,0.0
2012-06-27,799.0,799.0,799.0,0.0
2012-06-28,743.0,743.0,743.0,0.0
2012-06-29,707.0,707.0,707.0,0.0
2012-06-30,681.0,681.0,681.0,0.0
2012-07-01,658.0,658.0,658.0,0.0
2012-07-02,1100.0,674.575,678.5555555555555,425.425
2012-07-03,941.0,700.519375,685.4300411522634,240.48062500000006
2012-07-04,834.0,714.5429218749999,683.7420743789057,119.45707812500008
2012-07-05,813.0,722.7147027343749,680.6548452697479,90.28529726562508
2012-07-06,800.0,728.9986000292968,676.8905077447712,71.00139997070319
2012-07-07,769.0,733.1612050270995,671.1784236943294,35.838794972900445
2012-07-08,679.0,679.0,659.3285696485581,0.0
2012-07-09,655.0,655.0,646.7981465329508,0.0
2012-07-10,745.0,658.375,642.0946144465665,86.625
2012-07-11,1880.0,707.434375,721.9006686644772,1172.565625
2012-07-12,2470.0,817.5017968750001,838.0209771214702,1652.498203125
2012-07-13,1700.0,912.564162109375,886.3523681287414,787.435837890625
2012-07-14,3200.0,1027.871849951172,1041.3197414501544,2172.128150048828
2012-07-15,2770.0,1174.656461204834,1150.0864320566218,1595.343538795166
2012-07-16,2020.0,1266.1822266144713,1193.2265772365643,753.8177733855287
2012-07-17,1610.0,1307.3435596183858,1202.0018941591047,302.65644038161406
2012-07-18,1610.0,1330.042792647007,1209.9646817369655,279.957207352993
2012-07-19,1440.0,1344.6645831984815,1204.5975815761353,95.33541680151853
2012-07-20,1750.0,1363.4397394585953,1222.6903980968636,386.56026054140466
2012-07-21,1670.0,1389.4317589992006,1233.1820279027095,280.56824100079933
2012-07-22,1520.0,1404.8493770742607,1231.5910993931996,115.15062292573941
2012-07-23,1270.0,1270.0,1211.628960560496,0.0
2012-07-24,1200.0,1200.0,1188.3299827308203,0.0
2012-07-25,1030.0,1030.0,1030.0,0.0
2012-07-26,1030.0,1030.0,1010.9259259259259,0.0
2012-07-27,952.0,952.0,952.0,0.0
2012-07-28,945.0,945.0,933.8518518518518,0.0
2012-07-29,858.0,858.0,858.0,0.0
2012-07-30,794.0,794.0,794.0,0.0
2012-07-31,1190.0,808.8499999999999,808.6296296296297,381.15000000000003
2012-08-01,1940.0,865.56125,877.460219478738,1074.43875
2012-08-02,1230.0,919.5191562499999,887.3250139714474,310.4808437500001
2012-08-03,1150.0,939.8052195312499,890.3504756407578,210.19478046875008
2012-08-04,2090.0,990.8198280664062,962.725431599947,1099.1801719335938
2012-08-05,2520.0,1089.3833409614258,1060.2508545999522,1430.6166590385742
2012-08-06,1550.0,1160.3045903893187,1076.8942939888454,389.6954096106813
2012-08-07,1590.0,1191.03174611012,1094.9596371380264,398.9682538898802
2012-08-08,1710.0,1225.4543651518607,1120.2411522178388,484.54563484813923
2012-08-09,1620.0,1258.4202877654711,1136.5151196050758,361.5797122345288
2012-08-10,2180.0,1306.538766183061,1192.7637196416429,873.4612338169392
2012-08-11,1920.0,1362.2983587193312,1224.5448567118613,557.7016412806688
2012-08-12,1540.0,1389.8759818153812,1225.2351477570594,150.12401818461865
2012-08-13,1350.0,1350.0,1211.787448890665,0.0
2012-08-14,1160.0,1160.0,1160.0,0.0
2012-08-15,1180.0,1160.75,1140.0,19.25
2012-08-16,1020.0,1020.0,1020.0,0.0
2012-08-17,939.0,939.0,939.0,0.0
2012-08-18,913.0,913.0,913.0,0.0
2012-08-19,1100.0,920.0125,909.9444444444445,179.9875
2012-08-20,1170.0,936.1365625,912.3569958847737,233.86343750000003
2012-08-21,1170.0,953.6763203124999,914.5461629324799,216.32367968750003
2012-08-22,1150.0,969.1505962890625,915.0511478461391,180.84940371093754
2012-08-23,1190.0,984.2143015673828,918.4723378603856,205.78569843261724
2012-08-24,1080.0,995.523228949829,913.4286028733128,84.47677105017095
2012-08-25,1010.0,999.2339867785919,903.6666951998579,10.76601322140813
2012-08-26,979.0,979.0,892.5123715702415,0.0
2012-08-27,938.0,938.0,879.3538186470709,0.0
2012-08-28,827.0,827.0,827.0,0.0
2012-08-29,812.0,812.0,810.574074074074,0.0
2012-08-30,957.0,817.4375,806.4098079561041,139.5625
2012-08-31,974.0,828.5421875,803.8903812935018,145.45781250000002
2012-09-01,856.0,835.0265234375,792.8634941366961,20.97347656250001
2012-09-02,893.0,837.9870341796875,785.5983557907058,55.012965820312516
2012-09-03,1050.0,848.0005066162109,790.6355450693441,201.9994933837891
2012-09-04,1540.0,881.5254686199951,831.50262422959,658.4745313800049
2012-09-05,1450.0,927.5360584734955,861.9190479120354,522.4639415265045
2012-09-06,1230.0,958.4708540879833,873.2228397720321,271.5291459120167
2012-09-07,1020.0,970.9605400313845,867.9244286820292,49.03945996861546
2012-09-08,934.0,934.0,856.7462408411005,0.0
2012-09-09,869.0,869.0,841.7882555780357,0.0
2012-09-10,819.0,819.0,819.0,0.0
2012-09-11,776.0,776.0,776.0,0.0
2012-09-12,753.0,753.0,753.0,0.0
2012-09-13,735.0,735.0,735.0,0.0
2012-09-14,721.0,721.0,720.3518518518518,0.0
2012-09-15,713.0,713.0,706.4674211248285,0.0
2012-09-16,731.0,713.675,695.2019191688258,17.325
2012-09-17,893.0,721.049375,696.9795192457865,171.950625
2012-09-18,5210.0,895.8331718749996,1018.3703045008066,4314.166828125
2012-09-19,5650.0,1235.895683984374,1342.5952763062878,4414.104316015626
2012-09-20,4400.0,1520.078507685546,1544.2068247964469,2879.921492314454
2012-09-21,2650.0,1670.44761960913,1597.521007685665,979.55238039087
2012-09-22,1750.0,1710.1640481384452,1579.2320254925476,39.835951861554804
2012-09-23,1420.0,1420.0,1420.0,0.0
2012-09-24,1240.0,1240.0,1240.0,0.0
2012-09-25,1140.0,1140.0,1140.0,0.0
2012-09-26,1080.0,1080.0,1080.0,0.0
2012-09-27,1030.0,1030.0,1030.0,0.0
2012-09-28,1000.0,1000.0,1000.0,0.0
2012-09-29,991.0,991.0,980.8148148148148,0.0
2012-09-30,1040.0,992.8375,967.0356652949245,47.1625
2012-10-01,1010.0,995.2496874999999,952.3101407305796,14.750312500000007
2012-10-02,4290.0,1119.3559609375002,1181.9110536258966,3170.6440390625
2012-10-03,5180.0,1390.5292638671876,1456.178548660536,3789.4707361328124
2012-10-04,3230.0,1601.6145690771482,1560.6064608215977,1628.3854309228518
2012-10-05,2120.0,1682.118476396362,1573.1428996344125,437.881523603638
2012-10-06,1730.0,1700.3345906666348,1555.6296681867818,29.665409333365176
2012-10-07,1650.0,1650.0,1533.8121063176354,0.0
2012-10-08,1540.0,1540.0,1505.8665409178543,0.0
2012-10-09,1390.0,1390.0,1390.0,0.0
2012-10-10,1310.0,1310.0,1310.0,0.0
2012-10-11,1230.0,1230.0,1230.0,0.0
2012-10-12,1170.0,1170.0,1170.0,0.0
2012-10-13,1130.0,1130.0,1130.0,0.0
2012-10-14,1100.0,1100.0,1100.0,0.0
2012-10-15,1520.0,1115.75,1110.7407407407406,404.25
2012-10-16,1760.0,1155.06875,1138.264746227709,604.9312500000001
2012-10-17,1440.0,1188.4385937499999,1139.5365289844026,251.56140625000012
2012-10-18,1210.0,1198.6806992187499,1123.6535170414022,11.31930078125012
2012-10-19,1120.0,1120.0,1102.5744876857168,0.0
2012-10-20,1080.0,1080.0,1080.0,0.0
2012-10-21,1040.0,1040.0,1040.0,0.0
2012-10-22,1020.0,1020.0,1019.2592592592592,0.0
2012-10-23,994.0,994.0,994.0,0.0
2012-10-24,983.0,983.0,974.7777777777777,0.0
2012-10-25,954.0,954.0,954.0,0.0
2012-10-26,951.0,951.0,936.1111111111111,0.0
2012-10-27,939.0,939.0,918.9897119341563,0.0
2012-10-28,939.0,939.0,903.4536274958083,0.0
2012-10-29,935.0,935.0,889.0597730980481,0.0
2012-10-30,920.0,920.0,874.8875718852659,0.0
2012-10-31,895.0,895.0,860.1757596736671,0.0
2012-11-01,886.0,886.0,846.1594856298091,0.0
2012-11-02,870.0,870.0,832.2558295529749,0.0
2012-11-03,856.0,856.0,818.6025120017733,0.0
2012-11-04,847.0,847.0,805.546723853461,0.0
2012-11-05,847.0,847.0,793.6998049781406,0.0
2012-11-06,847.0,847.0,782.9498230357202,0.0
2012-11-07,946.0,850.7125,780.5285431250054,95.28750000000001
2012-11-08,1000.0,859.8840625,782.331455798616,140.1159375
2012-11-09,898.0,866.5677578125,776.4118765580035,31.432242187500023
2012-11-10,832.0,832.0,766.1515176174477,0.0
2012-11-11,815.0,815.0,755.5819326528692,0.0
2012-11-12,809.0,809.0,745.5465685183443,0.0
2012-11-13,881.0,811.7,741.773738099979,69.3
2012-11-14,933.0,818.8475,742.2020956833144,114.1525
2012-11-15,878.0,825.3464375,738.5167164533779,52.65356250000001
2012-11-16,860.0,828.6204546875,733.8392427076947,31.37954531250001
2012-11-17,843.0,830.3364205859375,728.3356091236489,12.66357941406251
2012-11-18,813.0,813.0,721.1193490196073,0.0
2012-11-19,802.0,802.0,713.7564463326066,0.0
2012-11-20,802.0,802.0,707.0752938944023,0.0
2012-11-21,795.0,795.0,700.4942481634391,0.0
2012-11-22,781.0,781.0,693.4855214816391,0.0
2012-11-23,769.0,769.0,686.2368620851911,0.0
2012-11-24,759.0,759.0,678.9186341143401,0.0
2012-11-25,751.0,751.0,671.6854272519012,0.0
2012-11-26,741.0,741.0,664.3812210248734,0.0
2012-11-27,743.0,741.075,657.9014783373851,1.925
2012-11-28,748.0,741.406875,652.3920821950347,6.593125000000001
2012-11-29,746.0,741.826359375,647.244667176976,4.173640625000001
2012-11-30,738.0,738.0,641.9812720679968,0.0
2012-12-01,738.0,738.0,637.205228357997,0.0
2012-12-02,738.0,738.0,632.8714109174417,0.0
2012-12-03,738.0,738.0,628.9388728695304,0.0
2012-12-04,813.0,740.8125,630.9260142704998,72.1875
2012-12-05,813.0,746.2265625,632.7291610973055,66.7734375
2012-12-06,753.0,748.9845703125,629.9209054401475,4.015429687500003
2012-12-07,720.0,720.0,624.9282290105042,0.0
2012-12-08,727.0,720.2625,620.9163559539761,6.7375
2012-12-09,723.0,720.6178125,616.9796563286079,2.3821875
2012-12-10,736.0,721.2839765625,614.370428890774,14.716023437500002
2012-12-11,790.0,724.4126783203125,616.0027965860727,65.5873216796875
2012-12-12,791.0,729.3692274462891,617.5580931984734,61.63077255371095
2012-12-13,730.0,730.0,614.4508623467628,0.0
2012-12-14,705.0,705.0,609.7794862035441,0.0
2012-12-15,688.0,688.0,604.2813856291419,0.0
2012-12-16,737.0,689.8375,602.9219980708881,47.1625
2012-12-17,967.0,701.9996874999999,618.7255167680281,265.0003125
2012-12-18,1030.0,724.2372109375,637.7324133635811,305.7627890625
2012-12-19,927.0,743.3069201171875,647.349782496583,183.69307988281253
2012-12-20,890.0,755.6964011083984,653.3359137468993,134.30359889160158
2012-12-21,1910.0,804.0191710252686,734.323329140705,1105.9808289747314
2012-12-22,1650.0,877.2177331983735,788.5526505165658,772.7822668016265
2012-12-23,1140.0,916.0514032084955,799.9829606539208,223.94859679150454
2012-12-24,1150.0,933.2225479678583,811.0956494822615,216.77745203214172
2012-12-25,1210.0,951.7308568702689,825.6238300857557,258.2691431297311
2012-12-26,4310.0,1087.3510426049988,1068.4364384111489,3222.648957395001
2012-12-27,5090.0,1358.299714409624,1346.544175595302,3731.700285590376
2012-12-28,4180.0,1604.0522358289018,1531.4937889661076,2575.9477641710982
2012-12-29,2660.0,1740.2483181417342,1586.7258455433198,919.7516818582658
2012-12-30,2290.0,1795.354694281104,1609.43641540042,494.6453057188959
2012-12-31,1930.0,1818.9530922100212,1603.3774880485294,111.04690778997872
2013-01-01,1800.0,1800.0,1588.2499428588505,0.0
2013-01-02,1950.0,1805.625,1585.634207408957,144.375
2013-01-03,1980.0,1817.578125,1585.4828919081276,162.421875
2013-01-04,1790.0,1790.0,1571.2715130277456,0.0
2013-01-05,1590.0,1590.0,1543.5611877473987,0.0
2013-01-06,1440.0,1440.0,1440.0,0.0
2013-01-07,1370.0,1370.0,1370.0,0.0
2013-01-08,1420.0,1371.875,1348.3333333333333,48.125
2013-01-09,1420.0,1375.484375,1328.6728395061727,44.515625
2013-01-10,1340.0,1340.0,1304.9068358481936,0.0
2013-01-11,1270.0,1270.0,1270.0,0.0
2013-01-12,1600.0,1282.375,1270.925925925926,317.625
2013-01-13,1670.0,1308.821875,1276.9513031550068,361.178125
2013-01-14,1800.0,1340.785234375,1292.0484047147283,459.21476562500004
2013-01-15,4280.0,1468.2263417968747,1489.4513302041055,2811.7736582031253
2013-01-16,7450.0,1797.984366162109,1903.3910218518738,5652.015633837891
2013-01-17,10900.0,2351.2605386999494,2534.558519828553,8548.73946130005
2013-01-18,13500.0,3089.9159982974525,3299.877175399984,10410.084001702548
2013-01-19,10100.0,3743.172298425143,3742.4811406407266,6356.827701574857
2013-01-20,7700.0,4129.934376043257,3966.3254794702893,3570.0656239567434
2013-01-21,5040.0,4297.939297840012,3972.406453593411,742.0607021599876
2013-01-22,3530.0,3530.0,3530.0,0.0
2013-01-23,3110.0,3110.0,3110.0,0.0
2013-01-24,2950.0,2950.0,2950.0,0.0
2013-01-25,2690.0,2690.0,2690.0,0.0
2013-01-26,2400.0,2400.0,2400.0,0.0
2013-01-27,2250.0,2250.0,2250.0,0.0
2013-01-28,2150.0,2150.0,2150.0,0.0
2013-01-29,2160.0,2150.375,2110.9259259259256,9.625
2013-01-30,4380.0,2234.346875,2239.91426611797,2145.653125
2013-01-31,11000.0,2643.5208593749994,2847.329611847788,8356.479140625
2013-02-01,7910.0,3154.3817949218737,3169.613907047067,4755.618205078126
2013-02-02,7110.0,3481.053160302733,3402.7978045427094,3628.946839697267
2013-02-03,5100.0,3677.849173280028,3465.5017115294954,1422.150826719972
2013-02-04,3630.0,3630.0,3413.5108123138016,0.0
2013-02-05,3260.0,3260.0,3260.0,0.0
2013-02-06,2990.0,2990.0,2990.0,0.0
2013-02-07,2830.0,2830.0,2830.0,0.0
2013-02-08,3060.0,2838.625,2794.6296296296296,221.375
2013-02-09,2600.0,2600.0,2600.0,0.0
2013-02-10,2480.0,2480.0,2480.0,0.0
2013-02-11,2970.0,2498.375,2470.3703703703704,471.625
2013-02-12,3190.0,2541.996875,2477.9286694101506,648.003125
2013-02-13,3000.0,2583.472109375,2470.7130518721738,416.52789062499994
2013-02-14,2680.0,2602.711701171875,2440.461843365491,77.28829882812494
2013-02-15,2460.0,2460.0,2396.715376387205,0.0
2013-02-16,2320.0,2320.0,2320.0,0.0
2013-02-17,2190.0,2190.0,2190.0,0.0
2013-02-18,2090.0,2090.0,2090.0,0.0
2013-02-19,2160.0,2092.625,2056.4814814814813,67.375
2013-02-20,2140.0,2096.928125,2024.5850480109737,43.071875000000006
2013-02-21,2040.0,2040.0,1988.23458060255,0.0
2013-02-22,2560.0,2059.5,1993.7684157319434,500.5
2013-02-23,2760.0,2104.5375,2013.6046735345412,655.4625000000001
2013-02-24,2600.0,2147.6971875,2019.7523889480096,452.3028125000001
2013-02-25,2360.0,2172.6198984375,2007.5530936750456,187.3801015625001
2013-02-26,4330.0,2260.5484060546873,2142.4092887051343,2069.4515939453127
2013-02-27,6260.0,2488.1322756005857,2407.7417619731777,3771.8677243994143
2013-02-28,5390.0,2738.3973549305415,2584.0619691978836,2651.6026450694585
2013-03-01,3790.0,2877.267553310751,2625.5377127906722,912.7324466892492
2013-03-02,3270.0,2926.2224868124445,2624.6545912359807,343.77751318755554
2013-03-03,2970.0,2940.755800301511,2601.63101797339,29.2441996984889
2013-03-04,2720.0,2720.0,2562.22073853141,0.0
2013-03-05,2610.0,2610.0,2518.3114108896125,0.0
2013-03-06,3300.0,2635.875,2529.578872844278,664.125
2013-03-07,2740.0,2664.684375,2498.3215698031413,75.31562500000007
2013-03-08,2450.0,2450.0,2448.476980006554,0.0
2013-03-09,2450.0,2450.0,2403.247630005947,0.0
2013-03-10,2370.0,2370.0,2356.2802568572483,0.0
2013-03-11,2370.0,2370.0,2313.661714555651,0.0
2013-03-12,4030.0,2432.25,2397.952296541239,1597.75
2013-03-13,4110.0,2555.08125,2480.364120935569,1554.91875
2013-03-14,3380.0,2644.32515625,2501.0711467748683,735.67484375
2013-03-15,3010.0,2685.6257695312497,2492.4534479994177,324.37423046875006
2013-03-16,2730.0,2699.4538368164062,2463.892943555027,30.54616318359382
2013-03-17,2570.0,2570.0,2426.125078411043,0.0
2013-03-18,2500.0,2500.0,2386.6690526322427,0.0
2013-03-19,2700.0,2507.5,2365.6811773885165,192.5
2013-03-20,2460.0,2460.0,2328.858846148839,0.0
2013-03-21,2270.0,2270.0,2270.0,0.0
2013-03-22,2170.0,2170.0,2170.0,0.0
2013-03-23,2220.0,2171.875,2133.5185185185182,48.125
2013-03-24,2720.0,2194.234375,2137.4519890260626,525.765625
2013-03-25,3140.0,2249.416796875,2172.132360412538,890.583203125
2013-03-26,2670.0,2298.585537109375,2168.7867714854515,371.41446289062503
2013-03-27,2320.0,2313.3166218261717,2139.825033384947,6.683378173828146
2013-03-28,2190.0,2190.0,2103.9153080715255,0.0
2013-03-29,2140.0,2140.0,2067.6268536204584,0.0
2013-03-30,2190.0,2141.875,2038.4021449518973,48.125
2013-03-31,2250.0,2147.734375,2016.327872271166,102.265625
2013-04-01,2310.0,2157.654296875,2000.7419581719837,152.345703125
2013-04-02,2130.0,2130.0,1973.265850933837,0.0
2013-04-03,2150.0,2130.75,1949.815309180704,19.25
2013-04-04,2200.0,2134.06875,1932.239817589898,65.93125
2013-04-05,2680.0,2157.01359375,1951.8472418871297,522.98640625
2013-04-06,2340.0,2183.48757421875,1944.4539787494327,156.51242578125
2013-04-07,2120.0,2120.0,1921.4489807170778,0.0
2013-04-08,2040.0,2040.0,1894.6481491692002,0.0
2013-04-09,2120.0,2043.0,1876.2548020239037,77.0
2013-04-10,2070.0,2046.9,1855.8608388735422,23.10000000000001
2013-04-11,1900.0,1900.0,1824.762613051918,0.0
2013-04-12,5920.0,2050.75,2094.3216303619256,3869.25
2013-04-13,5540.0,2326.69375,2310.77333125434,3213.30625
2013-04-14,4100.0,2513.69171875,2400.5165413233826,1586.3082812500002
2013-04-15,3370.0,2605.28983984375,2427.876120830477,764.7101601562501
2013-04-16,3230.0,2657.3931018554686,2442.3320355683954,572.6068981445314
2013-04-17,2940.0,2689.4636192163084,2433.9679582009517,250.53638078369158
2013-04-18,3440.0,2727.003847775085,2463.4153694786414,712.9961522249148
2013-04-19,3250.0,2773.3535591919535,2476.062094526915,476.64644080804624
2013-04-20,4370.0,2851.102042252557,2570.500789478127,1518.897957747443
2013-04-21,3870.0,2946.2693890836154,2619.1581237857076,923.7306109163846
2013-04-22,3200.0,2990.424184902344,2613.680519731475,209.5758150976559
2013-04-23,3090.0,3002.0173710346685,2600.5619530896715,87.98262896533171
2013-04-24,2920.0,2920.0,2576.065475951739,0.0
2013-04-25,2790.0,2790.0,2544.207561511763,0.0
2013-04-26,2490.0,2490.0,2490.0,0.0
2013-04-27,2470.0,2470.0,2442.4074074074074,0.0
2013-04-28,4620.0,2550.625,2558.4807956104255,2069.375
2013-04-29,8180.0,2839.328125,2927.5103515724236,5340.671875
2013-04-30,7030.0,3196.7535156249996,3177.185319019422,3833.2464843750004
2013-05-01,4790.0,3400.2470019531247,3237.8163079991054,1389.7529980468753
2013-05-02,3810.0,3467.72847680664,3220.2407239251143,342.2715231933596
2013-05-03,3480.0,3480.0,3179.8480643024186,0.0
2013-05-04,3430.0,3430.0,3139.4917620521946,0.0
2013-05-05,10500.0,3695.125,3626.5758581584732,6804.875
2013-05-06,22000.0,4636.7406249999985,4920.411426847505,17363.259375
2013-05-07,17100.0,5755.235078124997,5731.484442880144,11344.764921875003
2013-05-08,13000.0,6452.3424472656225,6163.754401872725,6547.6575527343775
2013-05-09,9350.0,6806.5417637207,6285.6289942919175,2543.4582362793
2013-05-10,6440.0,6440.0,6180.663346672296,0.0
2013-05-11,4920.0,4920.0,4920.0,0.0
2013-05-12,4570.0,4570.0,4570.0,0.0
2013-05-13,4000.0,4000.0,4000.0,0.0
2013-05-14,3550.0,3550.0,3550.0,0.0
2013-05-15,3340.0,3340.0,3340.0,0.0
2013-05-16,3160.0,3160.0,3160.0,0.0
2013-05-17,3000.0,3000.0,3000.0,0.0
2013-05-18,3930.0,3034.875,3013.333333333333,895.125
2013-05-19,4130.0,3109.509375,3040.2469135802467,1020.490625
2013-05-20,3540.0,3163.921171875,3020.964791952446,376.0788281250001
2013-05-21,3340.0,3184.627083984375,2988.653237142034,155.3729160156251
2013-05-22,3760.0,3212.0300526855467,2990.444604073327,547.9699473144532
2013-05-23,4200.0,3269.627798734131,3024.6626962887594,930.3722012658692
2013-05-24,3580.0,3316.155713829071,3009.7865207064674,263.8442861709291
2013-05-25,3000.0,3000.0,2953.324805826239,0.0
2013-05-26,2760.0,2760.0,2760.0,0.0
2013-05-27,2670.0,2670.0,2670.0,0.0
2013-05-28,2550.0,2550.0,2550.0,0.0
2013-05-29,2440.0,2440.0,2440.0,0.0
2013-05-30,2300.0,2300.0,2300.0,0.0
2013-05-31,2210.0,2210.0,2210.0,0.0
2013-06-01,2130.0,2130.0,2130.0,0.0
2013-06-02,2450.0,2142.0,2114.259259259259,308.0
2013-06-03,3820.0,2216.475,2201.457475994513,1603.525
2013-06-04,2720.0,2295.489375,2199.1003022913173,424.5106250000001
2013-06-05,2350.0,2313.452671875,2169.553978005084,36.54732812500015
2013-06-06,3030.0,2341.6937214843747,2193.113794856465,688.3062785156251
2013-06-07,3220.0,2400.441692373047,2228.5662212586444,819.5583076269533
2013-06-08,5330.0,2541.0335654450682,2417.032311882844,2788.9664345549318
2013-06-09,3690.0,2688.706048036688,2466.566357078877,1001.2939519633119
2013-06-10,8670.0,2950.553094433936,2880.4028054975,5719.446905566064
2013-06-11,8320.0,3366.386612351391,3229.9951383218063,4953.613387648609
2013-06-12,6480.0,3668.9076164250364,3410.921514403121,2811.0923835749636
2013-06-13,4350.0,3799.8645451931584,3417.3176704769057,550.1354548068416
2013-06-14,3520.0,3520.0,3361.6401083957107,0.0
2013-06-15,3110.0,3110.0,3110.0,0.0
2013-06-16,2820.0,2820.0,2820.0,0.0
2013-06-17,2700.0,2700.0,2700.0,0.0
2013-06-18,3060.0,2713.5,2676.6666666666665,346.5
2013-06-19,2850.0,2731.6125,2639.938271604938,118.38749999999999
2013-06-20,2540.0,2540.0,2540.0,0.0
2013-06-21,2400.0,2400.0,2400.0,0.0
2013-06-22,2250.0,2250.0,2250.0,0.0
2013-06-23,2150.0,2150.0,2150.0,0.0
2013-06-24,2470.0,2162.0,2133.888888888889,308.0
2013-06-25,3090.0,2208.35,2165.195473251029,881.6500000000001
2013-06-26,2620.0,2256.84875,2158.7884849870447,363.1512500000001
2013-06-27,2510.0,2279.96009375,2144.826588228985,230.03990625000012
2013-06-28,2340.0,2290.8380867187498,2119.5648670966716,49.16191328125012
2013-06-29,2170.0,2170.0,2084.0496016247575,0.0
2013-06-30,2090.0,2090.0,2045.8968607335764,0.0
2013-07-01,2510.0,2105.75,2042.3878921471342,404.25
2013-07-02,4260.0,2201.69375,2168.833457689066,2058.30625
2013-07-03,7310.0,2470.4417187500003,2509.4970264215603,4839.55828125
2013-07-04,15200.0,3129.2835898437497,3403.062116567713,12070.71641015625
2013-07-05,16400.0,4079.5873206054675,4302.778587255889,12320.412679394532
2013-07-06,17000.0,5026.118271560057,5163.632421769234,11973.881728439943
2013-07-07,16600.0,5909.159401193052,5915.147938272084,10690.840598806948
2013-07-08,14000.0,6613.472446103573,6404.48609213578,7386.527553896427
2013-07-09,10400.0,7032.462012645805,6581.848491012097,3367.537987354195
2013-07-10,9010.0,7232.90236169737,6639.825482585051,1777.0976383026305
2013-07-11,10300.0,7414.559684570067,6787.989789753102,2885.4403154299334
2013-07-12,7450.0,7450.0,6711.3240684796665,0.0
2013-07-13,5980.0,5980.0,5980.0,0.0
2013-07-14,6920.0,6015.25,5938.888888888889,904.75
2013-07-15,8500.0,6142.35625,6018.621399176954,2357.64375
2013-07-16,6510.0,6244.55453125,5943.563862216125,265.44546875000015
2013-07-17,5370.0,5370.0,5370.0,0.0
2013-07-18,4960.0,4960.0,4960.0,0.0
2013-07-19,4330.0,4330.0,4330.0,0.0
2013-07-20,4040.0,4040.0,4040.0,0.0
2013-07-21,4260.0,4048.25,3981.4814814814813,211.75
2013-07-22,4910.0,4088.50625,3976.5294924554178,821.49375
2013-07-23,4670.0,4141.11828125,3954.2582431539904,528.88171875
2013-07-24,4030.0,4030.0,3886.6417391582504,0.0
2013-07-25,3710.0,3710.0,3710.0,0.0
2013-07-26,3750.0,3711.5,3644.259259259259,38.5
2013-07-27,5200.0,3768.7625,3692.0130315500683,1431.2375
2013-07-28,5700.0,3894.8553125,3772.382195295432,1805.1446875
2013-07-29,3970.0,3965.3661640625,3717.1616216569664,4.633835937499953
2013-07-30,3370.0,3370.0,3370.0,0.0
2013-07-31,3420.0,3371.875,3311.296296296296,48.125
2013-08-01,3440.0,3376.234375,3259.509602194787,63.765625
2013-08-02,3490.0,3382.891796875,3216.2216760656397,107.108203125
2013-08-03,3030.0,3030.0,3030.0,0.0
2013-08-04,2770.0,2770.0,2770.0,0.0
2013-08-05,2600.0,2600.0,2600.0,0.0
2013-08-06,2560.0,2560.0,2548.888888888889,0.0
2013-08-07,2950.0,2574.625,2531.3991769547324,375.375
2013-08-08,5320.0,2691.653125,2691.084438347813,2628.346875
2013-08-09,5300.0,2888.029140625,2834.502545908201,2411.970859375
2013-08-10,4230.0,3028.8019550781246,2885.3819398055894,1201.1980449218754
2013-08-11,5020.0,3148.5168084472652,2990.068797230998,1871.4831915527348
2013-08-12,5100.0,3291.8780478137205,3090.988353042943,1808.1219521862797
2013-08-13,5180.0,3430.4871942276914,3188.4894314648927,1749.5128057723089
2013-08-14,3470.0,3470.0,3150.2959655885143,0.0
2013-08-15,3040.0,3040.0,3040.0,0.0
2013-08-16,2770.0,2770.0,2770.0,0.0
2013-08-17,2590.0,2590.0,2590.0,0.0
2013-08-18,2640.0,2591.875,2545.7407407407404,48.125
2013-08-19,4020.0,2647.234375,2607.8017832647465,1372.765625
2013-08-20,5100.0,2790.691796875,2744.1164329624553,2309.308203125
2013-08-21,3740.0,2912.889912109375,2767.068615095561,827.110087890625
2013-08-22,3250.0,2956.548168701172,2751.5992988830094,293.4518312988281
2013-08-23,3030.0,2970.307056048584,2721.266030467916,59.692943951416
2013-08-24,2860.0,2860.0,2681.1488054245906,0.0
2013-08-25,2800.0,2800.0,2640.3016938112028,0.0
2013-08-26,2510.0,2510.0,2510.0,0.0
2013-08-27,2390.0,2390.0,2390.0,0.0
2013-08-28,2290.0,2290.0,2290.0,0.0
2013-08-29,2200.0,2200.0,2200.0,0.0
2013-08-30,2230.0,2201.125,2161.4814814814813,28.875
2013-08-31,2250.0,2204.040625,2128.0109739369,45.959375
2013-09-01,2470.0,2215.737578125,2113.9358837575573,254.262421875
2013-09-02,2660.0,2241.932259765625,2115.2381167429685,418.06774023437504
2013-09-03,2300.0,2259.787340283203,2089.753105933434,40.21265971679691
2013-09-04,2170.0,2170.0,2056.9981887173753,0.0
2013-09-05,1990.0,1990.0,1990.0,0.0
2013-09-06,1870.0,1870.0,1870.0,0.0
2013-09-07,1800.0,1800.0,1800.0,0.0
2013-09-08,1760.0,1760.0,1760.0,0.0
2013-09-09,1710.0,1710.0,1710.0,0.0
2013-09-10,1660.0,1660.0,1660.0,0.0
2013-09-11,1630.0,1630.0,1627.037037037037,0.0
2013-09-12,1670.0,1631.5,1600.0891632373114,38.5
2013-09-13,1780.0,1638.5125,1583.7846110857085,141.4875
2013-09-14,1610.0,1610.0,1556.397147096291,0.0
2013-09-15,1510.0,1510.0,1510.0,0.0
2013-09-16,1480.0,1480.0,1479.8148148148148,0.0
2013-09-17,1440.0,1440.0,1440.0,0.0
2013-09-18,1400.0,1400.0,1400.0,0.0
2013-09-19,1400.0,1400.0,1374.0740740740741,0.0
2013-09-20,1410.0,1400.375,1351.289437585734,9.625
2013-09-21,1700.0,1411.971875,1352.0959711426106,288.028125
2013-09-22,2840.0,1476.323984375,1437.2722701108876,1363.676015625
2013-09-23,2070.0,1549.724685546875,1457.524837693213,520.275314453125
2013-09-24,1580.0,1570.3703341308592,1439.6058712401377,9.629665869140695
2013-09-25,2320.0,1598.842559071045,1478.160883162347,721.1574409289551
2013-09-26,2920.0,1675.4293671407165,1557.5904310176854,1244.5706328592835
2013-09-27,2080.0,1737.2721646051627,1567.443168886418,342.72783539483726
2013-09-28,1730.0,1730.0,1550.457690285824,0.0
2013-09-29,1580.0,1580.0,1523.9338300741736,0.0
2013-09-30,1510.0,1510.0,1494.6806976598984,0.0
2013-10-01,1460.0,1460.0,1460.0,0.0
2013-10-02,1410.0,1410.0,1410.0,0.0
2013-10-03,1370.0,1370.0,1370.0,0.0
2013-10-04,1340.0,1340.0,1340.0,0.0
2013-10-05,1300.0,1300.0,1300.0,0.0
2013-10-06,1270.0,1270.0,1270.0,0.0
2013-10-07,2770.0,1326.25,1357.5925925925926,1443.75
2013-10-08,2590.0,1427.78125,1423.7414266117971,1162.21875
2013-10-09,1760.0,1483.82265625,1422.2838871107049,276.1773437500001
2013-10-10,1510.0,1495.1609570312498,1402.4427864523063,14.839042968750107
2013-10-11,1420.0,1420.0,1377.7721580770929,0.0
2013-10-12,1350.0,1350.0,1350.0,0.0
2013-10-13,1340.0,1340.0,1324.2592592592591,0.0
2013-10-14,1390.0,1341.875,1304.605624142661,48.125
2013-10-15,1330.0,1330.0,1282.3273256109333,0.0
2013-10-16,1290.0,1290.0,1259.1488695358469,0.0
2013-10-17,1280.0,1280.0,1237.3758260603056,0.0
2013-10-18,1260.0,1260.0,1216.1373236473144,0.0
2013-10-19,1250.0,1250.0,1196.1246084947852,0.0
2013-10-20,1220.0,1220.0,1175.7427003008236,0.0
2013-10-21,1180.0,1180.0,1154.2850428655622,0.0
2013-10-22,1160.0,1160.0,1133.3327240817139,0.0
2013-10-23,1140.0,1140.0,1112.838953333407,0.0
2013-10-24,1110.0,1110.0,1092.020531728462,0.0
2013-10-25,1090.0,1090.0,1071.648260272123,0.0
2013-10-26,1080.0,1080.0,1052.4215695061857,0.0
2013-10-27,1080.0,1080.0,1034.9751278852425,0.0
2013-10-28,1090.0,1080.375,1019.8848382662386,9.625
2013-10-29,1100.0,1081.471875,1006.9325384267721,18.528125000000003
2013-10-30,1090.0,1082.486484375,994.4387848687377,7.513515625000004
2013-10-31,1070.0,1070.0,981.6203788623731,0.0
2013-11-01,1070.0,1070.0,969.9888623010422,0.0
2013-11-02,1150.0,1073.0,965.3602639398346,77.0
2013-11-03,1130.0,1078.025,959.6787580194795,51.97500000000001
2013-11-04,1040.0,1040.0,947.8566507954536,0.0
2013-11-05,1010.0,1010.0,934.9069609069857,0.0
2013-11-06,1010.0,1010.0,923.1563163785612,0.0
2013-11-07,1040.0,1011.125,914.7159167138797,28.875
2013-11-08,1040.0,1013.290625,907.0570355366685,26.709375
2013-11-09,1000.0,1000.0,897.1443470610511,0.0
2013-11-10,987.0,987.0,887.1865371479909,0.0
2013-11-11,976.0,976.0,877.3359318565102,0.0
2013-11-12,967.0,967.0,867.7307529809074,0.0
2013-11-13,955.0,955.0,858.1260536308232,0.0
2013-11-14,940.0,940.0,848.2995671835248,0.0
2013-11-15,951.0,940.4125,840.1977554072726,10.5875
2013-11-16,995.0,942.8565625,836.1053706473399,52.143437500000005
2013-11-17,1060.0,949.2048203125,837.2067252170306,110.79517968750001
2013-11-18,1220.0,963.5144587890625,850.0579543636018,256.4855412109375
2013-11-19,1230.0,983.1258743798828,862.4599956262311,246.8741256201172
2013-11-20,1070.0,995.6414338013916,861.8618478830616,74.35856619860843
2013-11-21,1010.0,998.9683262662872,856.8746397457411,11.031673733712793
2013-11-22,1050.0,1001.2957017963157,855.3121731026168,48.70429820368433
2013-11-23,1130.0,1007.948524161592,859.8203052227449,122.05147583840801
2013-11-24,1060.0,1014.4773848494726,858.7258325169352,45.522615150527415
2013-11-25,1010.0,1010.0,854.0289961727746,0.0
2013-11-26,2510.0,1066.25,960.878163193814,1443.75
2013-11-27,6430.0,1321.53125,1348.2042591943873,5108.46875
2013-11-28,5800.0,1681.0414062499995,1653.0001611208331,4118.958593750001
2013-11-29,3910.0,1919.0883007812495,1789.5742202763115,1990.9116992187505
2013-11-30,2240.0,2005.7816782226557,1789.7988295099865,234.21832177734427
2013-12-01,1920.0,1920.0,1766.2989378886914,0.0
2013-12-02,1750.0,1750.0,1732.3823695656645,0.0
2013-12-03,1690.0,1690.0,1690.0,0.0
2013-12-04,1620.0,1620.0,1620.0,0.0
2013-12-05,1570.0,1570.0,1570.0,0.0
2013-12-06,1980.0,1585.375,1571.296296296296,394.625
2013-12-07,3390.0,1667.846875,1676.9170096021946,1722.153125
2013-12-08,3110.0,1786.5083593749998,1752.0172864908802,1323.4916406250002
2013-12-09,3790.0,1911.2702324218749,1870.5342044083914,1878.7297675781251
2013-12-10,5050.0,2099.424964990234,2071.41066696317,2950.575035009766
2013-12-11,4280.0,2291.8430926159663,2196.650420022136,1988.1569073840337
2013-12-12,3170.0,2399.329860669769,2228.071677427494,770.6701393302312
2013-12-13,2660.0,2438.005121119536,2218.8057813693927,221.99487888046394
2013-12-14,2870.0,2462.529737035571,2225.95339420556,407.47026296442914
2013-12-15,4090.0,2538.840006757903,2322.809561408749,1551.159993242097
2013-12-16,3200.0,2621.8020062510604,2344.7716390560868,578.1979937489398
2013-12-17,2640.0,2640.0,2323.218709513856,0.0
2013-12-18,2370.0,2370.0,2283.661421595906,0.0
2013-12-19,2110.0,2110.0,2110.0,0.0
2013-12-20,1980.0,1980.0,1980.0,0.0
2013-12-21,1920.0,1920.0,1920.0,0.0
2013-12-22,5510.0,2054.625,2150.370370370371,3455.375
2013-12-23,11100.0,2523.4031250000007,2773.4842249657077,8576.596875
2013-12-24,9350.0,3101.0228906250004,3209.2727226540683,6248.977109375
2013-12-25,7470.0,3499.196173828125,3465.4511742601735,3970.803826171875
2013-12-26,5220.0,3712.631460791016,3531.2427321990463,1507.3685392089842
2013-12-27,3690.0,3690.0,3477.60914588432,0.0
2013-12-28,3150.0,3150.0,3150.0,0.0
2013-12-29,4590.0,3204.0,3198.3333333333335,1386.0
2013-12-30,5220.0,3331.575,3288.8580246913584,1888.425
2013-12-31,4000.0,3427.456875,3280.6304298125287,572.5431250000001
2014-01-01,3360.0,3360.0,3225.7572418669247,0.0
2014-01-02,3080.0,3080.0,3080.0,0.0
2014-01-03,2830.0,2830.0,2830.0,0.0
2014-01-04,2590.0,2590.0,2590.0,0.0
2014-01-05,2490.0,2490.0,2490.0,0.0
2014-01-06,2500.0,2490.375,2444.62962962963,9.625
2014-01-07,2330.0,2330.0,2330.0,0.0
2014-01-08,2190.0,2190.0,2190.0,0.0
2014-01-09,2190.0,2190.0,2149.4444444444443,0.0
2014-01-10,2410.0,2198.25,2128.940329218107,211.75
2014-01-11,5230.0,2319.88125,2319.2236320682823,2910.11875
2014-01-12,7000.0,2604.5151562499996,2622.99922169159,4395.48484375
2014-01-13,5840.0,2890.6765195312496,2812.721515979406,2949.3234804687504
2014-01-14,4230.0,3051.500780566406,2865.6176719072387,1178.4992194335941
2014-01-15,3650.0,3118.1382220239257,2870.6530726565684,531.8617779760746
2014-01-16,3290.0,3144.527855372131,2848.5555659291085,145.472144627869
2014-01-17,3030.0,3030.0,2809.2448653801166,0.0
2014-01-18,2710.0,2710.0,2710.0,0.0
2014-01-19,2550.0,2550.0,2550.0,0.0
2014-01-20,2450.0,2450.0,2450.0,0.0
2014-01-21,2370.0,2370.0,2370.0,0.0
2014-01-22,2300.0,2300.0,2300.0,0.0
2014-01-23,2180.0,2180.0,2180.0,0.0
2014-01-24,2050.0,2050.0,2050.0,0.0
2014-01-25,1970.0,1970.0,1970.0,0.0
2014-01-26,2030.0,1972.25,1937.9629629629628,57.75
2014-01-27,2030.0,1976.58125,1908.89231824417,53.41875
2014-01-28,1950.0,1950.0,1876.5874739623025,0.0
2014-01-29,1870.0,1870.0,1841.3478930398671,0.0
2014-01-30,1740.0,1740.0,1740.0,0.0
2014-01-31,1710.0,1710.0,1705.5555555555554,0.0
2014-02-01,1750.0,1711.5,1677.2633744855964,38.5
2014-02-02,1780.0,1715.5125,1653.8130620332263,64.48750000000001
2014-02-03,2350.0,1741.7240625,1674.7562970301499,608.2759375
2014-02-04,2500.0,1792.9697578125,1704.8714547125435,707.0302421875001
2014-02-05,2510.0,1846.3720259765623,1732.9389126095302,663.6279740234377
2014-02-06,2600.0,1899.5191240283202,1765.074198479018,700.4808759716799
2014-02-07,2270.0,1939.6801897261962,1769.7895504717014,330.3198102738039
2014-02-08,2130.0,1959.2041754967313,1763.6979254280254,170.79582450326865
2014-02-09,2050.0,1969.0138623344765,1752.2444138143192,80.9861376655235
2014-02-10,2000.0,1973.2128226593907,1738.1477088315116,26.787177340609247
2014-02-11,1990.0,1974.8468609599365,1724.6155135693348,15.153139040063554
2014-02-12,1920.0,1920.0,1707.1511141647666,0.0
2014-02-13,2040.0,1924.5,1700.1926776680289,115.5
2014-02-14,2050.0,1933.5375,1694.6192815876557,116.4625
2014-02-15,2200.0,1947.8971875,1700.673051811021,252.10281250000003
2014-02-16,2180.0,1966.0548984375,1704.6848062729634,213.94510156250004
2014-02-17,2120.0,1979.8507810546876,1703.8806575439853,140.14921894531255
2014-02-18,2090.0,1989.2369724755858,1700.928744808431,100.76302752441413
2014-02-19,2240.0,2002.419199539917,1709.3612684372802,237.58080046008308
2014-02-20,2610.0,2034.112759574423,1744.4204102486433,575.8872404255769
2014-02-21,3310.0,2103.5543026063415,1828.0851870774725,1206.4456973936585
2014-02-22,3750.0,2210.537729910866,1936.5958179036327,1539.462270089134
2014-02-23,2970.0,2296.747400167551,1977.281390319963,673.252599832449
2014-02-24,2600.0,2333.3663451549846,1986.7923726977442,266.63365484501537
2014-02-25,2390.0,2345.4888692683608,1979.8671530035085,44.51113073163924
2014-02-26,2250.0,2250.0,1963.212786984665,0.0
2014-02-27,2150.0,2150.0,1940.6930844860847,0.0
2014-02-28,2070.0,2070.0,1914.3326137003362,0.0
2014-03-01,1970.0,1970.0,1883.005519839194,0.0
2014-03-02,1910.0,1910.0,1850.1346383726018,0.0
2014-03-03,1920.0,1910.375,1821.0480977825462,9.625
2014-03-04,1990.0,1913.721875,1799.8399405804585,76.278125
2014-03-05,1860.0,1860.0,1770.9658720081939,0.0
2014-03-06,1790.0,1790.0,1739.5801431185462,0.0
2014-03-07,2120.0,1802.375,1735.5449446816438,317.625
2014-03-08,2250.0,1831.071875,1741.513005359269,418.928125
2014-03-09,1970.0,1851.991484375,1726.1877270852626,118.00851562500003
2014-03-10,1840.0,1840.0,1702.6518264292197,0.0
2014-03-11,1800.0,1800.0,1678.3322128709585,0.0
2014-03-12,1760.0,1760.0,1653.3014524199436,0.0
2014-03-13,1700.0,1700.0,1626.1439105292081,0.0
2014-03-14,1620.0,1620.0,1595.5750299246517,0.0
2014-03-15,1590.0,1590.0,1565.6143790057024,0.0
2014-03-16,1690.0,1593.75,1545.8352698385077,96.25
2014-03-17,2160.0,1618.59375,1562.7023744830906,541.40625
2014-03-18,2300.0,1664.44921875,1588.378080549471,635.55078125
2014-03-19,2050.0,1702.7405273437498,1593.1578879060014,347.25947265625007
2014-03-20,1930.0,1724.2849877929686,1588.6062316184086,205.71501220703135
2014-03-21,1810.0,1735.213613708496,1575.5871360981857,74.78638629150402
2014-03-22,1720.0,1720.0,1557.1068457187241,0.0
2014-03-23,1770.0,1721.875,1544.0413970410646,48.125
2014-03-24,1780.0,1725.859375,1532.9264528705955,54.140625
2014-03-25,1680.0,1680.0,1515.4332627899846,0.0
2014-03-26,1640.0,1640.0,1496.5968495686895,0.0
2014-03-27,1580.0,1580.0,1475.0601042382552,0.0
2014-03-28,1560.0,1560.0,1454.0360205124907,0.0
2014-03-29,1670.0,1564.125,1443.1067593539267,105.875
2014-03-30,2030.0,1585.565625,1459.8561334878223,444.434375
2014-03-31,1830.0,1611.398203125,1460.2398248315424,218.601796875
2014-04-01,1640.0,1620.668337890625,1446.513915124918,19.331662109375003
2014-04-02,1580.0,1580.0,1429.6144785392776,0.0
2014-04-03,1540.0,1540.0,1411.3168416374926,0.0
2014-04-04,1510.0,1510.0,1392.4912081525397,0.0
2014-04-05,1510.0,1510.0,1375.4086888791562,0.0
2014-04-06,1470.0,1470.0,1356.9449213903454,0.0
2014-04-07,3590.0,1549.5,1497.2277990393875,2040.5
2014-04-08,5330.0,1767.7875,1753.4104102394444,3562.2125
2014-04-09,4000.0,1985.0784374999998,1887.3538907728293,2014.9215625000002
2014-04-10,2940.0,2096.4475546875,1930.376678664234,843.5524453125001
2014-04-11,2460.0,2141.713988085937,1933.8603195286569,318.28601191406267
2014-04-12,2250.0,2157.710438979492,1921.4658454982257,92.28956102050796
2014-04-13,2100.0,2100.0,1899.1078968409824,0.0
2014-04-14,2020.0,2020.0,1872.8942026890397,0.0
2014-04-15,2610.0,2042.125,1892.8114061437584,567.875
2014-04-16,2950.0,2097.465625,1936.0696092785956,852.5343750000001
2014-04-17,2390.0,2140.405703125,1933.8409417528,249.59429687500005
2014-04-18,2160.0,2150.500275390625,1914.7815952942076,9.49972460937505
2014-04-19,2720.0,2172.212754736328,1938.9684846188181,547.7872452636719
2014-04-20,3700.0,2250.0467981311035,2033.5084397467053,1449.9532018688965
2014-04-21,2970.0,2331.4182882712707,2065.2206212516403,638.5817117287293
2014-04-22,2650.0,2367.3119166509255,2070.2927859505626,282.68808334907465
2014-04-23,2450.0,2381.013522902106,2060.0804909551402,68.98647709789407
2014-04-24,2240.0,2240.0,2035.2582232741088,0.0
2014-04-25,2100.0,2100.0,2002.363943341321,0.0
2014-04-26,2020.0,2020.0,1966.5895041430506,0.0
2014-04-27,1900.0,1900.0,1900.0,0.0
2014-04-28,1870.0,1870.0,1862.5925925925926,0.0
2014-04-29,4880.0,1982.875,2051.6117969821676,2897.125
2014-04-30,3250.0,2139.0343749999997,2102.388482446782,1110.9656250000003
2014-05-01,2590.0,2197.6067968749994,2099.57473407208,392.39320312500035
2014-05-02,2290.0,2215.786287109375,2074.7992957320726,74.21371289062535
2014-05-03,2120.0,2120.0,2039.7252868679916,0.0
2014-05-04,1980.0,1980.0,1980.0,0.0
2014-05-05,1870.0,1870.0,1870.0,0.0
2014-05-06,1760.0,1760.0,1760.0,0.0
2014-05-07,1660.0,1660.0,1660.0,0.0
2014-05-08,1600.0,1600.0,1600.0,0.0
2014-05-09,1550.0,1550.0,1550.0,0.0
2014-05-10,1650.0,1553.75,1528.7037037037037,96.25
2014-05-11,1630.0,1560.21875,1507.8978052126201,69.78125
2014-05-12,1520.0,1520.0,1480.8702306558957,0.0
2014-05-13,1520.0,1520.0,1456.3452092988684,0.0
2014-05-14,1430.0,1430.0,1427.4243565860102,0.0
2014-05-15,4230.0,1535.0,1608.5887680132316,2695.0
2014-05-16,5030.0,1767.125,1832.237956160155,3262.875
2014-05-17,3430.0,1951.8406249999998,1916.6603676268073,1478.1593750000002
2014-05-18,2580.0,2030.8275781249997,1930.3029261798806,549.1724218750003
2014-05-19,2360.0,2063.7655097656248,1926.3859885706324,296.2344902343753
2014-05-20,2160.0,2078.483096533203,1908.0169155548328,81.51690346679715
2014-05-21,1940.0,1940.0,1875.0523863367926,0.0
2014-05-22,1790.0,1790.0,1790.0,0.0
2014-05-23,1730.0,1730.0,1730.0,0.0
2014-05-24,1630.0,1630.0,1630.0,0.0
2014-05-25,1550.0,1550.0,1550.0,0.0
2014-05-26,1960.0,1565.375,1551.6666666666665,394.625
2014-05-27,1920.0,1593.471875,1550.216049382716,326.52812500000005
2014-05-28,2010.0,1621.336484375,1555.5664151806125,388.66351562500006
2014-05-29,1890.0,1645.986248046875,1551.5324878490744,244.01375195312505
2014-05-30,1830.0,1662.0372794433592,1543.4276278630489,167.96272055664068
2014-05-31,2180.0,1687.7594834851075,1561.9991438016557,492.24051651489265
2014-06-01,1750.0,1708.5525222237243,1546.99922307928,41.44747777627572
2014-06-02,1610.0,1610.0,1523.0178135349024,0.0
2014-06-03,1520.0,1520.0,1494.5902382075967,0.0
2014-06-04,1450.0,1450.0,1450.0,0.0
2014-06-05,1410.0,1410.0,1410.0,0.0
2014-06-06,1370.0,1370.0,1370.0,0.0
2014-06-07,1330.0,1330.0,1330.0,0.0
2014-06-08,1620.0,1340.875,1326.851851851852,279.125
2014-06-09,1630.0,1362.184375,1324.7359396433471,267.815625
2014-06-10,1360.0,1360.0,1302.8159452319258,0.0
2014-06-11,1320.0,1320.0,1279.9626169697103,0.0
2014-06-12,1400.0,1323.0,1265.151263546589,77.0
2014-06-13,1870.0,1346.4,1286.5261465515343,523.6
2014-06-14,2290.0,1401.42,1337.0329848337997,888.58
2014-06-15,1610.0,1442.5635,1332.492893645485,167.43650000000002
2014-06-16,1370.0,1370.0,1310.5954034931253,0.0
2014-06-17,1370.0,1370.0,1290.7254587252432,0.0
2014-06-18,1320.0,1320.0,1268.9916199543873,0.0
2014-06-19,1360.0,1321.5,1252.2331366252772,38.5
2014-06-20,1730.0,1338.2625,1264.4337721229365,391.7375
2014-06-21,2080.0,1380.7678125,1301.4306450745164,699.2321875
2014-06-22,1490.0,1411.0852265624999,1291.2981779379872,78.9147734375
2014-06-23,1310.0,1310.0,1268.7705688696549,0.0
2014-06-24,1550.0,1319.0,1266.10662730765,231.0
2014-06-25,1780.0,1344.95,1280.7263840384232,435.05
2014-06-26,1470.0,1365.95375,1271.029496627458,104.04625000000004
2014-06-27,1290.0,1290.0,1248.8971358286194,0.0
2014-06-28,1320.0,1291.125,1231.036289918562,28.875
2014-06-29,1580.0,1303.040625,1234.088485296473,276.959375
2014-06-30,3130.0,1381.937578125,1351.6728848060588,1748.062421875
2014-07-01,2250.0,1480.042259765625,1393.184654731424,769.957740234375
2014-07-02,1760.0,1519.4140902832032,1394.5564459599957,240.5859097167969
2014-07-03,1460.0,1460.0,1373.578997259996,0.0
2014-07-04,1440.0,1440.0,1353.062423439626,0.0
2014-07-05,1280.0,1280.0,1280.0,0.0
2014-07-06,1180.0,1180.0,1180.0,0.0
2014-07-07,1140.0,1140.0,1140.0,0.0
2014-07-08,1080.0,1080.0,1080.0,0.0
2014-07-09,1090.0,1080.375,1060.7407407407409,9.625
2014-07-10,1930.0,1112.596875,1105.4869684499315,817.403125
2014-07-11,1710.0,1165.6521093749998,1129.7937306304934,544.3478906250001
2014-07-12,1300.0,1191.1032011718748,1121.4794963128552,108.8967988281251
2014-07-13,1200.0,1195.5204610839842,1106.527691098702,4.479538916015727
2014-07-14,1140.0,1140.0,1088.5158678488222,0.0
2014-07-15,1120.0,1120.0,1070.6903245294868,0.0
2014-07-16,1100.0,1100.0,1053.0338129989789,0.0
2014-07-17,1030.0,1030.0,1030.0,0.0
2014-07-18,1230.0,1037.5,1025.7407407407406,192.5
2014-07-19,2160.0,1086.8125,1090.764746227709,1073.1875
2014-07-20,3230.0,1207.4265624999998,1229.0272697251435,2022.5734375000002
2014-07-21,2350.0,1326.1195703124997,1289.302522528371,1023.8804296875003
2014-07-22,3240.0,1436.2856025390622,1409.9226593312997,1803.7143974609378
2014-07-23,2340.0,1537.8141823486324,1452.7075982821054,802.1858176513676
2014-07-24,2470.0,1602.853118672485,1501.16059844117,867.1468813275151
2014-07-25,2680.0,1675.7641347720485,1560.6827652521729,1004.2358652279515
2014-07-26,1860.0,1720.3318246641447,1553.9528795806755,139.66817533585527
2014-07-27,1600.0,1600.0,1528.5868722120945,0.0
2014-07-28,1940.0,1612.75,1530.7547544146785,327.25
2014-07-29,1530.0,1530.0,1502.3515364133193,0.0
2014-07-30,1320.0,1320.0,1320.0,0.0
2014-07-31,1240.0,1240.0,1240.0,0.0
2014-08-01,1370.0,1244.875,1226.6666666666667,125.125
2014-08-02,1310.0,1252.009375,1210.1234567901236,57.99062500000001
2014-08-03,1230.0,1230.0,1189.186099679927,0.0
2014-08-04,1190.0,1190.0,1167.2244237836376,0.0
2014-08-05,1260.0,1192.625,1152.4814215814488,67.375
2014-08-06,1300.0,1199.178125,1142.066475138722,100.821875
2014-08-07,1210.0,1203.364765625,1125.9492089221735,6.63523437500001
2014-08-08,1320.0,1207.987408203125,1119.4724303182686,112.01259179687501
2014-08-09,1620.0,1227.6383525878905,1135.8175756591695,392.3616474121094
2014-08-10,2860.0,1303.5654761437988,1242.5011334685057,1556.4345238562012
2014-08-11,2230.0,1396.6730654330138,1292.639917406607,833.3269345669862
2014-08-12,1940.0,1448.2975855255377,1316.6547398689584,491.70241447446233
2014-08-13,1620.0,1473.1752666111224,1314.742263955166,146.8247333888777
2014-08-14,1380.0,1380.0,1295.2290913667248,0.0
2014-08-15,1220.0,1220.0,1220.0,0.0
2014-08-16,1130.0,1130.0,1130.0,0.0
2014-08-17,1080.0,1080.0,1080.0,0.0
2014-08-18,1080.0,1080.0,1060.0,0.0
2014-08-19,1040.0,1040.0,1038.888888888889,0.0
2014-08-20,992.0,992.0,992.0,0.0
2014-08-21,1000.0,992.3,974.2222222222222,7.7
2014-08-22,1130.0,997.7525,967.7201646090534,132.2475
2014-08-23,987.0,987.0,951.2275567748817,0.0
2014-08-24,924.0,924.0,924.0,0.0
2014-08-25,916.0,916.0,906.2962962962963,0.0
2014-08-26,888.0,888.0,888.0,0.0
2014-08-27,855.0,855.0,855.0,0.0
2014-08-28,834.0,834.0,834.0,0.0
2014-08-29,800.0,800.0,800.0,0.0
2014-08-30,777.0,777.0,777.0,0.0
2014-08-31,1040.0,786.8625,782.0925925925926,253.13750000000002
2014-09-01,1060.0,806.5978124999999,788.1951303155007,253.40218750000003
2014-09-02,945.0,821.2904765625,785.2140997307321,123.70952343750002
2014-09-03,1060.0,834.8811908203124,791.0276090149235,225.11880917968753
2014-09-04,1380.0,863.765101508789,820.0065341061344,516.234898491211
2014-09-05,2040.0,927.2327188956299,895.1911142814924,1112.76728110437
2014-09-06,1130.0,976.5652649784577,896.0067518480209,153.43473502154234
2014-09-07,1500.0,1001.9478701050733,924.1542748250561,498.0521298949267
2014-09-08,4510.0,1152.1767798471928,1172.6585086375512,3357.823220152807
2014-09-09,2350.0,1323.0135213586532,1238.1530911711113,1026.9864786413468
2014-09-10,1420.0,1365.162507256754,1228.6944716182306,54.83749274324589
2014-09-11,1220.0,1220.0,1205.2968353572833,0.0
2014-09-12,1320.0,1223.75,1191.4730543056828,96.25
2014-09-13,2030.0,1257.59375,1231.5218455736754,772.40625
2014-09-14,1210.0,1210.0,1207.121674687224,0.0
2014-09-15,1110.0,1110.0,1110.0,0.0
2014-09-16,1380.0,1120.125,1109.4444444444443,259.875
2014-09-17,1110.0,1110.0,1088.9403292181069,0.0
2014-09-18,1010.0,1010.0,1010.0,0.0
2014-09-19,952.0,952.0,952.0,0.0
2014-09-20,916.0,916.0,916.0,0.0
2014-09-21,891.0,891.0,891.0,0.0
2014-09-22,838.0,838.0,838.0,0.0
2014-09-23,794.0,794.0,794.0,0.0
2014-09-24,777.0,777.0,777.0,0.0
2014-09-25,752.0,752.0,752.0,0.0
2014-09-26,749.0,749.0,737.8518518518518,0.0
2014-09-27,748.0,748.0,724.9396433470508,0.0
2014-09-28,735.0,735.0,712.2600467408425,0.0
2014-09-29,727.0,727.0,700.1618942648386,0.0
2014-09-30,768.0,728.5375,692.2209781292053,39.4625
2014-10-01,737.0,730.3346875,682.7190357098343,6.665312499999995
2014-10-02,717.0,717.0,672.6154212922571,0.0
2014-10-03,745.0,718.05,665.5214008022333,26.95
2014-10-04,880.0,725.13375,669.0842340612858,154.86625
2014-10-05,817.0,734.38621875,667.6505086852408,82.61378125
2014-10-06,731.0,731.0,659.9791652884591,0.0
2014-10-07,852.0,735.5375,661.9810944284164,116.4625
2014-10-08,845.0,744.0096874999999,663.2791412406002,100.99031250000002
2014-10-09,779.0,749.1089609375,659.5681096442482,29.89103906250002
2014-10-10,736.0,736.0,653.0155068994104,0.0
2014-10-11,713.0,713.0,645.3659229272427,0.0
2014-10-12,755.0,714.575,641.5357448784238,40.425000000000004
2014-10-13,870.0,721.919375,646.5787314637549,148.080625
2014-10-14,2120.0,779.9004218750001,743.7473674393332,1340.0995781249999
2014-10-15,7780.0,1092.6578902343754,1251.1781667505063,6687.342109765625
2014-10-16,6430.0,1543.5835484667969,1611.6246327921265,4886.416451533203
2014-10-17,3770.0,1810.3147823317868,1741.6593890150777,1959.6852176682132
2014-10-18,2170.0,1897.2911736569026,1741.1353715136818,272.70882634309737
2014-10-19,1810.0,1810.0,1713.9932074846372,0.0
2014-10-20,1600.0,1600.0,1600.0,0.0
2014-10-21,1490.0,1490.0,1490.0,0.0
2014-10-22,1330.0,1330.0,1330.0,0.0
2014-10-23,1200.0,1200.0,1200.0,0.0
2014-10-24,1130.0,1130.0,1130.0,0.0
2014-10-25,1090.0,1090.0,1090.0,0.0
2014-10-26,1050.0,1050.0,1050.0,0.0
2014-10-27,1020.0,1020.0,1020.0,0.0
2014-10-28,998.0,998.0,998.0,0.0
2014-10-29,984.0,984.0,978.4814814814815,0.0
2014-10-30,971.0,971.0,959.8072702331962,0.0
2014-10-31,951.0,951.0,941.3806711375298,0.0
2014-11-01,965.0,951.525,925.6972756618326,13.475
2014-11-02,970.0,952.723125,911.8364168042555,17.276875
2014-11-03,937.0,937.0,896.814526359417,0.0
2014-11-04,908.0,908.0,881.0354035483598,0.0
2014-11-05,906.0,906.0,866.5691624790671,0.0
2014-11-06,897.0,897.0,852.7757215087831,0.0
2014-11-07,878.0,878.0,838.8520435913032,0.0
2014-11-08,863.0,863.0,825.106483999516,0.0
2014-11-09,853.0,853.0,811.8929206662274,0.0
2014-11-10,838.0,838.0,798.7917243082434,0.0
2014-11-11,819.0,819.0,785.4961942797023,0.0
2014-11-12,819.0,819.0,773.4317318463966,0.0
2014-11-13,820.0,819.0375,762.5584233421006,0.9625
2014-11-14,814.0,814.0,752.247458217832,0.0
2014-11-15,804.0,804.0,742.1504713458104,0.0
2014-11-16,792.0,792.0,732.0995017767538,0.0
2014-11-17,1230.0,808.425,755.4236219826098,421.575
2014-11-18,2030.0,870.0431249999999,835.8473606879238,1159.956875
2014-11-19,1360.0,931.9148906249998,859.1948272908938,428.08510937500023
2014-11-20,1050.0,952.3962738281248,857.4175284676629,97.60372617187522
2014-11-21,960.0,956.3415532910154,849.13812768362,3.6584467089845845
2014-11-22,907.0,907.0,837.6994121573589,0.0
2014-11-23,1290.0,921.3625,855.6902073279739,368.6375
2014-11-24,5540.0,1108.3853124999996,1186.8300029457546,4431.6146875
2014-11-25,4910.0,1417.131414062499,1440.642039710037,3492.868585937501
2014-11-26,3050.0,1609.3465580078114,1533.17518418133,1440.6534419921886
2014-11-27,2460.0,1695.2705661572254,1573.4367412015772,764.7294338427746
2014-11-28,1930.0,1732.7502736954334,1570.7111170162461,197.24972630456648
2014-11-29,1670.0,1670.0,1548.9786061814086,0.0
2014-11-30,1520.0,1520.0,1518.1472537572038,0.0
2014-12-01,1420.0,1420.0,1420.0,0.0
2014-12-02,1400.0,1400.0,1392.2222222222222,0.0
2014-12-03,1350.0,1350.0,1350.0,0.0
2014-12-04,1280.0,1280.0,1280.0,0.0
2014-12-05,1260.0,1260.0,1254.8148148148148,0.0
2014-12-06,1210.0,1210.0,1210.0,0.0
2014-12-07,1220.0,1210.375,1188.3333333333333,9.625
2014-12-08,1150.0,1150.0,1150.0,0.0
2014-12-09,1150.0,1150.0,1128.7037037037037,0.0
2014-12-10,1100.0,1100.0,1100.0,0.0
2014-12-11,1050.0,1050.0,1050.0,0.0
2014-12-12,1020.0,1020.0,1020.0,0.0
2014-12-13,1040.0,1020.75,1002.5925925925926,19.25
2014-12-14,1050.0,1022.56875,987.5377229080933,27.431250000000002
2014-12-15,1020.0,1020.0,971.6546004166032,0.0
2014-12-16,1010.0,1010.0,956.5013966743252,0.0
2014-12-17,1030.0,1010.75,944.2327488341099,19.25
2014-12-18,980.0,980.0,929.3963832013219,0.0
2014-12-19,947.0,947.0,913.4893106826809,0.0
2014-12-20,939.0,939.0,898.4625226565066,0.0
2014-12-21,939.0,939.0,884.8271038920152,0.0
2014-12-22,937.0,937.0,872.3060757538657,0.0
2014-12-23,996.0,939.2125,865.3147724433226,56.7875
2014-12-24,3610.0,1041.4965625,1052.6004416615338,2568.5034375
2014-12-25,4140.0,1254.0093203124998,1261.8041044706513,2885.9906796875002
2014-12-26,2600.0,1412.7086212890622,1337.562983686332,1187.2913787109378
2014-12-27,2000.0,1479.2554746923824,1361.862707419079,520.7445253076176
2014-12-28,1750.0,1508.9363140904538,1365.3939382136086,241.06368590954628
2014-12-29,1850.0,1530.7660905336697,1376.0056106012375,319.2339094663303
2014-12-30,1930.0,1557.7086337436444,1391.5606466566787,372.29136625635556
2014-12-31,1730.0,1578.1304862128711,1390.8605867810602,151.86951378712888
2015-01-01,1610.0,1585.0206997469058,1381.3364583754067,24.97930025309421
2015-01-02,1540.0,1540.0,1367.509008525832,0.0
2015-01-03,1560.0,1540.75,1356.443359588255,19.25
2015-01-04,4590.0,1655.81875,1570.8467522189721,2934.18125
2015-01-05,5840.0,1922.7573437499996,1857.9905714579565,3917.2426562500004
2015-01-06,4190.0,2154.6755429687496,1996.3247778044422,2035.3244570312504
2015-01-07,2840.0,2256.6998772460934,2021.850261341068,583.3001227539066
2015-01-08,2320.0,2280.9473864526362,2006.4937556613395,39.05261354736365
2015-01-09,2110.0,2110.0,1977.0035931001044,0.0
2015-01-10,2040.0,2040.0,1945.0588159612057,0.0
2015-01-11,1900.0,1900.0,1900.0,0.0
2015-01-12,1950.0,1901.875,1868.5185185185187,48.125
2015-01-13,2090.0,1910.734375,1850.3223593964337,179.265625
2015-01-14,1910.0,1910.0,1820.4776964893565,0.0
2015-01-15,1800.0,1800.0,1785.2482801477495,0.0
2015-01-16,1700.0,1700.0,1700.0,0.0
2015-01-17,1590.0,1590.0,1590.0,0.0
2015-01-18,1520.0,1520.0,1520.0,0.0
2015-01-19,1480.0,1480.0,1480.0,0.0
2015-01-20,1450.0,1450.0,1450.0,0.0
2015-01-21,1410.0,1410.0,1410.0,0.0
2015-01-22,1380.0,1380.0,1380.0,0.0
2015-01-23,1500.0,1384.5,1363.3333333333333,115.5
2015-01-24,2130.0,1416.7875,1394.8765432098764,713.2125
2015-01-25,1990.0,1465.0284375,1413.128715134888,524.9715625
2015-01-26,1710.0,1493.9013046875,1408.9501304001758,216.0986953125
2015-01-27,1580.0,1505.2337068359375,1395.5288220297894,74.76629316406252
2015-01-28,1480.0,1480.0,1375.942819989994,0.0
2015-01-29,1420.0,1420.0,1353.7258922131427,0.0
2015-01-30,1410.0,1410.0,1332.8253466378517,0.0
2015-01-31,1390.0,1390.0,1312.378555282495,0.0
2015-02-01,1370.0,1370.0,1292.3435038674493,0.0
2015-02-02,1820.0,1386.875,1307.4968831389817,433.125
2015-02-03,2130.0,1430.984375,1344.2101347001872,699.015625
2015-02-04,1760.0,1469.535546875,1350.116603709429,290.464453125
2015-02-05,1680.0,1488.320380859375,1349.5502515141113,191.679619140625
2015-02-06,1560.0,1498.1963522949218,1340.14745044799,61.803647705078134
2015-02-07,1380.0,1380.0,1318.2819457768799,0.0
2015-02-08,1410.0,1381.125,1300.6632470938355,28.875
2015-02-09,1410.0,1383.290625,1284.675909399962,26.709375
2015-02-10,1520.0,1389.418828125,1278.3170288999656,130.581171875
2015-02-11,1380.0,1380.0,1262.1765632610798,0.0
2015-02-12,1320.0,1320.0,1243.0861407369057,0.0
2015-02-13,1270.0,1270.0,1222.059646224229,0.0
2015-02-14,1250.0,1250.0,1201.4985678701337,0.0
2015-02-15,1210.0,1210.0,1179.8783301043804,0.0
2015-02-16,1200.0,1200.0,1159.5192254650858,0.0
2015-02-17,1350.0,1205.625,1152.1563342183185,144.375
2015-02-18,1520.0,1222.828125,1158.0677847536595,297.171875
2015-02-19,1320.0,1237.616015625,1148.6170639431355,82.38398437500001
2015-02-20,1210.0,1210.0,1131.8932617261785,0.0
2015-02-21,1160.0,1160.0,1113.0142560107915,0.0
2015-02-22,1290.0,1164.875,1105.5129360097924,125.125
2015-02-23,1650.0,1187.759375,1125.372849342219,462.240625
2015-02-24,1540.0,1218.302421875,1135.245733662384,321.69757812500006
2015-02-25,1530.0,1242.054740234375,1143.4637212862374,287.94525976562505
2015-02-26,1570.0,1265.1506347167967,1153.8837470930673,304.8493652832032
2015-02-27,1550.0,1287.264337113037,1161.8574742140795,262.735662886963
2015-02-28,1470.0,1303.9695118295592,1163.1669673424053,166.03048817044078
2015-03-01,1420.0,1314.5467984423422,1160.6515074032939,105.45320155765774
2015-03-02,1530.0,1326.5807885591666,1166.5171085696554,203.4192114408334
2015-03-03,1700.0,1348.212229417229,1184.4321911095021,351.7877705827709
2015-03-04,1790.0,1377.971312210937,1207.355136377141,412.0286877890631
2015-03-05,1860.0,1411.4984637951165,1233.340771897776,448.5015362048834
2015-03-06,2010.0,1450.7610790104827,1268.0314411665004,559.2389209895172
2015-03-07,1790.0,1484.4539980846967,1283.2137151325653,305.54600191530335
2015-03-08,1630.0,1501.3699482283444,1285.1383711388091,128.6300517716556
2015-03-09,1600.0,1509.8922021112185,1284.6625960333638,90.10779788878142
2015-03-10,1570.0,1515.5252869528772,1282.0086519562005,54.47471304712282
2015-03-11,1560.0,1519.2358904314115,1278.8597027009969,40.76410956858861
2015-03-12,1640.0,1525.2931986490555,1281.928248747201,114.70680135094446
2015-03-13,1520.0,1520.0,1275.8237812706082,0.0
2015-03-14,1740.0,1528.25,1286.5808385603666,211.75
2015-03-15,2160.0,1559.88125,1327.4529831381105,600.11875
2015-03-16,1860.0,1593.64015625,1342.3184476623596,266.35984375
2015-03-17,1680.0,1606.86714453125,1342.474146952882,73.13285546875
2015-03-18,1610.0,1609.7271086914063,1337.430244457245,0.2728913085937421
2015-03-19,1590.0,1590.0,1331.3718884889813,0.0
2015-03-20,1640.0,1591.875,1329.578195110372,48.125
2015-03-21,1580.0,1580.0,1323.50614000756,0.0
2015-03-22,1490.0,1490.0,1311.3296455624154,0.0
2015-03-23,1520.0,1491.125,1302.5028265288581,28.875
2015-03-24,1440.0,1440.0,1288.567379628038,0.0
2015-03-25,1320.0,1320.0,1267.0333629958122,0.0
2015-03-26,1300.0,1300.0,1246.011755311015,0.0
2015-03-27,1310.0,1300.375,1227.677333522958,9.625
2015-03-28,1320.0,1301.471875,1211.781284122684,18.528125000000003
2015-03-29,1250.0,1250.0,1192.1719059631762,0.0
2015-03-30,1250.0,1250.0,1174.3782109665858,0.0
2015-03-31,1280.0,1251.125,1160.4543025437538,28.875
2015-04-01,1230.0,1230.0,1144.1159411971098,0.0
2015-04-02,1170.0,1170.0,1124.845946641822,0.0
2015-04-03,1200.0,1171.125,1109.5824330638754,28.875
2015-04-04,1450.0,1182.665625,1114.2507262987017,267.334375
2015-04-05,1360.0,1199.340703125,1111.8201034932663,160.65929687500002
2015-04-06,1230.0,1206.515150390625,1099.9849087253713,23.484849609375033
2015-04-07,1820.0,1230.4015141113282,1132.9492690285776,589.5984858886719
2015-04-08,3050.0,1320.7464005529785,1253.972484859265,1729.2535994470215
2015-04-09,2360.0,1424.565420511505,1312.6787362611851,935.434579488495
2015-04-10,1890.0,1477.098013973142,1331.134408829594,412.9019860268579
2015-04-11,1700.0,1500.9406629251564,1333.8071487527798,199.0593370748436
2015-04-12,1550.0,1510.2451132057697,1325.1213016460408,39.754886794230345
2015-04-13,1490.0,1490.0,1312.7952551973333,0.0
2015-04-14,1710.0,1498.25,1317.9068056420244,211.75
2015-04-15,2750.0,1553.13125,1399.5821014159112,1196.86875
2015-04-16,4130.0,1694.64640625,1575.9170920255492,2435.35359375
2015-04-17,3430.0,1851.04792578125,1684.0729168379985,1578.95207421875
2015-04-18,2850.0,1947.7193313476562,1739.2513504641097,902.2806686523438
2015-04-19,3270.0,2031.140381496582,1820.4317809766922,1238.859618503418
2015-04-20,5990.0,2226.0548528843383,2095.5769864418135,3763.9451471156617
2015-04-21,5790.0,2500.8507389180127,2330.430969178683,3289.1492610819873
2015-04-22,5180.0,2724.6619334991615,2498.3540275880646,2455.3380665008385
2015-04-23,3650.0,2851.4372884867244,2537.3953213299105,798.5627115132756
2015-04-24,2920.0,2883.9544918502197,2518.747606391956,36.04550814978006
2015-04-25,2640.0,2640.0,2481.0857909852934,0.0
2015-04-26,2570.0,2570.0,2441.7259955236923,0.0
2015-04-27,2310.0,2310.0,2310.0,0.0
2015-04-28,2100.0,2100.0,2100.0,0.0
2015-04-29,2000.0,2000.0,2000.0,0.0
2015-04-30,1940.0,1940.0,1940.0,0.0
2015-05-01,1840.0,1840.0,1840.0,0.0
2015-05-02,1750.0,1750.0,1750.0,0.0
2015-05-03,1670.0,1670.0,1670.0,0.0
2015-05-04,1600.0,1600.0,1600.0,0.0
2015-05-05,1500.0,1500.0,1500.0,0.0
2015-05-06,1450.0,1450.0,1450.0,0.0
2015-05-07,1390.0,1390.0,1390.0,0.0
2015-05-08,1370.0,1370.0,1362.7777777777778,0.0
2015-05-09,1350.0,1350.0,1336.5946502057614,0.0
2015-05-10,1320.0,1320.0,1310.613664075598,0.0
2015-05-11,1310.0,1310.0,1286.297584068598,0.0
2015-05-12,1430.0,1314.5,1273.1218818400241,115.5
2015-05-13,1290.0,1290.0,1250.7957816696514,0.0
2015-05-14,1200.0,1200.0,1200.0,0.0
2015-05-15,1180.0,1180.0,1176.2962962962963,0.0
2015-05-16,1220.0,1181.5,1157.7503429355281,38.5
2015-05-17,1210.0,1184.0125,1140.180866737794,25.987500000000004
2015-05-18,1150.0,1150.0,1119.7937494472576,0.0
2015-05-19,1250.0,1153.75,1108.7017356095485,96.25
2015-05-20,1210.0,1159.46875,1095.6737971271828,50.53125
2015-05-21,1160.0,1160.0,1080.1484455413324,0.0
2015-05-22,1080.0,1080.0,1060.1347005838015,0.0
2015-05-23,1030.0,1030.0,1030.0,0.0
2015-05-24,1000.0,1000.0,1000.0,0.0
2015-05-25,993.0,993.0,980.9629629629628,0.0
2015-05-26,1260.0,1003.0125,983.4663923182441,256.9875
2015-05-27,1600.0,1035.0365625,1010.9232078443326,564.9634375
2015-05-28,1350.0,1068.0338203124998,1017.3192071180056,281.96617968750013
2015-05-29,1210.0,1083.9312837890625,1012.7526138663384,126.06871621093762
2015-05-30,1180.0,1092.2614375048827,1006.3866311009367,87.7385624951173
2015-05-31,1090.0,1090.0,993.9434245175166,0.0
2015-06-01,1120.0,1091.125,984.8745889140429,28.875
2015-06-02,1380.0,1103.040625,995.9047195701501,276.959375
2015-06-03,1390.0,1124.187578125,1006.654282572914,265.81242187500004
2015-06-04,1370.0,1143.373509765625,1014.9270341865331,226.62649023437504
2015-06-05,1540.0,1166.745496533203,1035.0263828729653,373.2545034667969
2015-06-06,1320.0,1186.4895842932128,1036.968384458802,133.51041570678717
2015-06-07,1210.0,1192.3778654712219,1030.5824229348386,17.622134528778133
2015-06-08,1250.0,1195.1995255608801,1027.7507171075388,54.800474439119775
2015-06-09,2520.0,1246.934561143814,1119.2552803383223,1273.065438856186
2015-06-10,2090.0,1326.289469058028,1170.435346973663,763.7105309419719
2015-06-11,1460.0,1359.942758878676,1170.209851883509,100.05724112132407
2015-06-12,1590.0,1372.3220519627753,1179.634865597999,217.67794803722478
2015-06-13,1580.0,1388.272898065567,1187.4464521167026,191.72710193443294
2015-06-14,1360.0,1360.0,1178.238447291082,0.0
2015-06-15,1290.0,1290.0,1164.6978503196854,0.0
2015-06-16,1300.0,1290.375,1153.1517530678625,9.625
2015-06-17,1280.0,1280.0,1141.1932574134307,0.0
2015-06-18,1160.0,1160.0,1121.4531409862611,0.0
2015-06-19,1120.0,1120.0,1100.5778501542,0.0
2015-06-20,1250.0,1124.875,1091.2650862510334,125.125
2015-06-21,1080.0,1080.0,1070.222022709271,0.0
2015-06-22,1140.0,1082.25,1055.5718354213755,57.75
2015-06-23,1160.0,1087.33125,1043.7596284379147,72.66875
2015-06-24,994.0,994.0,994.0,0.0
2015-06-25,919.0,919.0,919.0,0.0
2015-06-26,896.0,896.0,896.0,0.0
2015-06-27,1060.0,902.15,891.5555555555555,157.85
2015-06-28,951.0,909.90125,879.4485596707818,41.09874999999998
2015-06-29,925.0,912.0086562500001,866.5366559975613,12.99134374999998
2015-06-30,840.0,840.0,840.0,0.0
2015-07-01,821.0,821.0,821.0,0.0
2015-07-02,831.0,821.375,806.5370370370371,9.625
2015-07-03,845.0,822.621875,794.4502743484225,22.378125
2015-07-04,879.0,825.575234375,786.0011748717167,53.424765625000006
2015-07-05,920.0,831.119591796875,781.3714364576689,88.880408203125
2015-07-06,848.0,835.0856224121094,771.8370441930699,12.914377587890627
2015-07-07,831.0,831.0,761.9262067677857,0.0
2015-07-08,778.0,778.0,749.0071135485463,0.0
2015-07-09,729.0,729.0,729.0,0.0
2015-07-10,675.0,675.0,675.0,0.0
2015-07-11,648.0,648.0,648.0,0.0
2015-07-12,632.0,632.0,632.0,0.0
2015-07-13,632.0,632.0,620.2962962962963,0.0
2015-07-14,849.0,640.1375,625.7503429355282,208.8625
2015-07-15,879.0,656.9271875,632.921607478535,222.07281250000003
2015-07-16,777.0,669.7576484374999,631.8733104897816,107.24235156250005
2015-07-17,691.0,674.5758248046875,624.5517076666537,16.424175195312543
2015-07-18,629.0,629.0,613.3154384382598,0.0
2015-07-19,795.0,635.225,615.4158608050875,159.775
2015-07-20,715.0,644.208125,611.3958736935053,70.791875
2015-07-21,776.0,651.805015625,612.2666261292919,124.19498437500002
2015-07-22,712.0,658.719639453125,608.316012598802,53.28036054687502
2015-07-23,809.0,666.3531664941406,611.9163818026166,142.6468335058594
2015-07-24,660.0,660.0,604.1463464505225,0.0
2015-07-25,693.0,661.2375,599.5402032606594,31.7625
2015-07-26,697.0,663.7696875,595.6568511068946,33.230312500000004
2015-07-27,668.0,665.1744609375,589.9849204488488,2.8255390625000025
2015-07-28,626.0,626.0,581.7270574443257,0.0
2015-07-29,614.0,614.0,573.344922495777,0.0
2015-07-30,714.0,617.75,573.1463185609829,96.25
2015-07-31,678.0,623.61875,570.2994372127437,54.38125
2015-08-01,571.0,571.0,559.7902300634155,0.0
2015-08-02,526.0,526.0,526.0,0.0
2015-08-03,505.0,505.0,505.0,0.0
2015-08-04,478.0,478.0,478.0,0.0
2015-08-05,486.0,478.3,469.74074074074076,7.7
2015-08-06,489.0,478.99,462.4684499314129,10.010000000000002
2015-08-07,544.0,481.80325,459.9435934562821,62.19675
2015-08-08,545.0,486.50550625,457.72659406218196,58.494493750000004
2015-08-09,511.0,489.61759328125,453.1963538712392,21.382406718750005
2015-08-10,566.0,493.28377378515626,453.15965443871704,72.71622621484376
2015-08-11,753.0,505.7499907512695,466.97820495365073,247.2500092487305
2015-08-12,585.0,517.9937414449244,467.0728156060905,67.0062585550757
2015-08-13,548.0,521.6317108365549,464.4179252721932,26.368289163445027
2015-08-14,560.0,524.0593325238134,462.8977470062494,35.94066747618665
2015-08-15,580.0,527.5048825845273,462.99980746863366,52.49511741547265
2015-08-16,581.0,531.4795163906878,463.16649196227866,49.5204836093122
2015-08-17,528.0,528.0,459.39181678058617,0.0
2015-08-18,555.0,529.0125,457.9666485601615,25.9875
2015-08-19,656.0,534.7490625,464.15492184162804,121.2509375
2015-08-20,1010.0,557.1178828124999,495.9924290785143,452.88211718750006
2015-08-21,1190.0,597.8340416015624,538.2153523119853,592.1659583984376
2015-08-22,799.0,627.5839884814452,547.5657826534681,171.41601151855474
2015-08-23,751.0,638.6401893453368,552.4948768522211,112.35981065466315
2015-08-24,881.0,651.9421751444365,566.597203069608,229.0578248555634
2015-08-25,705.0,662.5215120086038,566.3567213039036,42.47848799139615
2015-08-26,610.0,610.0,559.1014693313199,0.0
2015-08-27,536.0,536.0,536.0,0.0
2015-08-28,493.0,493.0,493.0,0.0
2015-08-29,471.0,471.0,471.0,0.0
2015-08-30,459.0,459.0,459.0,0.0
2015-08-31,470.0,459.4125,451.31481481481484,10.5875
2015-09-01,496.0,461.1815625,446.26714677640604,34.8184375
2015-09-02,488.0,463.4929453125,441.0942628156277,24.507054687500005
2015-09-03,469.0,464.6184744140625,434.99294218455105,4.381525585937506
2015-09-04,451.0,451.0,428.12322531561114,0.0
2015-09-05,439.0,439.0,421.00070445305454,0.0
2015-09-06,436.0,436.0,414.3154540407346,0.0
2015-09-07,433.0,433.0,408.0269860739999,0.0
2015-09-08,426.0,426.0,401.80226514122216,0.0
2015-09-09,429.0,426.1125,396.37612947999787,2.8875
2015-09-10,483.0,428.3540625,395.4524137874055,54.6459375
2015-09-11,479.0,432.3025078125,394.3179310293124,46.6974921875
2015-09-12,465.0,435.2798197265625,392.2514559340057,29.720180273437506
2015-09-13,452.0,437.0213332470703,389.4133581623385,14.978666752929692
2015-09-14,409.0,409.0,383.6528620361961,0.0
2015-09-15,387.0,387.0,376.79611555136313,0.0
2015-09-16,369.0,369.0,369.0,0.0
2015-09-17,361.0,361.0,361.0,0.0
2015-09-18,349.0,349.0,349.0,0.0
2015-09-19,341.0,341.0,341.0,0.0
2015-09-20,346.0,341.1875,335.05555555555554,4.8125
2015-09-21,344.0,341.4734375,329.51337448559667,2.5265625000000007
2015-09-22,350.0,341.8879296875,324.92880277396733,8.112070312500002
2015-09-23,355.0,342.6838349609375,321.13909881341476,12.316165039062502
2015-09-24,347.0,343.3075473388672,317.1077007751356,3.6924526611328146
2015-09-25,730.0,357.94698128845215,341.81995070336376,372.05301871154785
2015-09-26,2400.0,448.47595769181817,487.94773304564507,1951.5240423081818
2015-09-27,1910.0,576.4652608649317,584.2488688747521,1333.5347391350683
2015-09-28,1460.0,659.6053663000616,638.2998995344973,800.3946336999384
2015-09-29,2850.0,771.7599638275569,790.3091680961181,2078.240036172443
2015-09-30,2980.0,932.50296654049,937.8731340131443,2047.49703345951
2015-10-01,2940.0,1084.5652440499532,1068.810806789705,1855.4347559500468
2015-10-02,4260.0,1273.2228507462069,1285.4023987536214,2986.777149253793
2015-10-03,7220.0,1608.2311369402414,1701.1984729431015,5611.768863059759
2015-10-04,9540.0,2116.113801669723,2250.3467624854075,7423.886198330277
2015-10-05,8300.0,2626.4052665444933,2656.796136329351,5673.594733455507
2015-10-06,7100.0,3006.924871553656,2936.72242000256,4093.075128446344
2015-10-07,4490.0,3216.030506187132,2997.3962700023226,1273.9694938128682
2015-10-08,2470.0,2470.0,2470.0,0.0
2015-10-09,2010.0,2010.0,2010.0,0.0
2015-10-10,1980.0,1980.0,1970.5555555555554,0.0
2015-10-11,2580.0,2002.5,1979.207818930041,577.5
2015-10-12,2120.0,2028.5625,1952.984872732815,91.4375
2015-10-13,1810.0,1810.0,1810.0,0.0
2015-10-14,1600.0,1600.0,1600.0,0.0
2015-10-15,1410.0,1410.0,1410.0,0.0
2015-10-16,1300.0,1300.0,1300.0,0.0
2015-10-17,1210.0,1210.0,1210.0,0.0
2015-10-18,1140.0,1140.0,1140.0,0.0
2015-10-19,1090.0,1090.0,1090.0,0.0
2015-10-20,1060.0,1060.0,1060.0,0.0
2015-10-21,1030.0,1030.0,1030.0,0.0
2015-10-22,1000.0,1000.0,1000.0,0.0
2015-10-23,976.0,976.0,976.0,0.0
2015-10-24,952.0,952.0,952.0,0.0
2015-10-25,939.0,939.0,933.4074074074074,0.0
2015-10-26,982.0,940.6125,919.7215363511659,41.3875
2015-10-27,1230.0,953.0165625,925.67324594828,276.98343750000004
2015-10-28,4630.0,1101.2903203124997,1182.9257231752915,3528.7096796875003
2015-10-29,5550.0,1400.4435462890615,1484.5066747331352,4149.5564537109385
2015-10-30,4430.0,1669.6602803173819,1675.200501146734,2760.339719682618
2015-10-31,2750.0,1813.685759293578,1723.7930473368513,936.314240706422
2015-11-01,2280.0,1866.2843273465596,1733.0714688797354,413.7156726534404
2015-11-02,4270.0,1971.9380027955676,1888.8981847242044,2298.0619972044324
2015-11-03,6230.0,2217.7926525858998,2175.4816861386303,4012.2073474141002
2015-11-04,5210.0,2480.458203641957,2359.974122607276,2729.541796358043
2015-11-05,3610.0,2625.1738383688103,2408.8654075510467,984.8261616311897
2015-11-06,2960.0,2674.6608004911495,2405.0815735185424,285.3391995088506
2015-11-07,2860.0,2692.311240454313,2394.2406870816403,167.68875954568682
2015-11-08,2710.0,2699.26289742024,2373.292475314822,10.737102579760318
2015-11-09,6230.0,2832.0681801137216,2615.0246535264127,3397.9318198862784
2015-11-10,7390.0,3130.4130666051924,2920.300148570264,4259.586933394808
2015-11-11,6110.0,3401.8820866098026,3102.4945792582025,2708.1179133901974
2015-11-12,4440.0,3542.3659301140674,3144.11545154911,897.6340698859326
2015-11-13,3310.0,3310.0,3098.178835664933,0.0
2015-11-14,2880.0,2880.0,2880.0,0.0
2015-11-15,2590.0,2590.0,2590.0,0.0
2015-11-16,2400.0,2400.0,2400.0,0.0
2015-11-17,2290.0,2290.0,2290.0,0.0
2015-11-18,2920.0,2313.625,2294.259259259259,606.375
2015-11-19,8510.0,2568.7281249999996,2712.198216735254,5941.271875
2015-11-20,7230.0,2966.3235156249993,2996.6243077782865,4263.676484375001
2015-11-21,6370.0,3253.849251953124,3191.010945946964,3116.150748046876
2015-11-22,4890.0,3432.06055805664,3257.769191692616,1457.9394419433602
2015-11-23,3420.0,3420.0,3209.4572294988548,0.0
2015-11-24,3010.0,3010.0,3010.0,0.0
2015-11-25,2750.0,2750.0,2750.0,0.0
2015-11-26,2560.0,2560.0,2560.0,0.0
2015-11-27,2420.0,2420.0,2420.0,0.0
2015-11-28,2330.0,2330.0,2330.0,0.0
2015-11-29,2300.0,2300.0,2284.6296296296296,0.0
2015-11-30,4270.0,2373.875,2389.3861454046637,1896.125
2015-12-01,5030.0,2544.584375,2540.739280089417,2485.415625
2015-12-02,11300.0,2966.1155468750003,3142.5226800811383,8333.884453125
2015-12-03,9170.0,3511.2818808593747,3530.807617110663,5658.718119140625
2015-12-04,6620.0,3840.0607397949216,3694.2513562670833,2779.9392602050784
2015-12-05,4810.0,3980.6811843103023,3708.4873417979093,829.3188156896977
2015-12-06,3780.0,3780.0,3645.1088842240283,0.0
2015-12-07,3420.0,3420.0,3420.0,0.0
2015-12-08,3080.0,3080.0,3080.0,0.0
2015-12-09,2860.0,2860.0,2860.0,0.0
2015-12-10,2810.0,2810.0,2803.333333333333,0.0
2015-12-11,2590.0,2590.0,2590.0,0.0
2015-12-12,2470.0,2470.0,2470.0,0.0
2015-12-13,2360.0,2360.0,2360.0,0.0
2015-12-14,2430.0,2362.625,2321.4814814814818,67.375
2015-12-15,2920.0,2386.053125,2322.8257887517148,533.946875
2015-12-16,2630.0,2415.224140625,2302.5641416450744,214.77585937499998
2015-12-17,2660.0,2432.457330078125,2286.4007951964563,227.542669921875
2015-12-18,3100.0,2466.0230303222656,2304.3266474930806,633.9769696777344
2015-12-19,2630.0,2495.9463030480956,2285.777883836314,134.05369695190427
2015-12-20,2360.0,2360.0,2248.9465982959146,0.0
2015-12-21,2260.0,2260.0,2208.1182095648114,0.0
2015-12-22,2610.0,2273.125,2196.996153123625,336.875
2015-12-23,2990.0,2312.640625,2215.0520648714373,677.359375
2015-12-24,9840.0,2620.317578125,2738.843540346305,7219.682421875
2015-12-25,11800.0,3235.2937597656237,3359.32099031424,8564.706240234376
2015-12-26,10700.0,3836.3967277832016,3840.865343062922,6863.603272216798
2015-12-27,9900.0,4321.166973199462,4218.562996483022,5578.833026800538
2015-12-28,8480.0,4686.329450209501,4456.103459771632,3793.6705497904986
2015-12-29,14300.0,5189.104741443789,5102.760546829815,9110.895258556211
2015-12-30,10700.0,5737.421885835505,5422.87531101224,4962.578114164495
2015-12-31,10600.0,6105.865244397842,5705.942411844439,4494.134755602158
2016-01-01,9670.0,6408.050351068004,5893.91070704403,3261.9496489319963
2016-01-02,7840.0,6584.071574737904,5928.918974910323,1255.9284252620969
2016-01-03,6050.0,6050.0,5828.093143900109,0.0
2016-01-04,4790.0,4790.0,4790.0,0.0
2016-01-05,4220.0,4220.0,4220.0,0.0
2016-01-06,3850.0,3850.0,3850.0,0.0
2016-01-07,3680.0,3680.0,3680.0,0.0
2016-01-08,3560.0,3560.0,3560.0,0.0
2016-01-09,3430.0,3430.0,3430.0,0.0
2016-01-10,3670.0,3439.0,3384.259259259259,231.0
2016-01-11,3540.0,3451.45,3333.12414266118,88.55000000000001
2016-01-12,3210.0,3210.0,3210.0,0.0
2016-01-13,3040.0,3040.0,3040.0,0.0
2016-01-14,2900.0,2900.0,2900.0,0.0
2016-01-15,3610.0,2926.625,2898.8888888888887,683.375
2016-01-16,5560.0,3051.003125,3042.3251028806585,2508.996875
2016-01-17,4270.0,3190.802890625,3076.924630391709,1079.1971093749999
2016-01-18,3540.0,3244.367673828125,3054.2464238739585,295.63232617187487
2016-01-19,3200.0,3200.0,3008.4828661078514,0.0
2016-01-20,3010.0,3010.0,2952.882600727495,0.0
2016-01-21,2930.0,2930.0,2896.5045821416156,0.0
2016-01-22,3110.0,2936.75,2858.6800837951696,173.25
2016-01-23,3220.0,2953.86875,2832.506001962284,266.13125
2016-01-24,2900.0,2900.0,2785.051742521332,0.0
2016-01-25,2760.0,2760.0,2731.6210256212084,0.0
2016-01-26,2780.0,2760.75,2684.61907880443,19.25
2016-01-27,3300.0,2781.69375,2680.487682618835,518.30625
2016-01-28,3410.0,2824.6917187500003,2684.886971265239,585.3082812499999
2016-01-29,3150.0,2858.8398398437503,2669.6196591110506,291.16016015624996
2016-01-30,2950.0,2873.1768518554686,2640.9511721563235,76.82314814453122
2016-01-31,2860.0,2860.0,2608.2705080677747,0.0
2016-02-01,2950.0,2863.375,2585.282498061499,86.625
2016-02-02,3140.0,2876.996875,2578.497081574323,263.003125
2016-02-03,9580.0,3138.2221093750004,3049.376981428553,6441.777890625
2016-02-04,11200.0,3682.105451171875,3596.6568905555396,7517.894548828125
2016-02-05,9940.0,4198.697542333984,3999.929400689287,5741.302457666016
2016-02-06,8730.0,4583.920226658935,4276.232233958797,4146.079773341065
2016-02-07,6110.0,4796.626209659515,4332.877397481131,1313.3737903404858
2016-02-08,4360.0,4360.0,4254.648008825471,0.0
2016-02-09,3970.0,3970.0,3970.0,0.0
2016-02-10,3680.0,3680.0,3680.0,0.0
2016-02-11,3450.0,3450.0,3450.0,0.0
2016-02-12,3200.0,3200.0,3200.0,0.0
2016-02-13,3020.0,3020.0,3020.0,0.0
2016-02-14,2850.0,2850.0,2850.0,0.0
2016-02-15,2770.0,2770.0,2770.0,0.0
2016-02-16,4130.0,2821.0,2819.4444444444443,1309.0
2016-02-17,4080.0,2917.3,2860.606995884774,1162.7
2016-02-18,3420.0,2979.7524999999996,2849.0693110806283,440.2475000000002
2016-02-19,3140.0,3002.2710625,2817.8591896842736,137.7289375000002
2016-02-20,3060.0,3009.6007328124997,2783.612968417211,50.399267187500186
2016-02-21,2980.0,2980.0,2746.61176763784,0.0
2016-02-22,2950.0,2950.0,2710.814381745447,0.0
2016-02-23,4340.0,3002.125,2781.2945315838315,1337.875
2016-02-24,7540.0,3222.465625,3082.2857786594027,4317.534375
2016-02-25,7750.0,3554.1557031249995,3370.963021376125,4195.8442968750005
2016-02-26,6930.0,3838.094025390624,3572.170149026484,3091.905974609376
2016-02-27,5980.0,4034.3619734863273,3684.376616709217,1945.6380265136727
2016-02-28,4420.0,4121.784825474852,3670.638041087993,298.2151745251474
2016-02-29,3940.0,3940.0,3622.6160002465117,0.0
2016-03-01,3710.0,3710.0,3562.0034076310935,0.0
2016-03-02,3730.0,3710.75,3508.4845735911777,19.25
2016-03-03,3490.0,3490.0,3442.143409369772,0.0
2016-03-04,3260.0,3260.0,3260.0,0.0
2016-03-05,3130.0,3130.0,3130.0,0.0
2016-03-06,3020.0,3020.0,3020.0,0.0
2016-03-07,2880.0,2880.0,2880.0,0.0
2016-03-08,2770.0,2770.0,2770.0,0.0
2016-03-09,2690.0,2690.0,2690.0,0.0
2016-03-10,2600.0,2600.0,2600.0,0.0
2016-03-11,2540.0,2540.0,2540.0,0.0
2016-03-12,2440.0,2440.0,2440.0,0.0
2016-03-13,2570.0,2444.875,2404.4444444444443,125.125
2016-03-14,2900.0,2466.634375,2396.625514403292,433.365625
2016-03-15,2640.0,2489.386796875,2370.2713001066913,150.61320312500004
2016-03-16,2450.0,2450.0,2332.2832167634792,0.0
2016-03-17,2320.0,2320.0,2288.182918915009,0.0
2016-03-18,2250.0,2250.0,2242.980796793249,0.0
2016-03-19,2230.0,2230.0,2200.4825748679477,0.0
2016-03-20,2200.0,2200.0,2159.6971512690634,0.0
2016-03-21,2180.0,2180.0,2121.206674299706,0.0
2016-03-22,2090.0,2090.0,2079.6134637163996,0.0
2016-03-23,2040.0,2040.0,2038.1677726315477,0.0
2016-03-24,2010.0,2010.0,1998.3374233138118,0.0
2016-03-25,1990.0,1990.0,1960.713587821792,0.0
2016-03-26,1940.0,1940.0,1922.869737097552,0.0
2016-03-27,1900.0,1900.0,1885.5669836625934,0.0
2016-03-28,1950.0,1901.875,1855.4218925827236,48.125
2016-03-29,1870.0,1870.0,1822.1420877139528,0.0
2016-03-30,1790.0,1790.0,1786.0178203330313,0.0
2016-03-31,1790.0,1790.0,1753.2383925244173,0.0
2016-04-01,2500.0,1816.625,1776.0866895128972,683.375
2016-04-02,2570.0,1870.503125,1802.0045886320734,699.496875
2016-04-03,2160.0,1907.590390625,1795.1523119068813,252.40960937500006
2016-04-04,1980.0,1919.771111328125,1775.6011719155033,60.22888867187507
2016-04-05,1880.0,1880.0,1750.4529152566604,0.0
2016-04-06,1800.0,1800.0,1721.7072749551176,0.0
2016-04-07,2130.0,1812.375,1720.0677124592735,317.625
2016-04-08,2190.0,1838.446875,1723.0244057500815,351.553125
2016-04-09,1870.0,1852.813359375,1702.0036274398888,17.186640625000052
2016-04-10,1750.0,1750.0,1674.040328602862,0.0
2016-04-11,1720.0,1720.0,1646.4440018803748,0.0
2016-04-12,1730.0,1720.375,1622.1436313358954,9.625
2016-04-13,1690.0,1690.0,1597.1303321381274,0.0
2016-04-14,1630.0,1630.0,1569.9886347179304,0.0
2016-04-15,1590.0,1590.0,1542.39709446627,0.0
2016-04-16,1550.0,1550.0,1514.3973634971705,0.0
2016-04-17,1510.0,1510.0,1486.0272372474326,0.0
2016-04-18,1480.0,1480.0,1458.0617523171147,0.0
2016-04-19,1460.0,1460.0,1431.2041826581226,0.0
2016-04-20,1480.0,1460.75,1408.314906486074,19.25
2016-04-21,1440.0,1440.0,1384.5820447744006,0.0
2016-04-22,1480.0,1441.5,1366.0096332212154,38.5
2016-04-23,1570.0,1447.7625,1355.8235560711028,122.23750000000001
2016-04-24,1460.0,1452.8053125,1338.432486064519,7.194687500000015
2016-04-25,1390.0,1390.0,1317.4665151326192,0.0
2016-04-26,1340.0,1340.0,1294.738134101821,0.0
2016-04-27,1320.0,1320.0,1272.6327513146155,0.0
2016-04-28,1340.0,1320.75,1254.0556447114104,19.25
2016-04-29,1290.0,1290.0,1233.4949368677615,0.0
2016-04-30,1250.0,1250.0,1211.8750353059315,0.0
2016-05-01,2450.0,1295.0,1281.145865370197,1155.0
2016-05-02,2440.0,1381.25,1343.2619889470307,1058.75
2016-05-03,2260.0,1453.90625,1386.29328626675,806.09375
2016-05-04,1770.0,1495.98828125,1389.0439079087178,274.01171875
2016-05-05,1690.0,1513.53916015625,1385.6139164356882,176.46083984375002
2016-05-06,1610.0,1523.7737231445312,1376.5755908397912,86.22627685546877
2016-05-07,1440.0,1440.0,1355.7815546509216,0.0
2016-05-08,1390.0,1390.0,1333.20918847954,0.0
2016-05-09,1340.0,1340.0,1309.0231525092122,0.0
2016-05-10,1290.0,1290.0,1283.372860610211,0.0
2016-05-11,1240.0,1240.0,1240.0,0.0
2016-05-12,1270.0,1241.125,1219.2592592592591,28.875
2016-05-13,1320.0,1245.165625,1204.142661179698,74.834375
2016-05-14,1240.0,1240.0,1184.4998221815779,0.0
2016-05-15,1150.0,1150.0,1150.0,0.0
2016-05-16,1120.0,1120.0,1120.0,0.0
2016-05-17,1110.0,1110.0,1098.5185185185185,0.0
2016-05-18,1270.0,1116.0,1090.877914951989,154.0
2016-05-19,1390.0,1132.05,1092.8336635675455,257.95000000000005
2016-05-20,1250.0,1146.14625,1084.237953977958,103.85375000000005
2016-05-21,1540.0,1164.81028125,1097.9196249059248,375.18971875000005
2016-05-22,1390.0,1187.32451015625,1099.2233633405613,202.67548984375009
2016-05-23,1190.0,1190.0,1085.5915704386573,0.0
2016-05-24,1100.0,1100.0,1066.5553139165595,0.0
2016-05-25,1050.0,1050.0,1045.5779700353967,0.0
2016-05-26,1030.0,1030.0,1025.0614913284155,0.0
2016-05-27,1130.0,1033.75,1013.8520939831918,96.25
2016-05-28,1080.0,1039.09375,999.9769000958593,40.90625
2016-05-29,1010.0,1010.0,982.2012611980946,0.0
2016-05-30,997.0,997.0,965.1085518279008,0.0
2016-05-31,1020.0,997.8625,951.3022044364286,22.1375
2016-06-01,1080.0,1001.7728125,943.2186669886111,78.2271875
2016-06-02,1200.0,1012.1398515625,944.7724941192952,187.86014843750002
2016-06-03,1120.0,1023.2293626953125,940.2565224415827,96.77063730468751
2016-06-04,1370.0,1039.862160493164,954.6772148081028,330.137839506836
2016-06-05,1080.0,1053.7474984561768,946.281176399945,26.252501543823314
2016-06-06,1020.0,1020.0,934.2181045110613,0.0
2016-06-07,1030.0,1020.375,924.0127244637407,9.625
2016-06-08,941.0,941.0,908.1596944208017,0.0
2016-06-09,872.0,872.0,872.0,0.0
2016-06-10,839.0,839.0,839.0,0.0
2016-06-11,815.0,815.0,815.0,0.0
2016-06-12,843.0,816.05,801.9814814814814,26.95
2016-06-13,785.0,785.0,785.0,0.0
2016-06-14,768.0,768.0,768.0,0.0
2016-06-15,889.0,772.5375,762.7407407407408,116.4625
2016-06-16,1250.0,794.8096874999999,784.7091906721537,455.19031250000006
2016-06-17,970.0,818.4489609374999,783.9027841284358,151.55103906250008
2016-06-18,798.0,798.0,770.4303041165435,0.0
2016-06-19,740.0,740.0,740.0,0.0
2016-06-20,725.0,725.0,725.0,0.0
2016-06-21,716.0,716.0,710.9074074074074,0.0
2016-06-22,679.0,679.0,679.0,0.0
2016-06-23,665.0,665.0,665.0,0.0
2016-06-24,645.0,645.0,645.0,0.0
2016-06-25,625.0,625.0,625.0,0.0
2016-06-26,612.0,612.0,612.0,0.0
2016-06-27,656.0,613.65,603.9259259259259,42.35
2016-06-28,981.0,629.0137500000001,620.6735253772291,351.98625
2016-06-29,804.0,648.77521875,622.7593100645228,155.22478124999998
2016-06-30,714.0,657.04207734375,617.9852998733633,56.95792265624999
2016-07-01,1100.0,675.7889215429688,642.2459202554593,424.21107845703125
2016-07-02,969.0,702.6922524272461,654.5564831947686,266.3077475727539
2016-07-03,738.0,714.0028334952026,648.6160680841418,23.99716650479735
2016-07-04,786.0,717.6026209830625,646.7812469652398,68.39737901693755
2016-07-05,734.0,720.7824244093327,641.2644648388286,13.21757559066723
2016-07-06,742.0,722.0737425786328,636.851088464863,19.92625742136719
2016-07-07,1030.0,734.3682118852354,654.179691384783,295.6317881147646
2016-07-08,1050.0,757.2905959938428,671.3852755158216,292.7094040061573
2016-07-09,732.0,732.0,663.4421944495418,0.0
2016-07-10,657.0,657.0,650.6790282968065,0.0
2016-07-11,690.0,658.2375,641.5420812322874,31.7625
2016-07-12,1720.0,699.2446875,709.5474440811498,1020.7553125
2016-07-13,1500.0,767.5513359375,754.9597177773397,732.4486640625
2016-07-14,984.0,803.1349857421874,757.9449290942528,180.86501425781256
2016-07-15,986.0,816.7748618115234,760.8018801040442,169.22513818847665
2016-07-16,929.0,827.3292471756591,759.1720763907068,101.6707528243409
2016-07-17,1380.0,851.8670536374847,791.1005878360116,528.1329463625153
2016-07-18,1050.0,879.1020246146734,795.628311184529,170.89797538532667
2016-07-19,931.0,887.4568727685728,790.9219860748505,43.543127231427164
2016-07-20,1050.0,895.1851073109299,795.4662466234755,154.81489268907012
2016-07-21,954.0,903.1962242626101,792.478631195376,50.803775737389856
2016-07-22,1050.0,910.6065074429143,796.8787579365448,139.3934925570856
2016-07-23,972.0,918.1360193846958,795.0936877572352,53.863980615304186
2016-07-24,817.0,817.0,781.9924203723059,0.0
2016-07-25,750.0,750.0,750.0,0.0
2016-07-26,744.0,744.0,735.6666666666667,0.0
2016-07-27,717.0,717.0,717.0,0.0
2016-07-28,756.0,718.4625,706.611111111111,37.5375
2016-07-29,658.0,658.0,658.0,0.0
2016-07-30,703.0,659.6875,649.1481481481482,43.3125
2016-07-31,986.0,673.5484375000001,662.0788751714678,312.45156249999997
2016-08-01,869.0,692.5948046875001,665.1456459889245,176.40519531249998
2016-08-02,877.0,706.1251943359375,668.5210491380981,170.87480566406248
2016-08-03,1370.0,737.4283047607422,708.1024334771631,632.5716952392578
2016-08-04,1610.0,793.8711819036865,761.796652599648,816.1288180963135
2016-08-05,2010.0,870.0808432609101,840.1488143959771,1139.9191567390899
2016-08-06,2480.0,973.1997800163417,946.0609612111646,1506.8002199836583
2016-08-07,1680.0,1056.209796515116,982.9071685064272,623.7902034848839
2016-08-08,2220.0,1123.2440617764823,1056.3416899410174,1096.7559382235177
2016-08-09,2810.0,1227.6257571432461,1166.6804223538863,1582.3742428567539
2016-08-10,2450.0,1332.8038253575025,1240.1359388026005,1117.1961746424975
2016-08-11,2470.0,1417.34353845569,1308.2715000245823,1052.65646154431
2016-08-12,2250.0,1488.0427730715132,1353.801916688973,761.9572269284869
2016-08-13,1760.0,1526.8145650911497,1358.8202577362904,233.18543490885043
2016-08-14,1450.0,1450.0,1340.4109746125598,0.0
2016-08-15,1280.0,1280.0,1280.0,0.0
2016-08-16,1110.0,1110.0,1110.0,0.0
2016-08-17,1080.0,1080.0,1080.0,0.0
2016-08-18,1200.0,1084.5,1068.888888888889,115.5
2016-08-19,1410.0,1101.0375,1074.3621399176955,308.9625
2016-08-20,2400.0,1161.3346875,1152.661941777168,1238.6653125
2016-08-21,2510.0,1258.3595859375,1231.859910131134,1251.6404140625
2016-08-22,2060.0,1335.3576169921876,1270.391399933807,724.6423830078124
2016-08-23,1460.0,1367.2057957177735,1260.9107147547506,92.79420428222659
2016-08-24,1230.0,1230.0,1230.0,0.0
2016-08-25,1120.0,1120.0,1120.0,0.0
2016-08-26,1050.0,1050.0,1050.0,0.0
2016-08-27,977.0,977.0,977.0,0.0
2016-08-28,980.0,977.1125,959.1296296296296,2.8875
2016-08-29,998.0,978.0040625,944.247256515775,19.9959375
2016-08-30,902.0,902.0,902.0,0.0
2016-08-31,856.0,856.0,856.0,0.0
2016-09-01,840.0,840.0,838.9629629629628,0.0
2016-09-02,966.0,844.725,832.8367626886144,121.275
2016-09-03,931.0,852.508125,824.6852105878166,78.49187500000001
2016-09-04,826.0,826.0,809.5106540519077,0.0
2016-09-05,801.0,801.0,793.8892971952496,0.0
2016-09-06,760.0,760.0,760.0,0.0
2016-09-07,731.0,731.0,731.0,0.0
2016-09-08,700.0,700.0,700.0,0.0
2016-09-09,686.0,686.0,685.9999999999999,0.0
2016-09-10,676.0,676.0,672.5555555555553,0.0
2016-09-11,657.0,657.0,657.0,0.0
2016-09-12,635.0,635.0,635.0,0.0
2016-09-13,674.0,636.4625,626.1296296296296,37.5375
2016-09-14,720.0,641.0028125,621.4879972565158,78.9971875
2016-09-15,648.0,644.2276015625,611.942812325357,3.7723984375000015
2016-09-16,605.0,605.0,600.0962556285647,0.0
2016-09-17,589.0,589.0,588.1614171444382,0.0
2016-09-18,589.0,589.0,577.331656297731,0.0
2016-09-19,601.0,589.45,568.3935399738671,11.55
2016-09-20,593.0,590.01625,559.6904344207312,2.9837500000000015
2016-09-21,575.0,575.0,550.4598386410339,0.0
2016-09-22,545.0,545.0,539.8617054335308,0.0
2016-09-23,536.0,536.0,529.5782141896854,0.0
2016-09-24,529.0,529.0,519.7283795424923,0.0
2016-09-25,528.0,528.0,510.7164925478171,0.0
2016-09-26,573.0,529.6875,505.87237286746364,43.3125
2016-09-27,962.0,547.5234375,530.2915976019577,414.4765625
2016-09-28,810.0,572.9091796875,541.1905237499245,237.0908203125
2016-09-29,666.0,585.2909912109375,540.4136234027093,80.70900878906252
2016-09-30,584.0,584.0,533.6345841987547,0.0
2016-10-01,547.0,547.0,524.7424930692405,0.0
2016-10-02,524.0,524.0,514.9700400072738,0.0
2016-10-03,517.0,517.0,505.5839251917855,0.0
2016-10-04,522.0,517.1875,497.43726545180533,4.8125
2016-10-05,514.0,514.0,489.45233346552703,0.0
2016-10-06,510.0,510.0,481.9104507372375,0.0
2016-10-07,515.0,510.1875,475.43726085415994,4.8125
2016-10-08,629.0,514.8234375,478.0078848491451,114.1765625
2016-10-09,611.0,522.7116796875,479.0071547705206,88.2883203125
2016-10-10,538.0,526.5958037109375,474.50649229176867,11.404196289062511
2016-10-11,500.0,500.0,467.60774300549383,0.0
2016-10-12,496.0,496.0,461.0514705049851,0.0
2016-10-13,496.0,496.0,455.102260273042,0.0
2016-10-14,498.0,496.075,449.85205098850105,1.925
2016-10-15,490.0,490.0,444.49537960067687,0.0
2016-10-16,506.0,490.6,440.8198814895031,15.4
2016-10-17,510.0,491.905,437.78100357380833,18.095000000000002
2016-10-18,501.0,492.924625,434.3568365762335,8.075375000000003
2016-10-19,495.0,493.305278125,430.80527763398965,1.6947218750000026
2016-10-20,492.0,492.0,427.36034451973137,0.0
2016-10-21,497.0,492.1875,424.6047570642007,4.8125
2016-10-22,484.0,484.0,421.1413536323303,0.0
2016-10-23,476.0,476.0,417.40604311081825,0.0
2016-10-24,477.0,476.0375,414.0906687487054,0.9625
2016-10-25,483.0,476.3346875,411.5267179386401,6.665312500000001
2016-10-26,478.0,476.6470859375,408.82979961098823,1.352914062500001
2016-10-27,482.0,476.8985544921875,406.67889223960043,5.101445507812501
2016-10-28,490.0,477.58116290527346,405.3197355507485,12.418837094726564
2016-10-29,496.0,478.7375756873779,404.5308711479014,17.262424312622073
2016-10-30,490.0,479.80725751082457,403.3706053008735,10.192742489175417
2016-10-31,489.0,480.5342131975127,402.2436974026445,8.465786802487262
2016-11-01,492.0,481.2816472076993,401.4433550505477,10.718352792300717
2016-11-02,483.0,481.74802366712186,400.05045180512667,1.2519763328781632
2016-11-03,478.0,478.0,398.4161507120594,0.0
2016-11-04,480.0,478.075,397.08132194242427,1.925
2016-11-05,480.0,478.219375,395.87008842923683,1.7806250000000001
2016-11-06,478.0,478.0,394.6228580191223,0.0
2016-11-07,479.0,478.0375,393.56518598031465,0.9625
2016-11-08,485.0,478.3346875,393.04989098213736,6.665312500000001
2016-11-09,490.0,479.0220859375,392.95267885416166,10.977914062500002
2016-11-10,482.0,479.5454294921875,392.2718752565541,2.4545705078125026
2016-11-11,485.0,479.84202228027345,391.8763312513176,5.157977719726565
2016-11-12,484.0,480.19137060925294,391.44333761693633,3.808629390747073
2016-11-13,481.0,480.36451781355896,390.8282137635163,0.6354821864410427
2016-11-14,485.0,480.56217897754203,390.5663421187463,4.437821022457965
2016-11-15,492.0,481.1575155542264,390.8472363670106,10.842484445773618
2016-11-16,493.0,482.0082018876594,391.1761959626578,10.991798112340597
2016-11-17,492.0,482.79508674608496,391.40062226241173,9.204913253915052
2016-11-18,494.0,483.5604552401286,391.7524164973736,10.439544759871424
2016-11-19,489.0,484.15592109711895,391.70126682169087,4.844078902881067
2016-11-20,481.0,481.0,391.06226063449725,0.0
2016-11-21,479.0,479.0,390.3342735387104,0.0
2016-11-22,479.0,479.0,389.6736926554965,0.0
2016-11-23,480.0,479.0375,389.14835074295047,0.9625
2016-11-24,484.0,479.2596875,388.967947896381,4.7403125
2016-11-25,492.0,479.9152109375,389.3968416096791,12.0847890625
2016-11-26,503.0,481.2340701171875,390.60083775693096,21.7659298828125
2016-11-27,497.0,482.6415148583984,391.2489083349929,14.358485141601564
2016-11-28,499.0,483.7934012440185,391.9851205261973,15.206598755981448
2016-11-29,755.0,494.53389615071717,411.61612788488276,260.46610384928283
2016-11-30,1690.0,549.1313539394134,498.6887086362826,1140.8686460605866
2016-12-01,1660.0,633.5715023939574,575.4767911699603,1026.4284976060426
2016-12-02,1290.0,696.6786397144106,617.7474586542232,593.3213602855894
2016-12-03,857.0,724.9402417358297,624.0301013714248,132.05975826417028
2016-12-04,901.0,736.4947236056425,632.990277170367,164.5052763943575
2016-12-05,1330.0,764.9201193352193,672.8985848397775,565.0798806647807
2016-12-06,1670.0,820.0511103850778,734.2968640212797,849.9488896149222
2016-12-07,2120.0,900.6722771061968,823.343450685976,1219.3277228938032
2016-12-08,1490.0,968.4968563232319,857.4783163632004,521.5031436767681
2016-12-09,1080.0,992.2345920989894,858.0821759592003,87.76540790101052
2016-12-10,922.0,922.0,846.926418925941,0.0
2016-12-11,840.0,840.0,830.7295282846503,0.0
2016-12-12,822.0,822.0,814.699016406442,0.0
2016-12-13,806.0,806.0,798.967625998438,0.0
2016-12-14,783.0,783.0,782.9891421096938,0.0
2016-12-15,743.0,743.0,743.0,0.0
2016-12-16,720.0,720.0,720.0,0.0
2016-12-17,706.0,706.0,705.6296296296297,0.0
2016-12-18,717.0,706.4125,693.4046639231824,10.5875
2016-12-19,779.0,709.5315625,686.9042320784432,69.46843750000001
2016-12-20,787.0,715.0416953125,681.5982846637726,71.95830468750002
2016-12-21,724.0,718.0760681640625,672.1169620097195,5.923931835937523
2016-12-22,708.0,708.0,662.328354416227,0.0
2016-12-23,700.0,700.0,652.8535067850947,0.0
2016-12-24,685.0,685.0,643.1448487494379,0.0
2016-12-25,665.0,665.0,632.8536590504158,0.0
2016-12-26,665.0,665.0,623.5153572864883,0.0
2016-12-27,664.0,664.0,614.967639019221,0.0
2016-12-28,670.0,664.225,607.6558205915153,5.775
2016-12-29,722.0,666.608125,604.872874240449,55.391875000000006
2016-12-30,742.0,671.512515625,603.8290895885557,70.48748437500001
2016-12-31,722.0,676.049076953125,601.4004701822079,45.950923046875005
2017-01-01,668.0,668.0,595.1967229431145,0.0
2017-01-02,787.0,672.4625,598.3822115594928,114.53750000000001
2017-01-03,1260.0,698.7903125,636.3097845632435,561.2096875
2017-01-04,1490.0,749.5060390625,687.7625822888692,740.4939609375
2017-01-05,1140.0,791.9180861328125,708.5253061510109,348.0819138671875
2017-01-06,964.0,811.4242296728515,714.3285185444358,152.57577032714843
2017-01-07,944.0,822.1174124473877,718.1129149755067,121.8825875526123
2017-01-08,880.0,828.8586065138336,716.8061635888857,51.141393486166386
2017-01-09,835.0,831.0067110252961,712.2870743676926,3.9932889747039084
2017-01-10,813.0,813.0,706.5567897040174,0.0
2017-01-11,828.0,813.5625,702.4681980647566,14.4375
2017-01-12,922.0,818.1703125,705.7211426883902,103.8296875
2017-01-13,936.0,826.4825390625,709.7099257727986,109.5174609375
2017-01-14,882.0,832.6713486328125,709.3293770901321,49.32865136718751
2017-01-15,853.0,835.2834974853515,706.8359162484533,17.716502514648447
2017-01-16,823.0,823.0,702.3511091884113,0.0
2017-01-17,801.0,801.0,696.6519324117065,0.0
2017-01-18,782.0,782.0,690.0730497809928,0.0
2017-01-19,758.0,758.0,682.3255451716417,0.0
2017-01-20,757.0,757.0,675.2213280261194,0.0
2017-01-21,829.0,759.7,674.108242097775,69.3
2017-01-22,993.0,771.0475,685.2463678294625,221.9525
2017-01-23,4330.0,912.8314375,942.5383708082163,3417.1685625
2017-01-24,3960.0,1155.2440796874998,1148.5996327704188,2804.7559203125
2017-01-25,2210.0,1299.9757737109371,1205.9515186250098,910.0242262890629
2017-01-26,1640.0,1346.8525906826167,1215.7708224560276,293.1474093173832
2017-01-27,1380.0,1359.0886463814204,1205.4216722286178,20.911353618579483
2017-01-28,1230.0,1230.0,1184.9196655407827,0.0
2017-01-29,1130.0,1130.0,1130.0,0.0
2017-01-30,1060.0,1060.0,1060.0,0.0
2017-01-31,1000.0,1000.0,1000.0,0.0
2017-02-01,957.0,957.0,957.0,0.0
2017-02-02,930.0,930.0,930.0,0.0
2017-02-03,896.0,896.0,896.0,0.0
2017-02-04,857.0,857.0,857.0,0.0
2017-02-05,843.0,843.0,840.0925925925925,0.0
2017-02-06,824.0,824.0,823.3432784636487,0.0
2017-02-07,814.0,814.0,807.4040860133108,0.0
2017-02-08,821.0,814.2625,793.4592632343006,6.7375
2017-02-09,907.0,817.9928125,787.1759981200134,89.0071875
2017-02-10,965.0,826.8433515625,785.7708131089012,138.1566484375
2017-02-11,855.0,833.0801001953125,776.3475896728918,21.919899804687503
2017-02-12,820.0,820.0,765.2042943328092,0.0
2017-02-13,786.0,786.0,752.5742670797714,0.0
2017-02-14,756.0,756.0,738.8914645723851,0.0
2017-02-15,803.0,757.7625,729.9570697045716,45.237500000000004
2017-02-16,811.0,761.4553125,722.4425262134075,49.54468750000001
2017-02-17,780.0,764.0086640625,713.3274774899439,15.991335937500008
2017-02-18,754.0,754.0,703.1304888334677,0.0
2017-02-19,743.0,743.0,693.062850978517,0.0
2017-02-20,740.0,740.0,683.7051795916171,0.0
2017-02-21,733.0,733.0,674.6954407405415,0.0
2017-02-22,745.0,733.45,667.4088258571579,11.55
2017-02-23,787.0,735.89125,663.9080086481619,51.10875000000001
2017-02-24,791.0,739.87440625,661.0276374770357,51.12559375000001
2017-02-25,752.0,742.24632578125,655.5250784513843,9.753674218750007
2017-02-26,704.0,704.0,646.9764600762561,0.0
2017-02-27,680.0,680.0,637.4416026617879,0.0
2017-02-28,675.0,675.0,628.4192320449556,0.0
2017-03-01,768.0,678.4875,627.121155003756,89.5125
2017-03-02,993.0,693.6384375,642.6099369478527,299.3615625
2017-03-03,913.0,713.0905546875,650.7386464897182,199.9094453125
2017-03-04,798.0,723.7712630859376,649.5961792221517,74.2287369140625
2017-03-05,750.0,727.5384183544923,645.0039404052858,22.461581645507806
2017-03-06,734.0,728.6230369779053,639.6517237010927,5.376963022094722
2017-03-07,735.0,729.0638092045624,634.8691566917322,5.936190795437619
2017-03-08,752.0,730.1465235142202,631.7886792202755,21.853476485779797
2017-03-09,750.0,731.7105342506537,628.8452829961759,18.289465749346313
2017-03-10,758.0,733.3822441818546,626.7670160520855,24.61775581814534
2017-03-11,769.0,735.6410758682156,625.6959960472627,33.35892413178444
2017-03-12,779.0,738.5179951780993,625.4648853021458,40.48200482190061
2017-03-13,793.0,742.079145539742,626.2922107371323,50.92085446025807
2017-03-14,831.0,747.3232096242613,629.8577467799905,83.67679037573872
2017-03-15,798.0,752.3614689024416,630.6486961522137,45.638531097558314
2017-03-16,752.0,752.0,627.9590020640458,0.0
2017-03-17,717.0,717.0,622.9257611321897,0.0
2017-03-18,819.0,720.825,625.9141165829128,98.175
2017-03-19,788.0,727.025625,626.329476158569,60.974374999999995
2017-03-20,759.0,730.511203125,624.558228366109,28.488796875
2017-03-21,735.0,731.747862890625,621.173207221099,3.252137109374999
2017-03-22,1040.0,743.429273173828,640.6942065524787,296.5707268261719
2017-03-23,1090.0,767.547077685791,662.1114096494714,322.452922314209
2017-03-24,881.0,783.8935468593567,666.0640569041499,97.10645314064331
2017-03-25,808.0,788.4390308449049,664.2433108945065,19.560969155095066
2017-03-26,821.0,790.3936035315371,663.5541154413115,30.60639646846294
2017-03-27,979.0,798.6140832666717,674.6324380856346,180.38591673332823
2017-03-28,1190.0,820.0555270216714,700.3146197443722,369.94447297832863
2017-03-29,1190.0,847.8013624950461,723.6188216198933,342.198637504954
2017-03-30,1050.0,868.2162603079175,734.3948566550883,181.78373969208246
2017-03-31,4260.0,1002.2250407848237,981.9508884462841,3257.7749592151763
2017-04-01,5080.0,1277.3081627259617,1267.3258061827396,3802.6918372740383
2017-04-02,2760.0,1475.5100505215146,1354.4252685732267,1284.4899494784854
2017-04-03,2880.0,1576.346796732401,1442.3488548164466,1303.653203267599
2017-04-04,5450.0,1770.4957869774707,1712.5017386297388,3679.5042130225293
2017-04-05,4600.0,2014.5836029541601,1894.67750357143,2585.41639704584
2017-04-06,5420.0,2239.239832732598,2120.725882870372,3180.760167267402
2017-04-07,4350.0,2437.671845277653,2246.5845974194117,1912.3281547223469
2017-04-08,3130.0,2535.346456881829,2270.4193569176146,594.653543118171
2017-04-09,2520.0,2520.0,2246.8620090548725,0.0
2017-04-10,2180.0,2180.0,2180.0,0.0
2017-04-11,1950.0,1950.0,1950.0,0.0
2017-04-12,1790.0,1790.0,1790.0,0.0
2017-04-13,1680.0,1680.0,1680.0,0.0
2017-04-14,1560.0,1560.0,1560.0,0.0
2017-04-15,1520.0,1520.0,1520.0,0.0
2017-04-16,1500.0,1500.0,1490.3703703703702,0.0
2017-04-17,1420.0,1420.0,1420.0,0.0
2017-04-18,1450.0,1421.125,1395.925925925926,28.875
2017-04-19,1490.0,1424.790625,1377.0438957475997,65.209375
2017-04-20,1700.0,1437.556328125,1375.4657572524516,262.443671875
2017-04-21,1930.0,1465.864603515625,1391.0707797290765,464.135396484375
2017-04-22,2120.0,1507.799758251953,1419.3049667911991,612.2002417480469
2017-04-23,3390.0,1601.3397763830567,1538.9989513475698,1788.6602236169433
2017-04-24,8620.0,1931.6142931543272,2035.0175669635362,6688.385706845673
2017-04-25,8070.0,2412.6182211677524,2444.367792244691,5657.381778832248
2017-04-26,5550.0,2742.4218545801705,2629.1485522220346,2807.5781454198295
2017-04-27,3400.0,2872.3652154866577,2637.5607233125875,527.6347845133423
2017-04-28,2890.0,2890.0,2607.416211894755,0.0
2017-04-29,2390.0,2390.0,2390.0,0.0
2017-04-30,2130.0,2130.0,2130.0,0.0
2017-05-01,2370.0,2139.0,2108.3333333333335,231.0
2017-05-02,3450.0,2196.825,2168.6728395061727,1253.175
2017-05-03,2910.0,2270.5631249999997,2183.4253543667123,639.4368750000001
2017-05-04,2640.0,2308.395890625,2176.811895629054,331.6041093750001
2017-05-05,6360.0,2472.7661988281247,2446.3663497374755,3887.2338011718753
2017-05-06,5920.0,2747.808733916015,2658.3694655025242,3172.191266083985
2017-05-07,4060.0,2915.973078872314,2712.964885363401,1144.026921127686
2017-05-08,3200.0,2969.5250979568905,2698.801470051975,230.47490204310952
2017-05-09,2760.0,2760.0,2653.356889491607,0.0
2017-05-10,2470.0,2470.0,2470.0,0.0
2017-05-11,2250.0,2250.0,2250.0,0.0
2017-05-12,2100.0,2100.0,2100.0,0.0
2017-05-13,2280.0,2106.75,2074.4444444444443,173.25
2017-05-14,2050.0,2050.0,2034.2181069958845,0.0
2017-05-15,1840.0,1840.0,1840.0,0.0
2017-05-16,1660.0,1660.0,1660.0,0.0
2017-05-17,1550.0,1550.0,1550.0,0.0
2017-05-18,1480.0,1480.0,1480.0,0.0
2017-05-19,1440.0,1440.0,1440.0,0.0
2017-05-20,1660.0,1448.25,1429.6296296296296,211.75
2017-05-21,3770.0,1543.25625,1576.5157750342937,2226.74375
2017-05-22,5600.0,1778.8870312499998,1845.356906975563,3821.11296875
2017-05-23,4700.0,2031.7205039062496,2022.6386748481966,2668.2794960937504
2017-05-24,4580.0,2227.3414661132806,2174.6165753252153,2352.6585338867194
2017-05-25,5430.0,2435.6658561547843,2375.4854109432513,2994.3341438452157
2017-05-26,4740.0,2634.3659169431753,2506.6441691892464,2105.6340830568247
2017-05-27,3360.0,2740.538473172437,2523.4363757457977,619.4615268275629
2017-05-28,2970.0,2772.3730876845043,2509.7848594730385,197.6269123154957
2017-05-29,2630.0,2630.0,2472.212187299609,0.0
2017-05-30,2340.0,2340.0,2340.0,0.0
2017-05-31,2030.0,2030.0,2030.0,0.0
2017-06-01,1860.0,1860.0,1860.0,0.0
2017-06-02,1730.0,1730.0,1730.0,0.0
2017-06-03,1640.0,1640.0,1640.0,0.0
2017-06-04,1660.0,1640.75,1611.111111111111,19.25
2017-06-05,1870.0,1650.06875,1600.4526748971193,219.93125
2017-06-06,1860.0,1666.18859375,1590.0403901844231,193.81140625
2017-06-07,1640.0,1640.0,1564.2959096117913,0.0
2017-06-08,1530.0,1530.0,1530.0,0.0
2017-06-09,1620.0,1533.375,1508.3333333333333,86.625
2017-06-10,1450.0,1450.0,1450.0,0.0
2017-06-11,1370.0,1370.0,1370.0,0.0
2017-06-12,1310.0,1310.0,1310.0,0.0
2017-06-13,1310.0,1310.0,1285.7407407407409,0.0
2017-06-14,1520.0,1317.875,1279.283264746228,202.125
2017-06-15,1510.0,1332.659375,1272.6829624549107,177.34062500000002
2017-06-16,1640.0,1350.834921875,1276.3234288942708,289.16507812500004
2017-06-17,1680.0,1374.022302734375,1282.589778070727,305.97769726562507
2017-06-18,1600.0,1393.970630029297,1282.349983804919,206.02936997070321
2017-06-19,1380.0,1380.0,1265.8360964155747,0.0
2017-06-20,1400.0,1380.75,1252.3327541548733,19.25
2017-06-21,1330.0,1330.0,1234.8945361775702,0.0
2017-06-22,1280.0,1280.0,1215.3672643092766,0.0
2017-06-23,1580.0,1291.25,1219.870295391751,288.75
2017-06-24,1870.0,1323.78125,1245.4378606332555,546.21875
2017-06-25,1660.0,1356.87265625,1253.0825031672134,303.12734375
2017-06-26,1410.0,1370.23220703125,1241.50078991099,39.76779296875003
2017-06-27,1270.0,1270.0,1220.621087141454,0.0
2017-06-28,1190.0,1190.0,1190.0,0.0
2017-06-29,1120.0,1120.0,1120.0,0.0
2017-06-30,1270.0,1125.625,1110.3703703703704,144.375
2017-07-01,1590.0,1148.453125,1125.3360768175583,441.546875
2017-07-02,2010.0,1197.319140625,1170.0271808159325,812.680859375
2017-07-03,1640.0,1244.395205078125,1183.1728122218647,395.60479492187494
2017-07-04,2150.0,1293.1905646972657,1232.8790333124327,856.8094353027343
2017-07-05,1570.0,1335.7012723449707,1235.0198635612817,234.2987276550292
2017-07-06,1400.0,1346.8986769190979,1224.3698761944963,53.101323080902034
2017-07-07,1280.0,1280.0,1205.817109880191,0.0
2017-07-08,1270.0,1270.0,1188.241451557951,0.0
2017-07-09,2170.0,1303.75,1238.9598356729555,866.25
2017-07-10,1500.0,1343.59375,1235.3524434810151,156.40625
2017-07-11,1150.0,1150.0,1150.0,0.0
2017-07-12,1120.0,1120.0,1120.0,0.0
2017-07-13,1230.0,1124.125,1107.4074074074074,105.875
2017-07-14,1750.0,1151.565625,1134.4993141289438,598.434375
2017-07-15,2520.0,1225.323203125,1216.1197480058934,1294.676796875
2017-07-16,2690.0,1328.7989628906248,1302.7753268942365,1361.2010371093752
2017-07-17,2180.0,1411.7640406738278,1343.6294632929184,768.2359593261722
2017-07-18,1940.0,1460.3817376232907,1362.9230315065372,479.61826237670925
2017-07-19,1900.0,1494.8531073015438,1377.4671952559318,405.1468926984561
2017-07-20,1510.0,1510.0,1361.77578828779,0.0
2017-07-21,1270.0,1270.0,1270.0,0.0
2017-07-22,1160.0,1160.0,1160.0,0.0
2017-07-23,1120.0,1120.0,1120.0,0.0
2017-07-24,1330.0,1127.875,1114.8148148148148,202.125
2017-07-25,1180.0,1137.409375,1098.9986282578875,42.59062500000002
2017-07-26,1290.0,1144.728671875,1092.7950515673424,145.27132812500003
2017-07-27,1220.0,1152.999021484375,1081.9806949407366,67.00097851562504
2017-07-28,1410.0,1165.1490948730468,1086.2417417054833,244.85090512695317
2017-07-29,1240.0,1177.1379127575683,1077.515654510531,62.8620872424317
2017-07-30,1070.0,1070.0,1057.0049457595558,0.0
2017-07-31,970.0,970.0,970.0,0.0
2017-08-01,916.0,916.0,916.0,0.0
2017-08-02,891.0,891.0,891.0,0.0
2017-08-03,848.0,848.0,848.0,0.0
2017-08-04,821.0,821.0,821.0,0.0
2017-08-05,970.0,826.5875,816.8333333333334,143.4125
2017-08-06,867.0,833.4809375,805.4228395061729,33.519062500000004
2017-08-07,968.0,839.7823671875,802.5503543667123,128.2176328125
2017-08-08,1590.0,872.7236896484375,846.0179141475724,717.2763103515625
2017-08-09,1310.0,916.0194129248047,864.7199591339082,393.98058707519533
2017-08-10,1120.0,938.4429569554443,867.6162592141019,181.5570430445557
2017-08-11,1120.0,952.059735183786,870.2443833609443,167.94026481621404
2017-08-12,2200.0,1005.1552550450019,952.6291626793754,1194.844744954998
2017-08-13,2460.0,1104.5186109166268,1046.6449809498038,1355.4813890833732
2017-08-14,1970.0,1187.8047150978798,1095.6593345655629,782.1952849021202
2017-08-15,1760.0,1238.594361465539,1124.579766550233,521.4056385344612
2017-08-16,1350.0,1262.3247843556233,1120.4520103881744,87.67521564437664
2017-08-17,1540.0,1276.0254255289515,1130.7805279448248,263.9745744710484
2017-08-18,1540.0,1295.8235186142801,1140.1527012832669,244.1764813857198
2017-08-19,1140.0,1140.0,1119.0274511644457,0.0
2017-08-20,1010.0,1010.0,1010.0,0.0
2017-08-21,929.0,929.0,929.0,0.0
2017-08-22,883.0,883.0,883.0,0.0
2017-08-23,850.0,850.0,850.0,0.0
2017-08-24,812.0,812.0,812.0,0.0
2017-08-25,778.0,778.0,778.0,0.0
2017-08-26,751.0,751.0,751.0,0.0
2017-08-27,748.0,748.0,736.8703703703704,0.0
2017-08-28,755.0,748.2625,724.5675582990399,6.7375
2017-08-29,734.0,734.0,711.8483399380177,0.0
2017-08-30,731.0,731.0,700.0846047585716,0.0
2017-08-31,955.0,739.4,706.0026969105556,215.6
2017-09-01,1410.0,772.6324999999999,745.0765212706895,637.3675000000001
2017-09-02,1730.0,832.4350625,804.2361026345145,897.5649375
2017-09-03,1430.0,888.5024328124999,835.6957227609483,541.4975671875001
2017-09-04,1020.0,913.7397503515624,833.8720447275272,106.2602496484376
2017-09-05,922.0,918.0342690751952,824.9579665120153,3.965730924804774
2017-09-06,1960.0,957.2566988945555,893.7581547979398,1002.7433011054445
2017-09-07,2260.0,1043.7124464774638,978.4101775018344,1216.2875535225362
2017-09-08,1590.0,1109.809012991654,1005.5944203257386,480.1909870083459
2017-09-09,1200.0,1131.19833701728,1001.372714740022,68.80166298272002
2017-09-10,1040.0,1040.0,985.6900559677978,0.0
2017-09-11,1020.0,1020.0,969.9780137485573,0.0
2017-09-12,5880.0,1202.25,1315.7207902533207,4677.75
2017-09-13,5750.0,1548.2062500000002,1619.8207170817172,4201.79375
2017-09-14,3160.0,1766.21578125,1703.9113914260029,1393.78421875
2017-09-15,2290.0,1838.12459765625,1715.771447775447,451.87540234375
2017-09-16,1930.0,1858.5152528320311,1699.8666840925355,71.4847471679688
2017-09-17,1690.0,1690.0,1667.6568059358192,0.0
2017-09-18,1490.0,1490.0,1490.0,0.0
2017-09-19,1270.0,1270.0,1270.0,0.0
2017-09-20,1180.0,1180.0,1180.0,0.0
2017-09-21,1130.0,1130.0,1130.0,0.0
2017-09-22,1140.0,1130.375,1109.8148148148148,9.625
2017-09-23,1140.0,1131.096875,1091.4986282578873,8.903125000000001
2017-09-24,1090.0,1090.0,1071.1746811969717,0.0
2017-09-25,988.0,988.0,988.0,0.0
2017-09-26,942.0,942.0,942.0,0.0
2017-09-27,913.0,913.0,913.0,0.0
2017-09-28,890.0,890.0,890.0,0.0
2017-09-29,856.0,856.0,856.0,0.0
2017-09-30,829.0,829.0,829.0,0.0
2017-10-01,808.0,808.0,808.0,0.0
2017-10-02,785.0,785.0,785.0,0.0
2017-10-03,760.0,760.0,760.0,0.0
2017-10-04,757.0,757.0,745.7037037037037,0.0
2017-10-05,747.0,747.0,731.9903978052125,0.0
2017-10-06,757.0,747.375,720.2875831936188,9.625
2017-10-07,840.0,751.209375,715.8165106756911,88.790625
2017-10-08,1120.0,768.368671875,732.5001670946086,351.631328125
2017-10-09,4040.0,904.2410214843749,963.9353368080709,3135.758978515625
2017-10-10,3870.0,1133.0479448730466,1161.3487315480647,2736.9520551269534
2017-10-11,2700.0,1294.4443490075678,1253.8164415899107,1405.5556509924322
2017-10-12,1960.0,1372.1110228320001,1282.9075118130672,587.8889771679999
2017-10-13,1650.0,1404.5776961196002,1286.3420014600056,245.4223038803999
2017-10-14,1380.0,1380.0,1269.4584828063012,0.0
2017-10-15,1280.0,1280.0,1246.7308455094214,0.0
2017-10-16,1290.0,1280.375,1226.8483598141047,9.625
2017-10-17,1250.0,1250.0,1205.8438820535393,0.0
2017-10-18,1140.0,1140.0,1140.0,0.0
2017-10-19,1080.0,1080.0,1080.0,0.0
2017-10-20,1040.0,1040.0,1040.0,0.0
2017-10-21,1010.0,1010.0,1010.0,0.0
2017-10-22,985.0,985.0,985.0,0.0
2017-10-23,6730.0,1200.4375,1392.314814814815,5529.5625
2017-10-24,11200.0,1782.7796874999985,2093.0264060356662,9417.220312500001
2017-10-25,9430.0,2422.696210937498,2597.7461832545864,7007.303789062502
2017-10-26,8160.0,2900.6189951171855,2961.658573693977,5259.3810048828145
2017-10-27,4520.0,3158.5725704833967,3022.2457427963864,1361.4274295166033
2017-10-28,2980.0,2980.0,2963.148914759684,0.0
2017-10-29,8520.0,3187.75,3319.894385615269,5332.25
2017-10-30,6970.0,3529.54375,3528.793053613855,3440.45625
2017-10-31,4800.0,3706.20296875,3557.6085116125723,1093.7970312500001
2017-11-01,3280.0,3280.0,3280.0,0.0
2017-11-02,2900.0,2900.0,2900.0,0.0
2017-11-03,2660.0,2660.0,2660.0,0.0
2017-11-04,2420.0,2420.0,2420.0,0.0
2017-11-05,2210.0,2210.0,2210.0,0.0
2017-11-06,2070.0,2070.0,2070.0,0.0
2017-11-07,2570.0,2088.75,2068.7037037037035,481.25
2017-11-08,2950.0,2139.09375,2095.6755829903977,810.90625
2017-11-09,2400.0,2179.28671875,2079.4093253061014,220.71328125000002
2017-11-10,2280.0,2191.34021484375,2055.7603137036845,88.65978515625002
2017-11-11,2140.0,2140.0,2023.9306550274173,0.0
2017-11-12,1900.0,1900.0,1900.0,0.0
2017-11-13,1830.0,1830.0,1830.0,0.0
2017-11-14,1770.0,1770.0,1770.0,0.0
2017-11-15,1740.0,1740.0,1735.0,0.0
2017-11-16,1830.0,1743.375,1709.9074074074072,86.625
2017-11-17,1710.0,1710.0,1678.2493141289433,0.0
2017-11-18,1580.0,1580.0,1580.0,0.0
2017-11-19,1600.0,1580.75,1552.2222222222224,19.25
2017-11-20,1550.0,1550.0,1523.312757201646,0.0
2017-11-21,1480.0,1480.0,1480.0,0.0
2017-11-22,1450.0,1450.0,1450.0,0.0
2017-11-23,1410.0,1410.0,1410.0,0.0
2017-11-24,1380.0,1380.0,1380.0,0.0
2017-11-25,1370.0,1370.0,1353.7037037037037,0.0
2017-11-26,1330.0,1330.0,1326.8792866941014,0.0
2017-11-27,1300.0,1300.0,1300.0,0.0
2017-11-28,1270.0,1270.0,1270.0,0.0
2017-11-29,1260.0,1260.0,1245.7407407407406,0.0
2017-11-30,1250.0,1250.0,1222.9869684499313,0.0
2017-12-01,1250.0,1250.0,1202.3400269267895,0.0
2017-12-02,1250.0,1250.0,1183.604839248383,0.0
2017-12-03,1220.0,1220.0,1164.3821689476067,0.0
2017-12-04,1200.0,1200.0,1145.4578940450506,0.0
2017-12-05,1210.0,1200.375,1129.0266075593977,9.625
2017-12-06,1470.0,1210.846875,1133.3759957483423,259.153125
2017-12-07,1330.0,1225.033359375,1126.9522924383107,104.966640625
2017-12-08,1250.0,1229.905857421875,1115.1974505458745,20.094142578125002
2017-12-09,1380.0,1236.2879181152343,1114.1606495694045,143.71208188476564
2017-12-10,1380.0,1247.0663242565918,1113.2198486833486,132.93367574340823
2017-12-11,1260.0,1252.5363499373475,1103.477270101557,7.4636500626526185
2017-12-12,1290.0,1254.2211236920464,1096.859004351413,35.778876307953674
2017-12-13,1330.0,1258.4045394151428,1093.8165039485045,71.59546058485715
2017-12-14,1270.0,1261.5241989590072,1086.6112721014208,8.475801040992863
2017-12-15,1240.0,1240.0,1077.850969129067,0.0
2017-12-16,1210.0,1210.0,1067.6795830985977,0.0
2017-12-17,1180.0,1180.0,1056.2277698487276,0.0
2017-12-18,1180.0,1180.0,1045.836309677549,0.0
2017-12-19,1200.0,1180.75,1037.888503225924,19.25
2017-12-20,1610.0,1197.56875,1061.0469751494497,412.43125
2017-12-21,2570.0,1264.50109375,1153.1722552282044,1305.49890625
2017-12-22,2020.0,1341.78851171875,1196.0266760404077,678.21148828125
2017-12-23,1740.0,1382.1543733398437,1214.1723541848144,357.8456266601563
2017-12-24,1800.0,1411.2427953393553,1235.0823213899241,388.7572046606446
2017-12-25,1750.0,1438.5245856889037,1250.3524768167829,311.4754143110963
2017-12-26,1540.0,1454.0102417622359,1248.6531734078217,85.98975823776408
2017-12-27,1450.0,1450.0,1240.4445462404308,0.0
2017-12-28,1380.0,1380.0,1227.8107919589095,0.0
2017-12-29,1320.0,1320.0,1211.9023852960474,0.0
2017-12-30,1280.0,1280.0,1194.5040162871542,0.0
2017-12-31,1260.0,1260.0,1177.2351258901954,0.0
2018-01-01,1220.0,1220.0,1158.6022438633254,0.0
2018-01-02,1200.0,1200.0,1140.2131472093138,0.0
2018-01-03,1190.0,1190.0,1122.7860039491923,0.0
2018-01-04,1190.0,1190.0,1106.972485065008,0.0
2018-01-05,1180.0,1180.0,1091.8824401515812,0.0
2018-01-06,1170.0,1170.0,1077.4488808782867,0.0
2018-01-07,1160.0,1160.0,1063.6110215377046,0.0
2018-01-08,1160.0,1160.0,1051.0544454693986,0.0
2018-01-09,1200.0,1161.5,1042.623478296306,38.5
2018-01-10,1250.0,1166.2625,1038.676859935537,83.73750000000001
2018-01-11,1740.0,1190.9178124999999,1071.3919654970614,549.0821875
2018-01-12,7390.0,1443.9739765625,1519.596413136223,5946.0260234375
2018-01-13,7470.0,1892.9259283203119,1932.2263748828693,5577.074071679688
2018-01-14,6680.0,2281.581483696288,2248.131340171493,4398.418516303712
2018-01-15,5150.0,2554.0878724190666,2421.4525123778362,2595.9121275809334
2018-01-16,3030.0,2669.2812819876362,2421.68839086137,360.71871801236375
2018-01-17,2500.0,2500.0,2382.6431694853172,0.0
2018-01-18,2190.0,2190.0,2190.0,0.0
2018-01-19,2080.0,2080.0,2080.0,0.0
2018-01-20,2000.0,2000.0,2000.0,0.0
2018-01-21,1910.0,1910.0,1910.0,0.0
2018-01-22,1850.0,1850.0,1850.0,0.0
2018-01-23,2980.0,1892.375,1899.4444444444446,1087.625
2018-01-24,3120.0,1979.196875,1954.681069958848,1140.803125
2018-01-25,2490.0,2041.132109375,1958.13652644414,448.867890625
2018-01-26,2250.0,2065.797201171875,1943.49425547709,184.20279882812497
2018-01-27,2140.0,2075.4874110839846,1922.0596021921742,64.5125889160156
2018-01-28,2340.0,2087.8258552526854,1917.4244538410471,252.17414474731444
2018-01-29,3070.0,2134.113916108734,1967.2925599668763,935.8860838912659
2018-01-30,2730.0,2191.555372400579,1987.358063673647,538.444627599421
2018-01-31,2400.0,2219.5637194705355,1981.121205926087,180.43628052946445
2018-02-01,2190.0,2190.0,1959.906279451449,0.0
2018-02-02,2140.0,2140.0,1936.9519943170556,0.0
2018-02-03,2000.0,2000.0,1905.7527355839945,0.0
2018-02-04,2510.0,2019.125,1915.220074881773,490.875
2018-02-05,3660.0,2099.065625,2008.9959938742015,1560.934375
2018-02-06,2790.0,2183.510703125,2029.6445129599238,606.489296875
2018-02-07,3810.0,2267.247400390625,2123.9366876858567,1542.752599609375
2018-02-08,5600.0,2450.078845361328,2342.0906980853147,3149.921154638672
2018-02-09,4360.0,2639.8229319592283,2448.1934112255635,1720.1770680407717
2018-02-10,3460.0,2735.086212062286,2477.8051324083817,724.913787937714
2018-02-11,8270.0,2969.829746157615,2860.971323852051,5300.170253842385
2018-02-12,9080.0,3397.7175151957936,3268.6591642361213,5682.282484804206
2018-02-13,8440.0,3799.8887015561086,3591.190723103148,4640.111298443891
2018-02-14,7900.0,4127.6470489394005,3843.8582487417457,3772.3529510605995
2018-02-15,6740.0,4367.073520268945,3987.204707191584,2372.9264797310548
2018-02-16,4660.0,4467.043006248774,3963.2042713405112,192.95699375122558
2018-02-17,3800.0,3800.0,3800.0,0.0
2018-02-18,3520.0,3520.0,3520.0,0.0
2018-02-19,3200.0,3200.0,3200.0,0.0
2018-02-20,3050.0,3050.0,3050.0,0.0
2018-02-21,2850.0,2850.0,2850.0,0.0
2018-02-22,2910.0,2852.25,2801.666666666667,57.75
2018-02-23,2770.0,2770.0,2747.4382716049386,0.0
2018-02-24,2620.0,2620.0,2620.0,0.0
2018-02-25,2560.0,2560.0,2560.0,0.0
2018-02-26,2530.0,2530.0,2510.3703703703704,0.0
2018-02-27,2400.0,2400.0,2400.0,0.0
2018-02-28,2320.0,2320.0,2320.0,0.0
2018-03-01,3690.0,2371.375,2378.5185185185187,1318.625
2018-03-02,3850.0,2476.271875,2443.4705075445822,1373.728125
2018-03-03,3030.0,2548.5514843749997,2441.6676827719357,481.44851562500025
2018-03-04,2680.0,2571.5351230468746,2414.1058602930525,108.46487695312527
2018-03-05,2520.0,2520.0,2377.244206562214,0.0
2018-03-06,2500.0,2500.0,2342.314187436083,0.0
2018-03-07,2830.0,2512.375,2335.0628737845936,317.625
2018-03-08,2530.0,2524.946875,2306.2607558415757,5.053125000000023
2018-03-09,2340.0,2340.0,2266.0514265969855,0.0
2018-03-10,2260.0,2260.0,2223.6392574676347,0.0
2018-03-11,2210.0,2210.0,2181.4504373317423,0.0
2018-03-12,2440.0,2218.625,2160.205026467692,221.375
2018-03-13,2460.0,2235.978125,2142.40826475772,224.02187500000002
2018-03-14,2320.0,2247.529765625,2115.888980983857,72.47023437500002
2018-03-15,2220.0,2220.0,2084.417779040907,0.0
2018-03-16,2160.0,2160.0,2051.4161328334158,0.0
2018-03-17,2100.0,2100.0,2017.025750163655,0.0
2018-03-18,2070.0,2070.0,1983.5974399633164,0.0
2018-03-19,2030.0,2030.0,1950.3013807074535,0.0
2018-03-20,2300.0,2040.125,1940.0882899012079,259.875
2018-03-21,2420.0,2064.115625,1939.709744539985,355.884375
2018-03-22,2130.0,2079.931953125,1917.8847681936902,50.06804687499999
2018-03-23,2000.0,2000.0,1888.4509933609413,0.0
2018-03-24,1920.0,1920.0,1855.8166421238172,0.0
2018-03-25,2270.0,1933.125,1852.1299160012416,336.875
2018-03-26,2310.0,1959.890625,1851.747516371497,350.109375
2018-03-27,2150.0,1980.148828125,1839.548672263025,169.85117187500003
2018-03-28,2100.0,1991.012666015625,1824.7756470534857,108.98733398437503
2018-03-29,2050.0,1997.311716064453,1807.6667908448296,52.688283935546906
2018-03-30,2110.0,2003.513337359619,1796.5865324332713,106.4866626403809
2018-03-31,1990.0,1990.0,1777.6433349857462,0.0
2018-04-01,1840.0,1840.0,1749.3430261907695,0.0
2018-04-02,1810.0,1810.0,1721.4408941360684,0.0
2018-04-03,1830.0,1810.75,1697.6037743086547,19.25
2018-04-04,1840.0,1812.56875,1676.7145359467422,27.431250000000002
2018-04-05,1740.0,1740.0,1650.3520789146364,0.0
2018-04-06,1660.0,1660.0,1620.5046642003183,0.0
2018-04-07,1760.0,1663.75,1600.8283064039924,96.25
2018-04-08,1780.0,1671.71875,1584.4553150702893,108.28125
2018-04-09,1680.0,1676.08984375,1562.1909340452626,3.91015625
2018-04-10,1630.0,1630.0,1538.2843660781086,0.0
2018-04-11,1570.0,1570.0,1512.14692477458,0.0
2018-04-12,1530.0,1530.0,1485.4666539621187,0.0
2018-04-13,1500.0,1500.0,1459.0345563730334,0.0
2018-04-14,1480.0,1480.0,1433.5683937459007,0.0
2018-04-15,2390.0,1514.125,1477.8676165472061,875.875
2018-04-16,4480.0,1658.1906250000002,1672.879874274317,2821.809375
2018-04-17,3450.0,1831.2013281250001,1773.5391451748433,1618.7986718749999
2018-04-18,2590.0,1920.361228515625,1801.174409510506,669.638771484375
2018-04-19,2290.0,1959.3341363769532,1804.0286308521258,330.6658636230469
2018-04-20,2110.0,1977.3840761486815,1793.2852391065587,132.61592385131843
2018-04-21,1990.0,1982.8302704375305,1774.6477169670625,7.169729562469556
2018-04-22,1900.0,1900.0,1751.0692246552974,0.0
2018-04-23,2450.0,1920.625,1770.414666816844,529.375
2018-04-24,6920.0,2127.953125,2119.0799754449145,4792.046875
2018-04-25,7510.0,2509.481640625,2479.165162903719,5000.518359375
2018-04-26,6660.0,2852.645517578125,2742.9461663385605,3807.354482421875
2018-04-27,4950.0,3074.0721037597655,2855.6363361220274,1875.9278962402345
2018-04-28,3730.0,3169.016695977783,2867.521860555173,560.983304022217
2018-04-29,3160.0,3160.0,2836.084651244509,0.0
2018-04-30,2850.0,2850.0,2784.595331684832,0.0
2018-05-01,2660.0,2660.0,2660.0,0.0
2018-05-02,2510.0,2510.0,2510.0,0.0
2018-05-03,2390.0,2390.0,2390.0,0.0
2018-05-04,2280.0,2280.0,2280.0,0.0
2018-05-05,2140.0,2140.0,2140.0,0.0
2018-05-06,2120.0,2120.0,2098.8888888888887,0.0
2018-05-07,2010.0,2010.0,2010.0,0.0
2018-05-08,1970.0,1970.0,1969.814814814815,0.0
2018-05-09,2000.0,1971.125,1935.5727023319619,28.875
2018-05-10,1990.0,1972.915625,1903.7604150790025,17.084375
2018-05-11,2020.0,1975.321953125,1877.1159322013173,44.678046875
2018-05-12,2240.0,1986.922806640625,1869.2348273678617,253.077193359375
2018-05-13,1920.0,1920.0,1838.3797507597264,0.0
2018-05-14,1770.0,1770.0,1770.0,0.0
2018-05-15,1700.0,1700.0,1700.0,0.0
2018-05-16,6300.0,1872.5,2009.2592592592596,4427.5
2018-05-17,8660.0,2293.0625,2464.698216735255,6366.9375
2018-05-18,12500.0,2914.5828125000007,3162.411344815325,9585.4171875
2018-05-19,16000.0,3764.7391015625,4054.780664739833,12235.2608984375
2018-05-20,13100.0,4573.633668945311,4649.708380967626,8526.366331054689
2018-05-21,9330.0,5071.736143774412,4910.290938285439,4258.263856225588
2018-05-22,6770.0,5295.105932991331,4957.115851407157,1474.894067008669
2018-05-23,4770.0,4770.0,4770.0,0.0
2018-05-24,4000.0,4000.0,4000.0,0.0
2018-05-25,3610.0,3610.0,3610.0,0.0
2018-05-26,3510.0,3510.0,3510.0,0.0
2018-05-27,5610.0,3588.75,3600.5555555555557,2021.25
2018-05-28,5860.0,3749.71875,3701.2448559670784,2110.28125
2018-05-29,10400.0,4078.2398437499996,4128.907369303461,6321.76015625
2018-05-30,18900.0,4871.121855468749,5146.601131404993,14028.87814453125
2018-05-31,17800.0,5882.037716308592,5988.582508126753,11917.962283691408
2018-06-01,15800.0,6700.884887585447,6604.454498115017,9099.115112414553
2018-06-02,13300.0,7289.568521016539,6978.116118659923,6010.431478983461
2018-06-03,10600.0,7639.100881940299,7117.179441006227,2960.8991180597013
2018-06-04,8250.0,7773.0433157947755,7069.292455727873,476.95668420522406
2018-06-05,6470.0,6470.0,6470.0,0.0
2018-06-06,4960.0,4960.0,4960.0,0.0
2018-06-07,4190.0,4190.0,4190.0,0.0
2018-06-08,3820.0,3820.0,3820.0,0.0
2018-06-09,3560.0,3560.0,3560.0,0.0
2018-06-10,3420.0,3420.0,3420.0,0.0
2018-06-11,3450.0,3421.125,3358.8888888888887,28.875
2018-06-12,3560.0,3427.415625,3311.5843621399176,132.584375
2018-06-13,3370.0,3370.0,3254.585810089925,0.0
2018-06-14,3430.0,3372.25,3207.30934619271,57.75
2018-06-15,2850.0,2850.0,2850.0,0.0
2018-06-16,2670.0,2670.0,2670.0,0.0
2018-06-17,2720.0,2671.875,2624.259259259259,48.125
2018-06-18,2700.0,2674.734375,2581.2722908093274,25.265625
2018-06-19,2620.0,2620.0,2536.339671289945,0.0
2018-06-20,2650.0,2621.125,2497.7897017260607,28.875
2018-06-21,2580.0,2580.0,2457.623988603277,0.0
2018-06-22,2400.0,2400.0,2400.0,0.0
2018-06-23,2260.0,2260.0,2260.0,0.0
2018-06-24,2210.0,2210.0,2210.0,0.0
2018-06-25,2220.0,2210.375,2169.814814814815,9.625
2018-06-26,2690.0,2228.721875,2168.165294924554,461.278125
2018-06-27,2940.0,2272.692734375,2185.187026875984,667.307265625
2018-06-28,2580.0,2309.240779296875,2173.9660058689483,270.75922070312504
2018-06-29,2370.0,2321.6727208496095,2148.2284127329344,48.327279150390666
2018-06-30,2090.0,2090.0,2090.0,0.0
2018-07-01,1980.0,1980.0,1980.0,0.0
2018-07-02,2130.0,1985.625,1954.4444444444446,144.375
2018-07-03,2020.0,1992.328125,1923.106995884774,27.671875
2018-07-04,1850.0,1850.0,1850.0,0.0
2018-07-05,1820.0,1820.0,1813.5185185185185,0.0
2018-07-06,1890.0,1822.625,1785.600137174211,67.375
2018-07-07,2110.0,1835.928125,1776.5630874358583,274.071875
2018-07-08,2280.0,1862.858515625,1780.9553941547601,417.141484375
2018-07-09,1890.0,1879.519126953125,1756.0521169182082,10.480873046875047
2018-07-10,1690.0,1690.0,1690.0,0.0
2018-07-11,1600.0,1600.0,1600.0,0.0
2018-07-12,1580.0,1580.0,1568.888888888889,0.0
2018-07-13,1990.0,1595.375,1571.0288065843622,394.625
2018-07-14,1770.0,1616.721875,1556.6742874561805,153.27812500000005
2018-07-15,1720.0,1626.342734375,1539.9451867657933,93.65726562500004
2018-07-16,1670.0,1631.492029296875,1521.061373176368,38.50797070312504
2018-07-17,2190.0,1653.8801270996094,1542.4445793637415,536.1198729003906
2018-07-18,2020.0,1687.7141175671386,1549.2552664596915,332.2858824328614
2018-07-19,1680.0,1680.0,1530.2501491949054,0.0
2018-07-20,1550.0,1550.0,1503.3751353805621,0.0
2018-07-21,1710.0,1556.0,1490.8404006231026,154.0
2018-07-22,2040.0,1579.925,1503.9107338987412,460.07500000000005
2018-07-23,2090.0,1616.305625,1519.4745548340427,473.69437500000004
2018-07-24,2040.0,1649.957703125,1529.8935775345944,390.04229687500003
2018-07-25,2520.0,1697.210875390625,1574.9034314665766,822.789124609375
2018-07-26,2160.0,1745.420059736328,1589.079039664116,414.5799402636719
2018-07-27,1830.0,1764.1385552561035,1577.4976471026237,65.86144474389653
2018-07-28,1630.0,1630.0,1552.173790889418,0.0
2018-07-29,1460.0,1460.0,1460.0,0.0
2018-07-30,1430.0,1430.0,1430.0,0.0
2018-07-31,1970.0,1450.25,1443.5185185185185,519.75
2018-08-01,2630.0,1513.98125,1504.6742112482855,1116.01875
2018-08-02,7250.0,1770.93265625,1902.38956205863,5479.06734375
2018-08-03,8970.0,2246.3627070312496,2390.6868248309793,6723.63729296875
2018-08-04,8880.0,2747.260504003905,2827.1047114207036,6132.739495996095
2018-08-05,7290.0,3147.590966203612,3105.3357566595273,4142.409033796388
2018-08-06,6130.0,3414.771643738341,3271.8787421540155,2715.228356261659
2018-08-07,4030.0,3539.6637704579653,3267.445525287903,490.33622954203474
2018-08-08,3550.0,3550.0,3227.8672359093935,0.0
2018-08-09,3750.0,3557.5,3206.768417769635,192.5
2018-08-10,3260.0,3260.0,3151.3268976057802,0.0
2018-08-11,4380.0,3302.0,3183.9818144941337,1078.0
2018-08-12,3390.0,3345.725,3140.2797946335654,44.27500000000009
2018-08-13,2910.0,2910.0,2910.0,0.0
2018-08-14,2570.0,2570.0,2570.0,0.0
2018-08-15,2320.0,2320.0,2320.0,0.0
2018-08-16,2090.0,2090.0,2090.0,0.0
2018-08-17,2080.0,2080.0,2050.555555555555,0.0
2018-08-18,2120.0,2081.5,2017.7263374485592,38.5
2018-08-19,2080.0,2080.0,1984.9738987959147,0.0
2018-08-20,2290.0,2087.875,1970.8096489074042,202.125
2018-08-21,2370.0,2106.034375,1963.882829564126,263.96562500000005
2018-08-22,2020.0,2020.0,1931.6714564563365,0.0
2018-08-23,1780.0,1780.0,1780.0,0.0
2018-08-24,1610.0,1610.0,1610.0,0.0
2018-08-25,1520.0,1520.0,1520.0,0.0
2018-08-26,1490.0,1490.0,1489.6296296296296,0.0
2018-08-27,1630.0,1495.25,1472.4417009602196,134.75
2018-08-28,1430.0,1430.0,1430.0,0.0
2018-08-29,1370.0,1370.0,1370.0,0.0
2018-08-30,1400.0,1371.125,1346.851851851852,28.875
2018-08-31,1540.0,1378.540625,1336.2174211248287,161.459375
2018-09-01,1380.0,1380.0,1314.7158080577149,0.0
2018-09-02,1300.0,1300.0,1289.279159163482,0.0
2018-09-03,1280.0,1280.0,1264.7162740557521,0.0
2018-09-04,1230.0,1230.0,1230.0,0.0
2018-09-05,1230.0,1230.0,1207.2222222222222,0.0
2018-09-06,1230.0,1230.0,1186.5534979423867,0.0
2018-09-07,1200.0,1200.0,1165.5763222069804,0.0
2018-09-08,1210.0,1200.375,1147.2822182989266,9.625
2018-09-09,1230.0,1201.846875,1132.1634943823592,28.153125000000003
2018-09-10,1420.0,1211.0833593749999,1132.5187263839925,208.916640625
2018-09-11,1870.0,1243.6271074218748,1166.174399866956,626.3728925781251
2018-09-12,2320.0,1307.4800743652343,1230.0471406200156,1012.5199256347657
2018-09-13,2130.0,1376.2940687878418,1273.931664636681,753.7059312121584
2018-09-14,1940.0,1425.6970136287534,1299.6787327258774,514.3029863712466
2018-09-15,1860.0,1461.269737606597,1317.115887103111,398.7302623934031
2018-09-16,4280.0,1581.9245072861022,1512.1977494083787,2698.075492713898
2018-09-17,8010.0,1924.1551692396442,1965.512772611307,6085.844830760356
2018-09-18,4240.0,2239.2185315466704,2097.5949232954454,2000.7814684533296
2018-09-19,2770.0,2334.15214168067,2108.558356323645,435.84785831933004
2018-09-20,2150.0,2150.0,2072.5807307381224,0.0
2018-09-21,1870.0,1870.0,1870.0,0.0
2018-09-22,1720.0,1720.0,1720.0,0.0
2018-09-23,1630.0,1630.0,1630.0,0.0
2018-09-24,1580.0,1580.0,1580.0,0.0
2018-09-25,1910.0,1592.375,1575.1851851851852,317.625
2018-09-26,2080.0,1622.571875,1583.4087791495201,457.428125
2018-09-27,1920.0,1650.878984375,1579.0190773764166,269.12101562500004
2018-09-28,2260.0,1683.813060546875,1600.221014656378,576.1869394531251
2018-09-29,2140.0,1722.5270810058591,1610.5709207067132,417.47291899414074
2018-09-30,2110.0,1752.7125499304198,1617.7402799005363,357.2874500695802
2018-10-01,2150.0,1781.0091086856382,1627.2087725023384,368.9908913143617
2018-10-02,1910.0,1799.6834255342155,1618.0227750484182,110.31657446578458
2018-10-03,1690.0,1690.0,1593.3910366180091,0.0
2018-10-04,1780.0,1693.375,1577.706681375601,86.625
2018-10-05,1670.0,1670.0,1555.3264331000823,0.0
2018-10-06,1520.0,1520.0,1520.0,0.0
2018-10-07,1470.0,1470.0,1470.0,0.0
2018-10-08,1520.0,1471.875,1446.4814814814815,48.125
2018-10-09,1480.0,1473.984375,1422.1776406035665,6.015625
2018-10-10,1930.0,1491.310546875,1433.457488695829,438.689453125
2018-10-11,10600.0,1849.3372558593746,2085.915128631401,8750.662744140625
2018-10-12,11500.0,2539.386961669921,2744.626690795161,8960.613038330079
2018-10-13,8370.0,3094.0579395446766,3110.494589795609,5275.942060455323
2018-10-14,4050.0,3327.7535940788257,3122.4858314812013,722.2464059211743
2018-10-15,3090.0,3090.0,3062.2556618996086,0.0
2018-10-16,2600.0,2600.0,2600.0,0.0
2018-10-17,2890.0,2610.875,2573.3333333333335,279.125
2018-10-18,2450.0,2450.0,2450.0,0.0
2018-10-19,2130.0,2130.0,2130.0,0.0
2018-10-20,2010.0,2010.0,2010.0,0.0
2018-10-21,1850.0,1850.0,1850.0,0.0
2018-10-22,1740.0,1740.0,1740.0,0.0
2018-10-23,1680.0,1680.0,1680.0,0.0
2018-10-24,1640.0,1640.0,1640.0,0.0
2018-10-25,1570.0,1570.0,1570.0,0.0
2018-10-26,3590.0,1645.75,1690.5555555555557,1944.25
2018-10-27,5510.0,1863.56875,1942.1707818930045,3646.43125
2018-10-28,3650.0,2067.30109375,2032.710524310319,1582.6989062500002
2018-10-29,2640.0,2148.12851171875,2040.052142429734,491.8714882812503
2018-10-30,2430.0,2177.1438733398436,2031.1584255380922,252.85612666015658
2018-10-31,2250.0,2189.358082839355,2009.7548676178983,60.64191716064485
2018-11-01,2170.0,2170.0,1984.4071946903152,0.0
2018-11-02,2500.0,2182.375,1985.8509729597306,317.625
2018-11-03,2680.0,2212.946875,2000.494401389385,467.053125
2018-11-04,2300.0,2233.725859375,1985.6338086681458,66.27414062500003
2018-11-05,2150.0,2150.0,1961.0380856433176,0.0
2018-11-06,2630.0,2168.0,1974.275299935603,462.0
2018-11-07,2990.0,2216.15,2012.9535129045287,773.85
2018-11-08,2550.0,2257.68875,2015.4578172652207,292.3112500000001
2018-11-09,2560.0,2279.98709375,2018.470982333256,280.01290625000007
2018-11-10,3080.0,2320.48806171875,2059.7236691542507,759.5119382812501
2018-11-11,2620.0,2360.2014570898436,2063.0825886770053,259.79854291015636
2018-11-12,3440.0,2410.4363478081054,2126.871237873579,1029.5636521918946
2018-11-13,7180.0,2627.9036217224975,2461.7905677000995,4552.0963782775025
2018-11-14,6390.0,2939.6858500933104,2707.1803299500907,3450.3141499066896
2018-11-15,7850.0,3253.209411336312,3037.9969660658235,4596.790588663688
2018-11-16,7540.0,3586.343705486088,3315.219469207877,3953.656294513912
2018-11-17,6300.0,3836.3679275746313,3474.921370207148,2463.6320724253687
2018-11-18,4510.0,3954.0153330065336,3487.2434655583384,555.9846669934664
2018-11-19,3770.0,3770.0,3443.609811339974,0.0
2018-11-20,3410.0,3410.0,3377.34964362331,0.0
2018-11-21,3090.0,3090.0,3090.0,0.0
2018-11-22,2770.0,2770.0,2770.0,0.0
2018-11-23,2630.0,2630.0,2630.0,0.0
2018-11-24,5290.0,2729.75,2778.333333333334,2560.25
2018-11-25,5790.0,2940.5187499999997,2949.9691358024697,2849.4812500000003
2018-11-26,4300.0,3098.3548437499994,2995.3423639689076,1201.6451562500006
2018-11-27,3570.0,3161.1032304687496,2982.440293231046,408.8967695312506
2018-11-28,3210.0,3178.2704881835934,2944.066192005949,31.729511816406784
2018-11-29,2890.0,2890.0,2885.5415445979907,0.0
2018-11-30,2710.0,2710.0,2710.0,0.0
2018-12-01,2860.0,2715.625,2670.9259259259256,144.375
2018-12-02,3600.0,2754.203125,2690.28463648834,845.796875
2018-12-03,3490.0,2813.512890625,2699.7027257023824,676.487109375
2018-12-04,3110.0,2849.999423828125,2680.1006214706804,260.0005761718751
2018-12-05,2770.0,2770.0,2637.1283417048767,0.0
2018-12-06,2620.0,2620.0,2587.0238656210918,0.0
2018-12-07,2490.0,2490.0,2490.0,0.0
2018-12-08,2420.0,2420.0,2420.0,0.0
2018-12-09,2760.0,2432.75,2400.3703703703704,327.25
2018-12-10,3440.0,2482.79375,2432.928669410151,957.20625
2018-12-11,3580.0,2559.83421875,2472.842681501804,1020.16578125
2018-12-12,3080.0,2617.59665234375,2472.023914696081,462.40334765625005
2018-12-13,2870.0,2644.4019034179687,2455.7254040760736,225.5980965820313
2018-12-14,3510.0,2685.321760661621,2488.3434222171777,824.678239338379
2018-12-15,6550.0,2861.1726286119992,2743.1264386785506,3688.8273713880008
2018-12-16,7170.0,3161.084681466099,3020.24436102313,4008.915318533901
2018-12-17,6290.0,3428.7533303561413,3206.5180312987663,2861.2466696438587
2018-12-18,5030.0,3596.0968305794304,3282.2108061785098,1433.9031694205696
2018-12-19,4270.0,3675.139568285973,3294.5986944953142,594.8604317140268
2018-12-20,4710.0,3736.254100664525,3338.432148708711,973.7458993354749
2018-12-21,9720.0,3997.1600431146853,3749.318060865312,5722.839956885315
2018-12-22,10500.0,4455.623039881084,4179.936758933339,6044.376960118916
2018-12-23,8980.0,4851.951311890002,4458.090762735807,4128.048688109998
2018-12-24,7450.0,5104.179963498252,4597.156432852862,2345.8200365017483
2018-12-25,5520.0,5207.741466235882,4580.382689070189,312.25853376411715
2018-12-26,4420.0,4420.0,4420.0,0.0
2018-12-27,4070.0,4070.0,4070.0,0.0
2018-12-28,16800.0,4547.375,4937.592592592593,12252.625
2018-12-29,21600.0,5646.321875,6080.4080932784655,15953.678125
2018-12-30,18300.0,6719.097734374998,6872.9628994563855,11580.902265625002
2018-12-31,13300.0,7400.165404296873,7221.762630988203,5899.834595703127
2019-01-01,9720.0,7708.402998974608,7273.0809058967025,2011.5970010253923
2019-01-02,7870.0,7789.897774051512,7182.610451647007,80.10222594848801
2019-01-03,7860.0,7795.530440997649,7099.77615056858,64.46955900235142
2019-01-04,7620.0,7620.0,7006.833914404823,0.0
2019-01-05,8430.0,7650.375,6982.497440848821,779.625
2019-01-06,7960.0,7691.221875,6925.5995296591145,268.77812500000005
2019-01-07,7340.0,7340.0,6828.04401765364,0.0
2019-01-08,6350.0,6350.0,6350.0,0.0
2019-01-09,5430.0,5430.0,5430.0,0.0
2019-01-10,4880.0,4880.0,4880.0,0.0
2019-01-11,4510.0,4510.0,4510.0,0.0
2019-01-12,4170.0,4170.0,4170.0,0.0
2019-01-13,5150.0,4206.75,4165.37037037037,943.25
2019-01-14,5110.0,4275.99375,4158.206447187929,834.00625
2019-01-15,4520.0,4316.41921875,4108.00214652238,203.5807812500001
2019-01-16,4190.0,4190.0,4038.0019477703077,0.0
2019-01-17,4000.0,4000.0,3960.409174828613,0.0
2019-01-18,3890.0,3890.0,3881.852769751889,0.0
2019-01-19,3970.0,3893.0,3816.4960318118992,77.0
2019-01-20,6590.0,3997.025,3951.2649177552416,2592.975
2019-01-21,6210.0,4177.248125,4045.4070550001265,2032.751875
2019-01-22,5410.0,4299.704515625,4071.5730684260407,1110.2954843750001
2019-01-23,4610.0,4352.976676953125,4036.0570435717777,257.02332304687525
2019-01-24,7350.0,4475.00342618164,4206.792502500317,2874.9965738183596
2019-01-25,7260.0,4687.253169218017,4355.05245597251,2572.7468307819827
2019-01-26,6720.0,4859.959181526666,4449.584635975055,1860.0408184733342
2019-01-27,5760.0,4963.4622429121655,4464.252725236624,796.5377570878343
2019-01-28,4750.0,4750.0,4402.74784327027,0.0
2019-01-29,4440.0,4440.0,4323.974894819319,0.0
2019-01-30,4180.0,4180.0,4180.0,0.0
2019-01-31,3920.0,3920.0,3920.0,0.0
2019-02-01,3770.0,3770.0,3770.0,0.0
2019-02-02,3580.0,3580.0,3580.0,0.0
2019-02-03,3480.0,3480.0,3480.0,0.0
2019-02-04,3390.0,3390.0,3390.0,0.0
2019-02-05,3310.0,3310.0,3310.0,0.0
2019-02-06,3240.0,3240.0,3240.0,0.0
2019-02-07,3160.0,3160.0,3160.0,0.0
2019-02-08,3080.0,3080.0,3080.0,0.0
2019-02-09,2940.0,2940.0,2940.0,0.0
2019-02-10,2860.0,2860.0,2860.0,0.0
2019-02-11,3000.0,2865.25,2817.407407407407,134.75
2019-02-12,3560.0,2896.35625,2820.240054869684,663.64375
2019-02-13,4350.0,2975.75453125,2881.3289386780466,1374.2454687499999
2019-02-14,3660.0,3052.94794140625,2885.6503332448942,607.05205859375
2019-02-15,3320.0,3085.726845800781,2864.3864134999963,234.27315419921877
2019-02-16,3510.0,3110.4223323657225,2859.165449287034,399.57766763427736
2019-02-17,3560.0,3142.2656574382936,2858.131611390086,417.73434256170657
2019-02-18,6300.0,3276.3457331304216,3060.156462187301,3023.6542668695784
2019-02-19,5770.0,3483.2448031456397,3204.21604902181,2286.7551968543603
2019-02-20,7370.0,3714.751442909717,3453.455303742013,3655.248557090283
2019-02-21,9170.0,4056.3950846914886,3812.95018302516,5113.604915308511
2019-02-22,11600.0,4531.040453339627,4319.15849941172,7068.959546660373
2019-02-23,12900.0,5109.962419339155,4874.7919716884135,7790.037580660845
2019-02-24,12500.0,5679.215237888718,5349.348270606153,6820.784762111282
2019-02-25,10700.0,6123.274095047063,5646.6308381426215,4576.725904952937
2019-02-26,8910.0,6399.403537918533,5783.794649425713,2510.5964620814666
2019-02-27,7390.0,6530.698272574644,5795.665515219628,859.3017274253566
2019-02-28,6110.0,6110.0,5711.62241195855,0.0
2019-03-01,5630.0,5630.0,5599.805521962388,0.0
2019-03-02,5630.0,5630.0,5498.342047706612,0.0
2019-03-03,5230.0,5230.0,5230.0,0.0
2019-03-04,5630.0,5245.0,5162.777777777777,385.0
2019-03-05,5020.0,5020.0,5020.0,0.0
2019-03-06,4410.0,4410.0,4410.0,0.0
2019-03-07,4120.0,4120.0,4120.0,0.0
2019-03-08,4040.0,4040.0,4037.777777777778,0.0
2019-03-09,4410.0,4053.875,3990.5761316872427,356.125
2019-03-10,4520.0,4084.709375,3955.8931565310163,435.29062500000003
2019-03-11,4240.0,4106.856171875,3903.6808272225885,133.14382812500003
2019-03-12,3970.0,3970.0,3836.3029728501265,0.0
2019-03-13,3800.0,3800.0,3762.5712161047445,0.0
2019-03-14,3790.0,3790.0,3694.9257331320828,0.0
2019-03-15,4550.0,3818.5,3689.840017101334,731.5
2019-03-16,5220.0,3898.4875,3734.854830332692,1321.5125
2019-03-17,4690.0,3977.7259375,3736.4423460426283,712.2740625000001
2019-03-18,4050.0,4007.1464921875,3690.4754621497927,42.8535078125002
2019-03-19,3810.0,3810.0,3630.986993432219,0.0
2019-03-20,3640.0,3640.0,3564.414123669976,0.0
2019-03-21,3510.0,3510.0,3494.3757788857192,0.0
2019-03-22,3460.0,3460.0,3427.1187623222263,0.0
2019-03-23,3240.0,3240.0,3240.0,0.0
2019-03-24,3110.0,3110.0,3110.0,0.0
2019-03-25,3070.0,3070.0,3049.444444444444,0.0
2019-03-26,3130.0,3072.25,2998.9403292181064,57.75
2019-03-27,2970.0,2970.0,2941.2606691053184,0.0
2019-03-28,2850.0,2850.0,2850.0,0.0
2019-03-29,2810.0,2810.0,2794.2592592592596,0.0
2019-03-30,2770.0,2770.0,2740.7167352537726,0.0
2019-03-31,2850.0,2773.0,2698.0577782858304,77.0
2019-04-01,2740.0,2740.0,2651.200576592698,0.0
2019-04-02,2620.0,2620.0,2599.793115797078,0.0
2019-04-03,2580.0,2580.0,2550.1826421121636,0.0
2019-04-04,2540.0,2540.0,2502.202767842519,0.0
2019-04-05,2670.0,2544.875,2468.2951041533966,125.125
2019-04-06,2820.0,2559.884375,2448.638150065119,260.115625
2019-04-07,2620.0,2571.893046875,2415.986469503534,48.10695312500005
2019-04-08,2760.0,2580.751068359375,2396.7284630680215,179.24893164062505
2019-04-09,4150.0,2646.3197382324215,2482.2165683395015,1503.6802617675783
2019-04-10,4030.0,2754.59575786499,2550.9002194191776,1275.40424213501
2019-04-11,3380.0,2825.8760760251157,2565.0761250285127,554.1239239748843
2019-04-12,3010.0,2853.560370323232,2550.5320393777242,156.43962967676805
2019-04-13,2980.0,2864.1683425489896,2535.1124061020087,115.83165745101044
2019-04-14,4770.0,2939.9807168578154,2653.7131092407117,1830.0192831421846
2019-04-15,8080.0,3201.3571630934794,3006.517450977683,4878.642836906521
2019-04-16,7100.0,3530.5053758614686,3254.0621314427126,3569.4946241385314
2019-04-17,5530.0,3739.342472671858,3362.3897118646837,1790.657527328142
2019-04-18,4080.0,3819.266787221469,3353.2795533586946,260.7332127785314
2019-04-19,14000.0,4210.821778179858,4079.8277428625197,9789.178221820142
2019-04-20,20500.0,5188.760144816368,5220.584433338214,15311.239855183632
2019-04-21,17000.0,6205.853133955139,5996.456245066158,10794.14686604486
2019-04-22,12700.0,6854.164148908503,6381.96955570818,5845.835851091497
2019-04-23,8760.0,7144.851837740365,6439.935337587052,1615.1481622596348
2019-04-24,6490.0,6490.0,6324.385769291955,0.0
2019-04-25,5050.0,5050.0,5050.0,0.0
2019-04-26,4600.0,4600.0,4600.0,0.0
2019-04-27,4130.0,4130.0,4130.0,0.0
2019-04-28,3850.0,3850.0,3850.0,0.0
2019-04-29,3640.0,3640.0,3640.0,0.0
2019-04-30,3580.0,3580.0,3568.1481481481483,0.0
2019-05-01,3420.0,3420.0,3420.0,0.0
2019-05-02,3220.0,3220.0,3220.0,0.0
2019-05-03,3130.0,3130.0,3130.0,0.0
2019-05-04,3270.0,3135.25,3082.407407407408,134.75
2019-05-05,4080.0,3175.73125,3099.2215363511664,904.26875
2019-05-06,3660.0,3227.80140625,3083.367690392725,432.19859375
2019-05-07,3150.0,3150.0,3031.2040153563617,0.0
2019-05-08,3010.0,3010.0,2973.4999398604027,0.0
2019-05-09,2920.0,2920.0,2914.4721676511062,0.0
2019-05-10,2850.0,2850.0,2850.0,0.0
2019-05-11,4160.0,2899.125,2894.2592592592596,1260.875
2019-05-12,6010.0,3063.065625,3071.4574759945135,2946.934375
2019-05-13,4880.0,3241.7107031250002,3148.544746735762,1638.2892968749998
2019-05-14,3760.0,3322.5824003906255,3135.5313442602287,437.41759960937475
2019-05-15,3320.0,3320.0,3091.1302938657627,0.0
2019-05-16,3090.0,3090.0,3033.803414804118,0.0
2019-05-17,2920.0,2920.0,2920.0,0.0
2019-05-18,2720.0,2720.0,2720.0,0.0
2019-05-19,2580.0,2580.0,2580.0,0.0
2019-05-20,2460.0,2460.0,2460.0,0.0
2019-05-21,2380.0,2380.0,2380.0,0.0
2019-05-22,2290.0,2290.0,2290.0,0.0
2019-05-23,2260.0,2260.0,2245.3703703703704,0.0
2019-05-24,2250.0,2250.0,2204.1323731138546,0.0
2019-05-25,2150.0,2150.0,2150.0,0.0
2019-05-26,2090.0,2090.0,2090.0,0.0
2019-05-27,2010.0,2010.0,2010.0,0.0
2019-05-28,1950.0,1950.0,1950.0,0.0
2019-05-29,1880.0,1880.0,1880.0,0.0
2019-05-30,1810.0,1810.0,1810.0,0.0
2019-05-31,1740.0,1740.0,1740.0,0.0
2019-06-01,1720.0,1720.0,1706.2962962962963,0.0
2019-06-02,1690.0,1690.0,1673.4910836762688,0.0
2019-06-03,1670.0,1670.0,1642.2419092617993,0.0
2019-06-04,1580.0,1580.0,1580.0,0.0
2019-06-05,1620.0,1581.5,1553.7037037037037,38.5
2019-06-06,1910.0,1595.2625,1551.3237311385458,314.7375
2019-06-07,2280.0,1632.7428125,1576.5715338109026,647.2571875000001
2019-06-08,3270.0,1718.4121015624999,1672.8149103098933,1551.5878984375001
2019-06-09,5110.0,1903.7811939453122,1896.4431593552736,3206.218806054688
2019-06-10,7790.0,2244.747604399414,2297.883607563119,5545.252395600586
2019-06-11,6090.0,2596.8915340694575,2536.2277179739413,3493.1084659305425
2019-06-12,3570.0,2764.374669014248,2565.836262605984,805.625330985752
2019-06-13,2870.0,2798.546568838179,2540.8514234758,71.45343116182073
2019-06-14,2520.0,2520.0,2492.2540694502627,0.0
2019-06-15,2200.0,2200.0,2200.0,0.0
2019-06-16,2100.0,2100.0,2100.0,0.0
2019-06-17,2050.0,2050.0,2050.0,0.0
2019-06-18,3630.0,2109.25,2129.074074074074,1520.75
2019-06-19,5120.0,2279.1812499999996,2311.1968449931414,2840.8187500000004
2019-06-20,4540.0,2470.4926562499995,2433.493433419703,2069.5073437500005
2019-06-21,3140.0,2573.2057070312494,2440.762559954915,566.7942929687506
2019-06-22,3110.0,2614.590279003906,2445.1363969961267,495.4097209960943
2019-06-23,2840.0,2641.6210080786127,2429.105249126115,198.37899192138724
2019-06-24,2600.0,2600.0,2396.780689021845,0.0
2019-06-25,2750.0,2605.625,2378.5602548531556,144.375
2019-06-26,2390.0,2390.0,2335.3602312556413,0.0
2019-06-27,2210.0,2210.0,2210.0,0.0
2019-06-28,2090.0,2090.0,2090.0,0.0
2019-06-29,1980.0,1980.0,1980.0,0.0
2019-06-30,1870.0,1870.0,1870.0,0.0
2019-07-01,1780.0,1780.0,1780.0,0.0
2019-07-02,1680.0,1680.0,1680.0,0.0
2019-07-03,1840.0,1686.0,1660.7407407407406,154.0
2019-07-04,2050.0,1705.425,1658.8203017832645,344.57500000000005
2019-07-05,1810.0,1722.268125,1639.2999034699992,87.73187500000006
2019-07-06,2160.0,1741.973015625,1647.5128753709253,418.02698437500004
2019-07-07,2230.0,1775.9500394531249,1660.1505720958398,454.04996054687507
2019-07-08,1770.0,1770.0,1637.5440376425213,0.0
2019-07-09,1620.0,1620.0,1605.919589712658,0.0
2019-07-10,1540.0,1540.0,1540.0,0.0
2019-07-11,1780.0,1549.0,1529.2592592592591,231.0
2019-07-12,1820.0,1567.825,1522.4759945130315,252.175
2019-07-13,1890.0,1589.3631249999999,1521.505995021084,300.63687500000003
2019-07-14,2100.0,1619.7858906249999,1536.181365852465,480.214109375
2019-07-15,2200.0,1659.551948828125,1556.9053134587184,540.448051171875
2019-07-16,2150.0,1698.2105526660157,1572.006673323652,451.7894473339844
2019-07-17,1860.0,1721.2197612160644,1564.228277645536,138.7802387839356
2019-07-18,1910.0,1733.5032791248595,1560.8738074931714,176.49672087514043
2019-07-19,1710.0,1710.0,1543.0151216141742,0.0
2019-07-20,1480.0,1480.0,1480.0,0.0
2019-07-21,1410.0,1410.0,1410.0,0.0
2019-07-22,1550.0,1415.25,1394.2592592592594,134.75
2019-07-23,2540.0,1462.48125,1453.309327846365,1077.51875
2019-07-24,2300.0,1534.29515625,1489.1140197124423,765.70484375
2019-07-25,1720.0,1569.97301953125,1478.6404993686976,150.02698046875003
2019-07-26,1460.0,1460.0,1449.8774901678921,0.0
2019-07-27,1370.0,1370.0,1370.0,0.0
2019-07-28,1330.0,1330.0,1330.0,0.0
2019-07-29,1290.0,1290.0,1290.0,0.0
2019-07-30,1230.0,1230.0,1230.0,0.0
2019-07-31,1250.0,1230.75,1208.7037037037035,19.25
2019-08-01,1360.0,1236.31875,1197.5274348422497,123.68125
2019-08-02,1550.0,1252.71984375,1201.4600797642636,297.28015625
2019-08-03,1430.0,1270.51585546875,1196.1397020083132,159.48414453125002
2019-08-04,1560.0,1287.3521663085937,1200.941581451988,272.6478336914063
2019-08-05,2300.0,1335.550753835449,1260.1136572434707,964.4492461645508
2019-08-06,1800.0,1389.1344472977903,1276.7698000912974,410.8655527022096
2019-08-07,1570.0,1411.324363750456,1274.8466704532143,158.67563624954386
2019-08-08,1380.0,1380.0,1259.027534300139,0.0
2019-08-09,1210.0,1210.0,1210.0,0.0
2019-08-10,1250.0,1211.5,1190.5555555555557,38.5
2019-08-11,1230.0,1213.6375,1171.4300411522634,16.362500000000004
2019-08-12,1190.0,1190.0,1151.112444749276,0.0
2019-08-13,1230.0,1191.5,1135.639070235454,38.5
2019-08-14,1170.0,1170.0,1117.1539711395787,0.0
2019-08-15,1430.0,1179.75,1119.6397145525807,250.25
2019-08-16,1210.0,1190.26875,1105.5990002421565,19.731250000000017
2019-08-17,1170.0,1170.0,1089.8953891086237,0.0
2019-08-18,1130.0,1130.0,1072.6828530800474,0.0
2019-08-19,1180.0,1131.875,1060.767774091154,48.125
2019-08-20,1240.0,1137.734375,1054.4003876012323,102.265625
2019-08-21,1160.0,1142.404296875,1042.6966480085255,17.595703125
2019-08-22,1490.0,1156.098974609375,1056.5210324521806,333.901025390625
2019-08-23,3040.0,1239.2665515136719,1183.880196114016,1800.7334484863281
2019-08-24,3640.0,1396.821560150146,1343.891289066422,2243.178439849854
2019-08-25,1970.0,1502.434943138885,1365.3828363750865,467.56505686111495
2019-08-26,1520.0,1520.0,1351.5510922662825,0.0
2019-08-27,1400.0,1400.0,1330.111176315701,0.0
2019-08-28,1450.0,1401.875,1314.3601414716545,48.125
2019-08-29,1320.0,1320.0,1290.437906150205,0.0
2019-08-30,1180.0,1180.0,1180.0,0.0
2019-08-31,1100.0,1100.0,1100.0,0.0
2019-09-01,1060.0,1060.0,1060.0,0.0
2019-09-02,1030.0,1030.0,1030.0,0.0
2019-09-03,996.0,996.0,996.0,0.0
2019-09-04,965.0,965.0,965.0,0.0
2019-09-05,935.0,935.0,935.0,0.0
2019-09-06,896.0,896.0,896.0,0.0
2019-09-07,860.0,860.0,860.0,0.0
2019-09-08,840.0,840.0,840.0,0.0
2019-09-09,826.0,826.0,823.4074074074074,0.0
2019-09-10,815.0,815.0,807.5363511659808,0.0
2019-09-11,796.0,796.0,791.7274297617233,0.0
2019-09-12,792.0,792.0,777.0860010800824,0.0
2019-09-13,792.0,792.0,763.800260239334,0.0
2019-09-14,959.0,798.2625,764.1150509579141,160.7375
2019-09-15,1380.0,826.1053125,795.5858795729222,553.8946875
2019-09-16,1210.0,861.2724140624999,811.5501499828367,348.72758593750007
2019-09-17,904.0,875.9519830078125,803.3695805399815,28.04801699218757
2019-09-18,834.0,834.0,790.7612860455388,0.0
2019-09-19,821.0,821.0,778.3574632635446,0.0
2019-09-20,813.0,813.0,766.5095499984016,0.0
2019-09-21,798.0,798.0,754.6475546281791,0.0
2019-09-22,771.0,771.0,741.8838921626069,0.0
2019-09-23,743.0,743.0,728.2279762216248,0.0
2019-09-24,723.0,723.0,714.3550154603631,0.0
2019-09-25,709.0,709.0,700.7295510658851,0.0
2019-09-26,691.0,691.0,687.0323704116364,0.0
2019-09-27,680.0,680.0,673.788632410559,0.0
2019-09-28,737.0,682.1375,665.9933886688406,54.862500000000004
2019-09-29,964.0,694.7646875,675.7347415698739,269.2353125
2019-09-30,792.0,708.5073359375,671.8333766097003,83.49266406250001
2019-10-01,995.0,722.3817857421875,683.3302861828762,272.6182142578125
2019-10-02,797.0,735.4031518115235,679.0960004252025,61.59684818847654
2019-10-03,732.0,732.0,670.4389633487949,0.0
2019-10-04,686.0,686.0,659.1760963720546,0.0
2019-10-05,669.0,669.0,647.696828189457,0.0
2019-10-06,673.0,669.15,637.576751505248,3.85
2019-10-07,712.0,670.90125,631.2826078473546,41.09875
2019-10-08,784.0,676.68365625,630.9045886022292,107.31634375
2019-10-09,886.0,688.55738203125,638.1171266946153,197.44261796875
2019-10-10,859.0,702.3530783789063,642.6618371858547,156.64692162109375
2019-10-11,764.0,710.5390975004883,639.7487041130904,53.46090249951172
2019-10-12,712.0,712.0,633.2534537322487,0.0
2019-10-13,697.0,697.0,626.248504312596,0.0
2019-10-14,798.0,700.7875,627.3736428021704,97.2125
2019-10-15,813.0,708.6409375,629.5057129130805,104.35906250000001
2019-10-16,719.0,712.9428671875,624.4774061618695,6.057132812500001
2019-10-17,698.0,698.0,618.3591278135482,0.0
2019-10-18,682.0,682.0,611.6221715345159,0.0
2019-10-19,734.0,683.95,609.360859355394,50.050000000000004
2019-10-20,1990.0,734.8037499999998,700.3459649706355,1255.1962500000002
2019-10-21,1780.0,821.0684687499997,767.3509682140951,958.9315312500003
2019-10-22,1720.0,890.7383335937498,823.7073600461235,829.2616664062502
2019-10-23,1960.0,961.9329585742184,892.6233452270382,998.0670414257816
2019-10-24,1350.0,1013.912986681152,909.973035483794,336.087013318848
2019-10-25,1070.0,1028.6195126800656,904.9755321982575,41.38048731993439
2019-10-26,1270.0,1039.2230492290607,915.2555755132337,230.77695077093932
2019-10-27,3900.0,1155.1563205368811,1119.3985777805271,2744.843679463119
2019-10-28,3570.0,1348.6445964966151,1280.1950057638119,2221.355403503385
2019-10-29,2110.0,1460.496251759369,1317.9547274523477,649.503748240631
2019-10-30,2010.0,1505.4590328774161,1344.8107712067601,504.54096712258377
2019-10-31,7100.0,1734.1746054116102,1746.2171812802087,5365.82539458839
2019-11-01,7590.0,2154.9865100057395,2146.7526274579673,5435.01348999426
2019-11-02,6960.0,2538.987521755309,2463.53479158223,4421.012478244691
2019-11-03,5140.0,2802.3134576236607,2616.1704590283202,2337.6865423763393
2019-11-04,2560.0,2560.0,2560.0,0.0
2019-11-05,2020.0,2020.0,2020.0,0.0
2019-11-06,1800.0,1800.0,1800.0,0.0
2019-11-07,1680.0,1680.0,1680.0,0.0
2019-11-08,1640.0,1640.0,1640.0,0.0
2019-11-09,1530.0,1530.0,1530.0,0.0
2019-11-10,1420.0,1420.0,1420.0,0.0
2019-11-11,1360.0,1360.0,1360.0,0.0
2019-11-12,1440.0,1363.0,1340.7407407407409,77.0
2019-11-13,1610.0,1375.15,1335.857338820302,234.85000000000002
2019-11-14,1370.0,1370.0,1313.6483259665702,0.0
2019-11-15,1290.0,1290.0,1287.5697772659619,0.0
2019-11-16,1270.0,1270.0,1262.4244275191134,0.0
2019-11-17,1250.0,1250.0,1238.1258694154917,0.0
2019-11-18,1220.0,1220.0,1213.854955580724,0.0
2019-11-19,1190.0,1190.0,1189.6091263602864,0.0
2019-11-20,1160.0,1160.0,1160.0,0.0
2019-11-21,1110.0,1110.0,1110.0,0.0
2019-11-22,1090.0,1090.0,1087.962962962963,0.0
2019-11-23,1380.0,1100.875,1089.4478737997256,279.125
2019-11-24,2790.0,1174.684375,1195.239737336788,1615.315625
2019-11-25,2070.0,1268.833046875,1237.9027246204187,801.166953125
2019-11-26,1610.0,1311.670568359375,1242.5413612296393,298.329431640625
2019-11-27,1570.0,1332.545275732422,1243.787531486154,237.45472426757811
2019-11-28,1630.0,1352.6043800524903,1249.362760052251,277.3956199475098
2019-11-29,1470.0,1367.4090515485534,1242.5699118992645,102.59094845144654
2019-11-30,1410.0,1372.8533726824119,1231.9615867234065,37.146627317588056
2019-12-01,3600.0,1457.764369731231,1384.557736100869,2142.235630268769
2019-12-02,3240.0,1604.9320420013885,1496.357945721159,1635.0679579986115
2019-12-03,2310.0,1692.6871388512843,1528.917395191422,617.3128611487157
2019-12-04,1990.0,1726.985603437438,1534.758377118142,263.01439656256207
2019-12-05,1800.0,1739.5866831796302,1525.9844533109067,60.413316820369914
2019-12-06,1660.0,1660.0,1507.6525594858226,0.0
2019-12-07,1570.0,1570.0,1484.3513965704685,0.0
2019-12-08,1490.0,1490.0,1457.2818228139436,0.0
2019-12-09,1390.0,1390.0,1390.0,0.0
2019-12-10,1630.0,1399.0,1382.0370370370372,231.0
2019-12-11,2080.0,1433.2,1408.1447187928673,646.8
2019-12-12,1810.0,1471.585,1411.8350226083426,338.41499999999996
2019-12-13,1810.0,1496.966125,1415.1836316260885,313.03387499999997
2019-12-14,3590.0,1587.193665625,1550.0740361051546,2002.806334375
2019-12-15,3490.0,1733.654140703125,1665.067180910233,1756.345859296875
2019-12-16,2490.0,1827.8800801503905,1695.3387382333597,662.1199198496095
2019-12-17,3050.0,1898.539074139111,1764.2888550636044,1151.460925860889
2019-12-18,3410.0,1998.3986435786778,1853.5213684836413,1411.6013564213222
2019-12-19,2700.0,2077.643745310277,1881.8990195499707,622.3562546897231
2019-12-20,2360.0,2111.570464412006,1882.4639251471956,248.42953558799388
2019-12-21,2150.0,2122.3276795811057,1867.420969115048,27.672320418894344
2019-12-22,2010.0,2010.0,1843.4005090118028,0.0
2019-12-23,3430.0,2063.25,1926.7893507699694,1366.75
2019-12-24,4800.0,2217.13125,2103.9384849579355,2582.86875
2019-12-25,3530.0,2363.2214062499997,2170.6108474618304,1166.7785937500003
2019-12-26,2830.0,2424.4798007812497,2179.2579912153647,405.52019921875035
2019-12-27,2480.0,2441.7688157226557,2161.178547584312,38.231184277344084
2019-12-28,2270.0,2270.0,2129.217570956135,0.0
2019-12-29,2300.0,2271.125,2102.438166237974,28.875
2019-12-30,3260.0,2309.290625,2149.2494471418654,950.709375
2019-12-31,3750.0,2398.968828125,2228.0226464805814,1351.031171875
2020-01-01,2980.0,2471.421166015625,2242.464994028676,508.578833984375
2020-01-02,2570.0,2494.189578564453,2225.1997168037983,75.81042143554691
2020-01-03,3610.0,2538.875360172119,2286.5701133960392,1071.1246398278809
2020-01-04,4150.0,2639.45970815921,2382.2580658593693,1510.54029184079
2020-01-05,3540.0,2729.8752300472693,2423.900837539057,810.1247699527307
2020-01-06,3000.0,2770.3845877937238,2421.687797026181,229.615412206276
2020-01-07,2720.0,2720.0,2398.9389269311646,0.0
2020-01-08,2570.0,2570.0,2367.1853225856867,0.0
2020-01-09,2340.0,2340.0,2321.3348297536786,0.0
2020-01-10,2200.0,2200.0,2200.0,0.0
2020-01-11,3100.0,2233.75,2225.9259259259256,866.25
2020-01-12,9410.0,2535.34375,2716.858710562414,6874.65625
2020-01-13,8620.0,3021.3179687499996,3103.816237362191,5598.68203125
2020-01-14,7850.0,3412.344121093749,3397.9073264953217,4437.655878906251
2020-01-15,6500.0,3694.5433120117177,3564.7677592272366,2805.4566879882823
2020-01-16,4470.0,3828.8275636108388,3565.807781521011,641.1724363891612
2020-01-17,3650.0,3650.0,3506.01076471351,0.0
2020-01-18,3290.0,3290.0,3290.0,0.0
2020-01-19,3230.0,3230.0,3224.6296296296296,0.0
2020-01-20,2980.0,2980.0,2980.0,0.0
2020-01-21,2720.0,2720.0,2720.0,0.0
2020-01-22,2560.0,2560.0,2560.0,0.0
2020-01-23,2470.0,2470.0,2470.0,0.0
2020-01-24,3980.0,2526.625,2536.1111111111113,1453.375
2020-01-25,6360.0,2724.878125,2772.397119341564,3635.121875
2020-01-26,5820.0,2977.262265625,2946.804793476605,2842.737734375
2020-01-27,4150.0,3127.842595703125,2981.3599051917345,1022.157404296875
2020-01-28,3360.0,3174.8794010253905,2954.1969510073145,185.1205989746095
2020-01-29,3000.0,3000.0,2902.882418506637,0.0
2020-01-30,2720.0,2720.0,2720.0,0.0
2020-01-31,2610.0,2610.0,2610.0,0.0
2020-02-01,2610.0,2610.0,2561.6666666666665,0.0
2020-02-02,2500.0,2500.0,2500.0,0.0
2020-02-03,2380.0,2380.0,2380.0,0.0
2020-02-04,2350.0,2350.0,2333.7037037037035,0.0
2020-02-05,2530.0,2356.75,2305.0274348422495,173.25
2020-02-06,10600.0,2672.3687499999996,2876.7841538383377,7927.63125
2020-02-07,15300.0,3443.1910937499997,3743.7485840384925,11856.80890625
2020-02-08,12100.0,4212.4517617187485,4293.401492923817,7887.5482382812515
2020-02-09,10000.0,4725.267879589842,4636.605058393835,5274.732120410158
2020-02-10,7400.0,5023.372788620603,4755.437923357369,2376.6272113793966
2020-02-11,6400.0,5164.119829474058,4789.193671194649,1235.880170525942
2020-02-12,6460.0,5259.060842263503,4824.268331269219,1200.9391577364966
2020-02-13,8300.0,5418.131279093741,4992.3916339294765,2881.868720906259
2020-02-14,8870.0,5655.64643316171,5187.170186343414,3214.3535668382897
2020-02-15,7600.0,5849.0979506745825,5269.839613533839,1750.902049325418
2020-02-16,6710.0,5947.040604373989,5278.928538206632,762.9593956260117
2020-02-17,5270.0,5270.0,5180.509229113425,0.0
2020-02-18,4350.0,4350.0,4350.0,0.0
2020-02-19,4260.0,4260.0,4260.0,0.0
2020-02-20,3980.0,3980.0,3980.0,0.0
2020-02-21,3810.0,3810.0,3810.0,0.0
2020-02-22,3510.0,3510.0,3510.0,0.0
2020-02-23,3320.0,3320.0,3320.0,0.0
2020-02-24,3230.0,3230.0,3230.0,0.0
2020-02-25,3840.0,3252.875,3215.37037037037,587.125
2020-02-26,3780.0,3294.659375,3197.650891632373,485.34062500000005
2020-02-27,3400.0,3316.809921875,3153.423957221968,83.19007812500007
2020-02-28,3160.0,3160.0,3095.5143315532673,0.0
2020-02-29,3030.0,3030.0,3030.0,0.0
2020-03-01,2870.0,2870.0,2870.0,0.0
2020-03-02,2770.0,2770.0,2770.0,0.0
2020-03-03,3350.0,2791.75,2761.6666666666665,558.25
2020-03-04,3520.0,2839.99375,2766.6975308641977,680.00625
2020-03-05,2990.0,2871.11921875,2732.0033150434388,118.88078125000004
2020-03-06,2840.0,2840.0,2689.4104155023797,0.0
2020-03-07,2690.0,2690.0,2639.650191844752,0.0
2020-03-08,2550.0,2550.0,2550.0,0.0
2020-03-09,2480.0,2480.0,2480.0,0.0
2020-03-10,2450.0,2450.0,2431.8518518518517,0.0
2020-03-11,2420.0,2420.0,2385.939643347051,0.0
2020-03-12,2380.0,2380.0,2341.315602296398,0.0
2020-03-13,2320.0,2320.0,2296.3789724541393,0.0
2020-03-14,2240.0,2240.0,2240.0,0.0
2020-03-15,2160.0,2160.0,2160.0,0.0
2020-03-16,2120.0,2120.0,2117.037037037037,0.0
2020-03-17,2230.0,2124.125,2086.200274348422,105.875
2020-03-18,2290.0,2134.315625,2062.6632119087535,155.684375
2020-03-19,2190.0,2142.241953125,2033.8980996949801,47.75804687499999
2020-03-20,2150.0,2144.323806640625,2004.833460834334,5.676193359374992
2020-03-21,2120.0,2120.0,1976.23777001634,0.0
2020-03-22,2000.0,2000.0,1941.4009394592713,0.0
2020-03-23,2510.0,2019.125,1947.5675191389682,490.875
2020-03-24,3150.0,2079.940625,2000.5705266261007,1070.059375
2020-03-25,6700.0,2293.320078125,2311.6288111977583,4406.679921875
2020-03-26,5520.0,2579.5710722656245,2506.4779953461143,2940.4289277343755
2020-03-27,3780.0,2734.8532418457025,2554.3966994807333,1045.1467581542975
2020-03-28,3160.0,2789.989248707275,2551.9525606399247,370.0107512927252
2020-03-29,2890.0,2807.6150550542293,2529.7347309510424,82.38494494577083
2020-03-30,2680.0,2680.0,2494.0185521592794,0.0
2020-03-31,2540.0,2540.0,2451.2390565889755,0.0
2020-04-01,2480.0,2480.0,2407.976180978885,0.0
2020-04-02,2330.0,2330.0,2330.0,0.0
2020-04-03,2220.0,2220.0,2220.0,0.0
2020-04-04,2140.0,2140.0,2140.0,0.0
2020-04-05,2090.0,2090.0,2090.0,0.0
2020-04-06,2030.0,2030.0,2030.0,0.0
2020-04-07,1910.0,1910.0,1910.0,0.0
2020-04-08,1870.0,1870.0,1870.0,0.0
2020-04-09,1830.0,1830.0,1830.0,0.0
2020-04-10,1760.0,1760.0,1760.0,0.0
2020-04-11,1680.0,1680.0,1680.0,0.0
2020-04-12,1880.0,1687.5,1663.7037037037037,192.5
2020-04-13,10600.0,2028.9375,2294.842249657065,8571.0625
2020-04-14,8160.0,2580.2671874999996,2686.801300614745,5579.7328125
2020-04-15,6870.0,2950.372148437499,2946.912291298565,3919.627851562501
2020-04-16,5530.0,3194.0942373046864,3083.6796717338834,2335.9057626953136
2020-04-17,3490.0,3292.7871695068347,3056.6722947214867,197.21283049316526
2020-04-18,3200.0,3200.0,3010.684119284312,0.0
2020-04-19,2960.0,2960.0,2951.17633046169,0.0
2020-04-20,3290.0,2972.375,2921.6229665300525,317.625
2020-04-21,3100.0,2989.071875,2880.7319511106034,110.92812500000002
2020-04-22,2740.0,2740.0,2740.0,0.0
2020-04-23,2960.0,2748.25,2705.555555555555,211.75
2020-04-24,3440.0,2782.13125,2709.8559670781888,657.86875
2020-04-25,3180.0,2821.7214062499997,2694.4989330894673,358.27859375
2020-04-26,2980.0,2841.09230078125,2665.74903187748,138.90769921875005
2020-04-27,2810.0,2810.0,2627.068565962898,0.0
2020-04-28,2610.0,2610.0,2577.154809855222,0.0
2020-04-29,3130.0,2629.5,2570.3812163501093,500.5
2020-04-30,8580.0,2871.4125000000004,2967.938511132507,5708.5875
2020-05-01,7110.0,3244.4315625,3219.7960563980155,3865.5684375
2020-05-02,4830.0,3448.8491953125,3279.444569694496,1381.1508046875
2020-05-03,3700.0,3510.0605056640625,3249.866368796857,189.93949433593775
2020-05-04,3300.0,3300.0,3193.3972605749254,0.0
2020-05-05,3130.0,3130.0,3129.564180892062,0.0
2020-05-06,3180.0,3131.875,3075.345275253908,48.125
2020-05-07,3020.0,3020.0,3014.294786804472,0.0
2020-05-08,2720.0,2720.0,2720.0,0.0
2020-05-09,2630.0,2630.0,2630.0,0.0
2020-05-10,2490.0,2490.0,2490.0,0.0
2020-05-11,2390.0,2390.0,2390.0,0.0
2020-05-12,2310.0,2310.0,2310.0,0.0
2020-05-13,2250.0,2250.0,2250.0,0.0
2020-05-14,2210.0,2210.0,2205.3703703703704,0.0
2020-05-15,2160.0,2160.0,2160.0,0.0
2020-05-16,2070.0,2070.0,2070.0,0.0
2020-05-17,2020.0,2020.0,2020.0,0.0
2020-05-18,2490.0,2037.625,2017.4074074074074,452.375
2020-05-19,5210.0,2173.553125,2216.5363511659807,3036.446875
2020-05-20,8670.0,2531.0366406249996,2653.52372605802,6138.963359375
2020-05-21,11400.0,3093.8338925781245,3252.271529200796,8306.166107421875
2020-05-22,9860.0,3659.046350634765,3681.5056468673893,6200.953649365235
2020-05-23,7910.0,4050.9928743371574,3926.551420305594,3859.0071256628426
2020-05-24,5610.0,4254.1684087618705,3978.537399906928,1355.8315912381295
2020-05-25,5050.0,4334.85577810473,3984.228381397027,715.1442218952698
2020-05-26,4340.0,4340.0,3936.799827563969,0.0
2020-05-27,4240.0,4240.0,3886.3553990858236,0.0
2020-05-28,4070.0,4070.0,3827.9891584297293,0.0
2020-05-29,3910.0,3910.0,3763.1753474640136,0.0
2020-05-30,3550.0,3550.0,3550.0,0.0
2020-05-31,3240.0,3240.0,3240.0,0.0
2020-06-01,2940.0,2940.0,2940.0,0.0
2020-06-02,2770.0,2770.0,2770.0,0.0
2020-06-03,2650.0,2650.0,2650.0,0.0
2020-06-04,2600.0,2600.0,2597.222222222222,0.0
2020-06-05,2610.0,2600.375,2550.072016460905,9.625
2020-06-06,2830.0,2609.346875,2523.583866788599,220.653125
2020-06-07,2460.0,2460.0,2460.0,0.0
2020-06-08,2340.0,2340.0,2340.0,0.0
2020-06-09,2290.0,2290.0,2290.0,0.0
2020-06-10,2400.0,2294.125,2255.740740740741,105.875
2020-06-11,2810.0,2317.440625,2255.0240054869687,492.559375
2020-06-12,2690.0,2349.882578125,2245.4847457196565,340.117421875
2020-06-13,2230.0,2230.0,2202.75467667154,0.0
2020-06-14,2150.0,2150.0,2150.0,0.0
2020-06-15,2530.0,2164.25,2138.3333333333335,365.75
2020-06-16,2240.0,2180.80625,2106.265432098766,59.19375000000002
2020-06-17,2160.0,2160.0,2071.240855052584,0.0
2020-06-18,2070.0,2070.0,2032.7926277329004,0.0
2020-06-19,2180.0,2074.125,2006.0525696094837,105.875
2020-06-20,2250.0,2084.690625,1986.9736279789756,165.309375
2020-06-21,2120.0,2092.213828125,1960.0316253883298,27.786171875000008
2020-06-22,2290.0,2100.672791015625,1948.1768452597807,189.327208984375
2020-06-23,2170.0,2110.372331689453,1928.5308410690602,59.62766831054688
2020-06-24,2070.0,2070.0,1903.2965039330363,0.0
2020-06-25,1900.0,1900.0,1867.8060869021997,0.0
2020-06-26,1770.0,1770.0,1770.0,0.0
2020-06-27,1700.0,1700.0,1700.0,0.0
2020-06-28,1690.0,1690.0,1667.7777777777778,0.0
2020-06-29,1680.0,1680.0,1637.798353909465,0.0
2020-06-30,1650.0,1650.0,1608.3725803993295,0.0
2020-07-01,1740.0,1653.375,1588.3380822142065,86.625
2020-07-02,1760.0,1660.621875,1571.640111638817,99.378125
2020-07-03,1620.0,1620.0,1546.117879079667,0.0
2020-07-04,1720.0,1623.75,1530.3662236093276,96.25
2020-07-05,1630.0,1627.59375,1509.4063880899455,2.40625
2020-07-06,1480.0,1480.0,1479.2761669705062,0.0
2020-07-07,1450.0,1450.0,1449.7135589176817,0.0
2020-07-08,1580.0,1454.875,1432.5178590178964,125.125
2020-07-09,1560.0,1463.509375,1415.432872071795,96.49062500000001
2020-07-10,1940.0,1484.996171875,1428.0779765095917,455.00382812500004
2020-07-11,2290.0,1532.2464589843748,1465.4781638698148,757.753541015625
2020-07-12,1520.0,1520.0,1442.378333881869,0.0
2020-07-13,1430.0,1430.0,1414.7507103742885,0.0
2020-07-14,1330.0,1330.0,1330.0,0.0
2020-07-15,1270.0,1270.0,1270.0,0.0
2020-07-16,1230.0,1230.0,1230.0,0.0
2020-07-17,1230.0,1230.0,1207.2222222222222,0.0
2020-07-18,1330.0,1233.75,1193.9609053497943,96.25
2020-07-19,1440.0,1245.09375,1190.0756363359244,194.90625
2020-07-20,1690.0,1269.08671875,1205.068632971487,420.91328125
2020-07-21,1450.0,1291.65521484375,1200.895611400053,158.34478515625005
2020-07-22,1630.0,1310.2810737304687,1210.442314048196,319.71892626953127
2020-07-23,1550.0,1331.2599932006835,1213.1791368215113,218.74000679931646
2020-07-24,1720.0,1354.0404937106323,1228.2551426713715,365.9595062893677
2020-07-25,1730.0,1381.8624566823348,1242.6759627943925,348.1375433176651
2020-07-26,2110.0,1422.2227724311597,1283.9096699430597,687.7772275688403
2020-07-27,1670.0,1457.3060644988227,1288.7328486520355,212.6939355011773
2020-07-28,1720.0,1475.133109661411,1296.8131404435137,244.866890338589
2020-07-29,1670.0,1491.6231264368053,1300.4415533654108,178.37687356319483
2020-07-30,1810.0,1510.2513919540447,1314.104372498243,299.7486080459552
2020-07-31,2120.0,1544.3575375574915,1349.4650787484059,575.6424624425085
2020-08-01,3040.0,1622.0307222406796,1449.6997936791092,1417.9692777593204
2020-08-02,1940.0,1687.1284180726286,1459.1720350051176,252.87158192737138
2020-08-03,2260.0,1718.0937867171815,1491.4709206527918,541.9062132828185
2020-08-04,2990.0,1786.111752713393,1574.8532428145704,1203.888247286607
2020-08-05,3290.0,1887.6533712598884,1672.7372018132214,1402.3466287401116
2020-08-06,3120.0,1986.4543684153969,1748.9652386823675,1133.5456315846031
2020-08-07,2700.0,2055.720290784242,1787.0240128784446,644.279709215758
2020-08-08,2900.0,2111.541268975424,1836.3736413156257,788.4587310245762
2020-08-09,2960.0,2172.925673802267,1885.5983041567717,787.0743261977331
2020-08-10,2310.0,2207.5812482670967,1882.1169796978115,102.41875173290316
2020-08-11,1850.0,1850.0,1844.8839260220882,0.0
2020-08-12,1720.0,1720.0,1720.0,0.0
2020-08-13,3210.0,1775.875,1798.5185185185182,1434.125
2020-08-14,3370.0,1889.434375,1881.6186556927296,1480.565625
2020-08-15,3390.0,2001.226796875,1958.5058172026622,1388.773203125
2020-08-16,3570.0,2112.134787109375,2041.6071304246382,1457.8652128906251
2020-08-17,2520.0,2182.0996780761716,2039.2360998297643,337.9003219238282
2020-08-18,2080.0,2080.0,2004.4920165121935,0.0
2020-08-19,2120.0,2081.5,1975.9279409092126,38.5
2020-08-20,2230.0,2088.5125,1958.1568352694708,141.4875
2020-08-21,3750.0,2156.1240625,2054.623794966742,1593.8759375
2020-08-22,5210.0,2330.4147578125003,2250.306776914266,2879.5852421874997
2020-08-23,4730.0,2528.3836509765624,2392.315408681464,2201.6163490234376
2020-08-24,3620.0,2651.87987715332,2438.952870840588,968.1201228466798
2020-08-25,3010.0,2701.613886366821,2436.086864281274,308.38611363317887
2020-08-26,3020.0,2725.1178448893097,2434.226969440415,294.88215511069046
2020-08-27,2650.0,2650.0,2405.1318796774135,0.0
2020-08-28,2310.0,2310.0,2310.0,0.0
2020-08-29,2450.0,2315.25,2277.5925925925926,134.75
2020-08-30,2530.0,2328.35625,2254.111796982167,201.64375
2020-08-31,2700.0,2349.85453125,2245.3977417060405,350.14546875
2020-09-01,3500.0,2406.11544140625,2296.749802659185,1093.8845585937502
2020-09-02,2670.0,2457.031783300781,2281.8655616722235,212.96821669921894
2020-09-03,2310.0,2310.0,2241.6928244803507,0.0
2020-09-04,2050.0,2050.0,2050.0,0.0
2020-09-05,1840.0,1840.0,1840.0,0.0
2020-09-06,1710.0,1710.0,1710.0,0.0
2020-09-07,1620.0,1620.0,1620.0,0.0
2020-09-08,1560.0,1560.0,1560.0,0.0
2020-09-09,1500.0,1500.0,1500.0,0.0
2020-09-10,1700.0,1507.5,1487.0370370370372,192.5
2020-09-11,1620.0,1518.9375,1469.3484224965707,101.0625
2020-09-12,1890.0,1536.6421875,1473.2976426357773,353.3578125
2020-09-13,4470.0,1659.8940234375,1667.992305354687,2810.1059765625
2020-09-14,5120.0,1895.0269716796874,1892.8078326366608,3224.9730283203126
2020-09-15,4770.0,2123.7749488037107,2070.8811814665996,2646.2250511962893
2020-09-16,3190.0,2262.9918276434323,2115.429220219692,927.0081723565677
2020-09-17,5720.0,2427.3924405701746,2343.259847977128,3292.6075594298254
2020-09-18,8740.0,2787.588007527411,2773.6987509422092,5952.411992472589
2020-09-19,7950.0,3204.393906962855,3105.763681410524,4745.606093037145
2020-09-20,6380.0,3501.4393639406408,3290.7855627614017,2878.5606360593592
2020-09-21,3810.0,3620.9564116450924,3268.3054180612717,189.04358835490757
2020-09-22,2980.0,2980.0,2980.0,0.0
2020-09-23,2610.0,2610.0,2610.0,0.0
2020-09-24,2430.0,2430.0,2430.0,0.0
2020-09-25,6250.0,2573.25,2667.962962962963,3676.75
2020-09-26,5490.0,2820.50625,2827.596021947874,2669.49375
2020-09-27,3840.0,2958.84328125,2850.2260199156635,881.15671875
2020-09-28,3260.0,3003.18003515625,2827.7976847382874,256.81996484375
2020-09-29,4240.0,3059.1915325195314,2880.0386398551127,1180.8084674804688
2020-09-30,5320.0,3188.2521675805665,3007.442469498158,2131.7478324194335
2020-10-01,4300.0,3309.883255012024,3047.4940926927734,990.1167449879761
2020-10-02,3230.0,3230.0,3004.5779729989977,0.0
2020-10-03,2800.0,2800.0,2800.0,0.0
2020-10-04,2560.0,2560.0,2560.0,0.0
2020-10-05,2410.0,2410.0,2410.0,0.0
2020-10-06,2270.0,2270.0,2270.0,0.0
2020-10-07,2170.0,2170.0,2170.0,0.0
2020-10-08,2080.0,2080.0,2080.0,0.0
2020-10-09,1980.0,1980.0,1980.0,0.0
2020-10-10,2510.0,1999.875,1982.5925925925926,510.125
2020-10-11,6330.0,2181.3843749999996,2267.9080932784636,4148.615625
2020-10-12,6630.0,2503.7805468749993,2549.0277142711984,4126.219453125001
2020-10-13,5840.0,2783.622005859374,2745.599222209051,3056.377994140626
2020-10-14,4240.0,2952.850355419921,2805.4511460785834,1287.149644580079
2020-10-15,3240.0,3011.8865787634268,2785.687151071307,228.11342123657323
2020-10-16,2890.0,2890.0,2741.8272296758155,0.0
2020-10-17,2660.0,2660.0,2660.0,0.0
2020-10-18,2470.0,2470.0,2470.0,0.0
2020-10-19,2370.0,2370.0,2370.0,0.0
2020-10-20,2270.0,2270.0,2270.0,0.0
2020-10-21,2170.0,2170.0,2170.0,0.0
2020-10-22,2100.0,2100.0,2100.0,0.0
2020-10-23,2040.0,2040.0,2040.0,0.0
2020-10-24,2100.0,2042.25,2006.6666666666667,57.75
2020-10-25,3660.0,2105.08125,2091.9753086419755,1554.91875
2020-10-26,2850.0,2191.32515625,2109.385002286237,658.67484375
2020-10-27,2350.0,2221.97576953125,2088.1456502226965,128.02423046875003
2020-10-28,2630.0,2242.0775868164064,2089.613645572447,387.9224131835938
2020-10-29,11800.0,2615.0467678051755,2770.2049746861103,9184.953232194825
2020-10-30,11400.0,3288.918260219787,3358.1489585114705,8111.081739780213
2020-10-31,10200.0,3852.249390703303,3802.7647956863348,6347.750609296697
2020-11-01,8660.0,4270.580686400555,4092.1384257153777,4389.419313599445
2020-11-02,5940.0,4497.787134920513,4153.23671963062,1442.2128650794866
2020-11-03,3870.0,3870.0,3870.0,0.0
2020-11-04,3420.0,3420.0,3420.0,0.0
2020-11-05,3150.0,3150.0,3150.0,0.0
2020-11-06,2970.0,2970.0,2970.0,0.0
2020-11-07,2820.0,2820.0,2820.0,0.0
2020-11-08,2700.0,2700.0,2700.0,0.0
2020-11-09,2610.0,2610.0,2610.0,0.0
2020-11-10,2540.0,2540.0,2540.0,0.0
2020-11-11,4040.0,2596.25,2604.074074074074,1443.75
2020-11-12,6700.0,2804.28125,2859.2524005486966,3895.71875
2020-11-13,6610.0,3093.0851562499997,3084.1364375349285,3516.9148437500003
2020-11-14,5450.0,3313.35376953125,3202.2719525779908,2136.64623046875
2020-11-15,3990.0,3418.852236816406,3201.320845857806,571.147763183594
2020-11-16,3490.0,3442.9383190551757,3163.4207675376388,47.06168094482439
2020-11-17,3160.0,3160.0,3104.5855112841537,0.0
2020-11-18,2930.0,2930.0,2930.0,0.0
2020-11-19,2770.0,2770.0,2770.0,0.0
2020-11-20,2670.0,2670.0,2670.0,0.0
2020-11-21,2590.0,2590.0,2590.0,0.0
2020-11-22,2510.0,2510.0,2510.0,0.0
2020-11-23,2430.0,2430.0,2430.0,0.0
2020-11-24,2330.0,2330.0,2330.0,0.0
2020-11-25,2260.0,2260.0,2260.0,0.0
2020-11-26,2720.0,2277.25,2252.222222222222,442.75
2020-11-27,2870.0,2316.08125,2256.275720164609,553.91875
2020-11-28,2460.0,2342.25015625,2229.583523853071,117.74984375000008
2020-11-29,2310.0,2310.0,2194.2517160888974,0.0
2020-11-30,3390.0,2350.5,2242.1913720065922,1039.5
2020-12-01,3520.0,2433.3375,2295.3218005245003,1086.6625
2020-12-02,2790.0,2487.4621875000003,2289.4586708463057,302.5378125
2020-12-03,2530.0,2500.4025234375,2264.8791642864626,29.597476562499992
2020-12-04,2500.0,2500.0,2240.35331574142,0.0
2020-12-05,3360.0,2532.25,2281.8020828023996,827.75
2020-12-06,2870.0,2575.95625,2283.1167047651406,294.04375000000005
2020-12-07,2590.0,2587.50953125,2263.5688617313313,2.4904687500000477
2020-12-08,2440.0,2440.0,2234.719893052504,0.0
2020-12-09,2320.0,2320.0,2199.653236288383,0.0
2020-12-10,2260.0,2260.0,2163.3890477431623,0.0
2020-12-11,2200.0,2200.0,2126.038209989166,0.0
2020-12-12,2150.0,2150.0,2088.4420794346133,0.0
2020-12-13,2120.0,2120.0,2052.104849857334,0.0
2020-12-14,4280.0,2201.0,2179.132178574248,2079.0
2020-12-15,4810.0,2376.8,2333.6569768544105,2433.2
2020-12-16,3430.0,2507.54,2371.6517012197432,922.46
2020-12-17,3520.0,2580.0995,2412.795062217915,939.9005000000001
2020-12-18,3070.0,2633.7170374999996,2416.7955194199603,436.28296250000017
2020-12-19,2740.0,2654.0632596875,2395.981119473668,85.93674031250015
2020-12-20,2600.0,2600.0,2366.7236084112915,0.0
2020-12-21,2490.0,2490.0,2332.0269780028384,0.0
2020-12-22,2330.0,2330.0,2288.691146706279,0.0
2020-12-23,2210.0,2210.0,2210.0,0.0
2020-12-24,3130.0,2244.5,2237.222222222222,885.5
2020-12-25,6250.0,2427.9125,2493.034979423868,3822.0875
2020-12-26,5250.0,2677.0690624999997,2651.0872961438804,2572.9309375000003
2020-12-27,3710.0,2812.2888828124997,2680.431065019447,897.7111171875003
2020-12-28,3220.0,2861.242216601562,2670.761521962091,358.7577833984378
2020-12-29,2950.0,2878.024050356445,2641.9873069656014,71.975949643555
2020-12-30,2750.0,2750.0,2601.062556320638,0.0
2020-12-31,2650.0,2650.0,2556.51972703169,0.0
2021-01-01,4070.0,2703.25,2621.2864189732004,1366.75
2021-01-02,7250.0,2925.0062500000004,2915.6117505497564,4324.99375
2021-01-03,6760.0,3231.00578125,3146.388440313668,3528.99421875
2021-01-04,5060.0,3431.93034765625,3229.870992136476,1628.06965234375
2021-01-05,3740.0,3504.5355715820315,3207.8459002719874,235.46442841796875
2021-01-06,3330.0,3330.0,3157.4897983949513,0.0
2021-01-07,3060.0,3060.0,3060.0,0.0
2021-01-08,3000.0,3000.0,2998.8888888888887,0.0
2021-01-09,2970.0,2970.0,2941.213991769547,0.0
2021-01-10,2720.0,2720.0,2720.0,0.0
2021-01-11,2590.0,2590.0,2590.0,0.0
2021-01-12,2540.0,2540.0,2538.333333333333,0.0
2021-01-13,2470.0,2470.0,2470.0,0.0
2021-01-14,2410.0,2410.0,2410.0,0.0
2021-01-15,2350.0,2350.0,2350.0,0.0
2021-01-16,2280.0,2280.0,2280.0,0.0
2021-01-17,2200.0,2200.0,2200.0,0.0
2021-01-18,2140.0,2140.0,2140.0,0.0
2021-01-19,2090.0,2090.0,2090.0,0.0
2021-01-20,2060.0,2060.0,2049.074074074074,0.0
2021-01-21,2030.0,2030.0,2009.7153635116595,0.0
2021-01-22,2010.0,2010.0,1972.519496519839,0.0
2021-01-23,1950.0,1950.0,1934.3232468420763,0.0
2021-01-24,1900.0,1900.0,1895.9599832455879,0.0
2021-01-25,1970.0,1902.625,1866.3340588709964,67.375
2021-01-26,2580.0,1930.553125,1884.6364608273855,649.446875
2021-01-27,2570.0,1978.886640625,1900.5034551952199,591.113359375
2021-01-28,2320.0,2013.845142578125,1896.3827648993665,306.154857421875
2021-01-29,2120.0,2029.3067568847655,1877.8288051864622,90.6932431152344
2021-01-30,2020.0,2020.0,1853.5853972988268,0.0
2021-01-31,2190.0,2026.375,1844.1793419933797,163.625
2021-02-01,2630.0,2055.146875,1868.236810327326,574.853125
2021-02-02,2300.0,2085.885859375,1865.6222908525735,214.114140625
2021-02-03,2100.0,2094.444419921875,1848.4350416995576,5.555580078125018
2021-02-04,2010.0,2010.0,1826.1725378384872,0.0
2021-02-05,1990.0,1990.0,1804.4898954460346,0.0
2021-02-06,1970.0,1970.0,1783.333423645476,0.0
2021-02-07,2000.0,1971.125,1766.358106641265,28.875
2021-02-08,2070.0,1975.915625,1756.1397634337407,94.084375
2021-02-09,1960.0,1960.0,1738.7194149676536,0.0
2021-02-10,1920.0,1920.0,1719.949098766945,0.0
2021-02-11,1930.0,1920.375,1703.6575155477835,9.625
2021-02-12,2240.0,1932.721875,1711.837375219285,307.278125
2021-02-13,3030.0,1985.392734375,1777.7783589952774,1044.607265625
2021-02-14,3520.0,2082.1132792968747,1873.9099924216407,1437.886720703125
2021-02-15,3090.0,2173.829783349609,1929.2886968270445,916.1702166503908
2021-02-16,4890.0,2310.0425495983886,2112.8730767504667,2579.9574504016114
2021-02-17,4070.0,2472.7893583785094,2218.7181622365347,1597.2106416214906
2021-02-18,5210.0,2635.330156500121,2399.207221288708,2574.669843499879
2021-02-19,5380.0,2834.8053947626117,2575.576923021235,2545.1946052373883
2021-02-20,4010.0,2974.319990155416,2634.1346153340837,1035.6800098445842
2021-02-21,3350.0,3027.2459908937594,2638.3814102105575,322.75400910624046
2021-02-22,3190.0,3045.4525415767275,2630.383131487358,144.54745842327242
2021-02-23,3150.0,3054.793600958473,2620.1624711644545,95.20639904152699
2021-02-24,2850.0,2850.0,2588.6659460566348,0.0
2021-02-25,2610.0,2610.0,2542.3079880884275,0.0
2021-02-26,2600.0,2600.0,2499.5016928950545,0.0
2021-02-27,3520.0,2634.5,2528.807091701068,885.5
2021-02-28,3080.0,2684.4125,2522.8064350620807,395.5875000000001
2021-03-01,3500.0,2729.8315625,2548.472505889666,770.1684375000001
2021-03-02,3350.0,2781.9691953125,2560.650977566549,568.0308046875001
2021-03-03,2920.0,2808.4465056640624,2539.8499611252023,111.55349433593767
2021-03-04,2720.0,2720.0,2506.1601499099056,0.0
2021-03-05,2500.0,2500.0,2459.293469362692,0.0
2021-03-06,2340.0,2340.0,2340.0,0.0
2021-03-07,2250.0,2250.0,2250.0,0.0
2021-03-08,2170.0,2170.0,2170.0,0.0
2021-03-09,2100.0,2100.0,2100.0,0.0
2021-03-10,2050.0,2050.0,2050.0,0.0
2021-03-11,2000.0,2000.0,2000.0,0.0
2021-03-12,1970.0,1970.0,1960.7407407407406,0.0
2021-03-13,1950.0,1950.0,1923.6351165980793,0.0
2021-03-14,1950.0,1950.0,1889.9651983945535,0.0
2021-03-15,1910.0,1910.0,1856.4499022469095,0.0
2021-03-16,2430.0,1929.5,1864.5563927796031,500.5
2021-03-17,2870.0,1983.5375,1904.5048749296398,886.4625000000001
2021-03-18,6230.0,2176.0221874999997,2189.6433124361547,4053.9778125000003
2021-03-19,7520.0,2528.4455234375,2543.935598321696,4991.5544765625
2021-03-20,5960.0,2844.3121091796875,2749.8674873659834,3115.6878908203125
2021-03-21,3890.0,3000.363700991211,2783.3982755728366,889.6362990087891
2021-03-22,3330.0,3046.0864234168703,2772.3428796864628,283.91357658312995
2021-03-23,3030.0,3030.0,2740.0889093451237,0.0
2021-03-24,2870.0,2870.0,2698.9695658872424,0.0
2021-03-25,4610.0,2935.25,2790.54645793472,1674.75
2021-03-26,15500.0,3469.2312500000007,3680.3106747926167,12030.76875
2021-03-27,13200.0,4285.28890625,4317.318945645153,8914.71109375
2021-03-28,11800.0,4901.392238281249,4791.641265492824,6898.607761718751
2021-03-29,8860.0,5308.537820410155,5004.267074243488,3551.4621795898447
2021-03-30,6000.0,5467.647483879393,4985.353456257981,532.3525161206067
2021-03-31,6610.0,5530.448922588439,5013.3762843822415,1079.5510774115612
2021-04-01,7540.0,5646.290253394306,5107.69329508759,1893.7097466056941
2021-04-02,6210.0,5738.4434843897325,5094.758730727627,471.55651561026707
2021-04-03,4860.0,4860.0,4860.0,0.0
2021-04-04,4280.0,4280.0,4280.0,0.0
2021-04-05,3960.0,3960.0,3960.0,0.0
2021-04-06,3710.0,3710.0,3710.0,0.0
2021-04-07,3510.0,3510.0,3510.0,0.0
2021-04-08,3360.0,3360.0,3360.0,0.0
2021-04-09,3240.0,3240.0,3240.0,0.0
2021-04-10,3550.0,3251.625,3202.962962962963,298.375
2021-04-11,5260.0,3338.128125,3296.0219478738,1921.871875
2021-04-12,4400.0,3450.018515625,3316.7606564040034,949.981484375
2021-04-13,3620.0,3492.0171269531247,3277.8013363665955,127.98287304687506
2021-04-14,3340.0,3340.0,3221.708620036355,0.0
2021-04-15,3170.0,3170.0,3158.2170811441,0.0
2021-04-16,3010.0,3010.0,3010.0,0.0
2021-04-17,2890.0,2890.0,2890.0,0.0
2021-04-18,2790.0,2790.0,2790.0,0.0
2021-04-19,2700.0,2700.0,2700.0,0.0
2021-04-20,2600.0,2600.0,2600.0,0.0
2021-04-21,2540.0,2540.0,2540.0,0.0
2021-04-22,2470.0,2470.0,2470.0,0.0
2021-04-23,2430.0,2430.0,2421.296296296296,0.0
2021-04-24,2650.0,2438.25,2393.398491083676,211.75
2021-04-25,3220.0,2475.50625,2410.3060382055583,744.49375
2021-04-26,2720.0,2512.59328125,2388.611034668006,207.40671874999998
2021-04-27,2450.0,2450.0,2348.924827754302,0.0
2021-04-28,2370.0,2370.0,2306.987343702978,0.0
2021-04-29,2320.0,2320.0,2265.2292563230726,0.0
2021-04-30,2280.0,2280.0,2224.3746955524175,0.0
2021-05-01,2180.0,2180.0,2179.895557075342,0.0
2021-05-02,2130.0,2130.0,2130.0,0.0
2021-05-03,2990.0,2162.25,2154.259259259259,827.75
2021-05-04,3900.0,2258.45625,2243.6796982167352,1641.54375
2021-05-05,4020.0,2386.07203125,2333.70935578926,1633.9279687500002
2021-05-06,3270.0,2480.4916289062494,2359.8473784013654,789.5083710937504
2021-05-07,2770.0,2520.9547567382806,2346.5281766975354,249.04524326171918
2021-05-08,2540.0,2531.00814998291,2317.4051973736896,8.991850017090258
2021-05-09,2410.0,2410.0,2281.3491605798295,0.0
2021-05-10,2440.0,2411.125,2250.853867933549,28.875
2021-05-11,2310.0,2310.0,2213.5525838656276,0.0
2021-05-12,2480.0,2316.375,2192.2977149891803,163.625
2021-05-13,2620.0,2333.896875,2183.3812598975896,286.103125
2021-05-14,2310.0,2310.0,2152.3274395367016,0.0
2021-05-15,2180.0,2180.0,2114.5193432833034,0.0
2021-05-16,2110.0,2110.0,2075.0268114978126,0.0
2021-05-17,2070.0,2070.0,2036.2280326554223,0.0
2021-05-18,2010.0,2010.0,1996.5772888910312,0.0
2021-05-19,1970.0,1970.0,1957.634947327047,0.0
2021-05-20,1920.0,1920.0,1918.5946744263945,0.0
2021-05-21,1850.0,1850.0,1850.0,0.0
2021-05-22,1790.0,1790.0,1790.0,0.0
2021-05-23,1760.0,1760.0,1754.6296296296296,0.0
2021-05-24,1720.0,1720.0,1719.5713305898491,0.0
2021-05-25,1710.0,1710.0,1687.0184296093073,0.0
2021-05-26,1670.0,1670.0,1654.516723164001,0.0
2021-05-27,1610.0,1610.0,1610.0,0.0
2021-05-28,1650.0,1611.5,1583.1481481481483,38.5
2021-05-29,1960.0,1626.0125,1581.7455418381346,333.9875
2021-05-30,1730.0,1642.4365625,1563.4357694457146,87.56343750000002
2021-05-31,1580.0,1580.0,1535.710235237778,0.0
2021-06-01,1520.0,1520.0,1506.1074356787246,0.0
2021-06-02,1490.0,1490.0,1477.0234138566207,0.0
2021-06-03,1480.0,1480.0,1449.8916162773037,0.0
2021-06-04,1530.0,1481.875,1428.975725881257,48.125
2021-06-05,1490.0,1483.984375,1407.0335290403998,6.015625
2021-06-06,1490.0,1484.435546875,1387.1230170922145,5.564453125
2021-06-07,1480.0,1480.0,1368.315330324417,0.0
2021-06-08,1570.0,1483.375,1357.9157627017855,86.625
2021-06-09,1980.0,1505.246875,1378.8494883775459,474.753125
2021-06-10,1850.0,1535.9783593749999,1388.215276490736,314.02164062500003
2021-06-11,1830.0,1558.779982421875,1395.2323805193716,271.22001757812507
2021-06-12,2250.0,1594.8714837402345,1432.7108638046152,655.1285162597657
2021-06-13,2090.0,1638.0061224597166,1454.8672653041879,451.9938775402833
2021-06-14,1620.0,1620.0,1440.157333331578,0.0
2021-06-15,1470.0,1470.0,1415.6983209860616,0.0
2021-06-16,1400.0,1400.0,1388.3188468206854,0.0
2021-06-17,1300.0,1300.0,1300.0,0.0
2021-06-18,1250.0,1250.0,1250.0,0.0
2021-06-19,1220.0,1220.0,1220.0,0.0
2021-06-20,1340.0,1224.5,1206.2962962962963,115.5
2021-06-21,1690.0,1246.2875,1219.7873799725653,443.7125
2021-06-22,1650.0,1278.0659375,1229.0663262714017,371.9340625
2021-06-23,1500.0,1300.3359921874999,1226.3749997647906,199.66400781250002
2021-06-24,1320.0,1308.5607927734375,1210.5995368236063,11.43920722656253
2021-06-25,1230.0,1230.0,1189.6180982288279,0.0
2021-06-26,1210.0,1210.0,1169.0979039483807,0.0
2021-06-27,1190.0,1190.0,1148.9962461753823,0.0
2021-06-28,1300.0,1194.125,1138.904001159143,105.875
2021-06-29,1230.0,1199.440625,1124.561038088852,30.559375000000003
2021-06-30,1570.0,1214.482578125,1136.7313123398844,355.517421875
2021-07-01,1550.0,1240.396384765625,1146.2932278639692,309.603615234375
2021-07-02,1670.0,1268.116655908203,1163.8586697284165,401.8833440917969
2021-07-03,1430.0,1289.2579067150878,1162.0199040128223,140.7420932849122
2021-07-04,1250.0,1250.0,1147.018061048672,0.0
2021-07-05,1150.0,1150.0,1125.997870210832,0.0
2021-07-06,1090.0,1090.0,1090.0,0.0
2021-07-07,1040.0,1040.0,1040.0,0.0
2021-07-08,1070.0,1041.125,1022.9629629629629,28.875
2021-07-09,1190.0,1047.790625,1016.3923182441702,142.209375
2021-07-10,1190.0,1058.456328125,1010.4300665548951,131.543671875
2021-07-11,1670.0,1086.322103515625,1040.5754307627753,583.677896484375
2021-07-12,1420.0,1120.7229457519531,1049.4110390254814,299.27705424804685
2021-07-13,1320.0,1139.4187248205567,1050.0211280046035,180.58127517944337
2021-07-14,1400.0,1155.9623204590148,1056.5006531893623,244.03767954098512
2021-07-15,2120.0,1201.2651464245887,1115.7135556718288,918.7348535754113
2021-07-16,1420.0,1243.9202604427446,1117.5919301466595,176.0797395572555
2021-07-17,1350.0,1254.5012409095386,1114.1111958738206,95.49875909046133
2021-07-18,1650.0,1272.9136478413234,1133.1749740336522,377.08635215867673
2021-07-19,2010.0,1314.695124253224,1177.1402542157216,695.304875746776
2021-07-20,1870.0,1361.5929899342323,1206.664304751303,508.40701006576785
2021-07-21,1740.0,1394.8485156891647,1223.8250172743305,345.15148431083526
2021-07-22,1400.0,1400.0,1214.2115897489296,0.0
2021-07-23,1350.0,1350.0,1201.7845906981026,0.0
2021-07-24,1410.0,1352.25,1194.952684151982,57.75
2021-07-25,1380.0,1355.45625,1186.531139323095,24.543750000000003
2021-07-26,1330.0,1330.0,1175.1856634598455,0.0
2021-07-27,2290.0,1366.0,1236.0018057320822,924.0
2021-07-28,1860.0,1419.175,1259.3349718680004,440.82500000000005
2021-07-29,1380.0,1380.0,1244.9521041024448,0.0
2021-07-30,1170.0,1170.0,1170.0,0.0
2021-07-31,1080.0,1080.0,1080.0,0.0
2021-08-01,1040.0,1040.0,1040.0,0.0
2021-08-02,996.0,996.0,996.0,0.0
2021-08-03,1010.0,996.525,978.5925925925926,13.475
2021-08-04,1160.0,1003.160625,973.9080932784635,156.839375
2021-08-05,1030.0,1010.048578125,960.0277142711984,19.951421874999994
2021-08-06,993.0,993.0,944.691814801643,0.0
2021-08-07,970.0,970.0,929.0722023200094,0.0
2021-08-08,1040.0,972.625,920.084035438527,67.375
2021-08-09,1010.0,976.553125,909.7058840090338,33.446875000000006
2021-08-10,1040.0,980.186640625,902.510894748938,59.813359375000005
2021-08-11,1120.0,987.672642578125,901.9080341240364,132.327357421875
2021-08-12,1080.0,996.0971943847657,898.3980309644033,83.90280561523439
2021-08-13,974.0,974.0,887.361176245477,0.0
2021-08-14,1220.0,983.225,895.5684747412662,236.775
2021-08-15,2010.0,1030.608125,961.5343567096675,979.391875
2021-08-16,3850.0,1173.0625156249998,1157.688582940254,2676.937484375
2021-08-17,10900.0,1638.2078269531248,1857.9026030383795,9261.792173046875
2021-08-18,18100.0,2602.8422399316405,3026.6153249792715,15497.15776006836
2021-08-19,11700.0,3525.129071936766,3613.0398319256356,8174.870928063234
2021-08-20,11300.0,4123.244391541509,4115.536143784373,7176.755608458491
2021-08-21,8570.0,4559.126062175896,4369.282797137672,4010.8739378241044
2021-08-22,5220.0,4734.316607512703,4351.386241847146,485.6833924872967
2021-08-23,3050.0,3050.0,3050.0,0.0
2021-08-24,2470.0,2470.0,2470.0,0.0
2021-08-25,2170.0,2170.0,2170.0,0.0
2021-08-26,2140.0,2140.0,2127.592592592592,0.0
2021-08-27,2230.0,2143.375,2095.7784636488336,86.625
2021-08-28,1810.0,1810.0,1810.0,0.0
2021-08-29,1640.0,1640.0,1640.0,0.0
2021-08-30,1530.0,1530.0,1530.0,0.0
2021-08-31,1530.0,1530.0,1501.6666666666667,0.0
2021-09-01,3790.0,1614.75,1643.3641975308642,2175.25
2021-09-02,4440.0,1802.2687500000002,1820.0897347965251,2637.73125
2021-09-03,3020.0,1946.84859375,1875.2666112042543,1073.15140625
2021-09-04,2230.0,1997.70994921875,1866.8159990557122,232.2900507812501
2021-09-05,1980.0,1980.0,1840.6293324764795,0.0
2021-09-06,1820.0,1820.0,1805.015505395324,0.0
2021-09-07,1690.0,1690.0,1690.0,0.0
2021-09-08,1680.0,1680.0,1657.9629629629626,0.0
2021-09-09,1780.0,1683.75,1636.299725651577,96.25
2021-09-10,1520.0,1520.0,1520.0,0.0
2021-09-11,1410.0,1410.0,1410.0,0.0
2021-09-12,1350.0,1350.0,1350.0,0.0
2021-09-13,1310.0,1310.0,1310.0,0.0
2021-09-14,1280.0,1280.0,1280.0,0.0
2021-09-15,1250.0,1250.0,1250.0,0.0
2021-09-16,1300.0,1251.875,1230.5555555555554,48.125
2021-09-17,1360.0,1257.734375,1217.3559670781892,102.265625
2021-09-18,1320.0,1263.904296875,1202.4155997561345,56.095703125
2021-09-19,1270.0,1266.236474609375,1185.154896075011,3.7635253906250057
2021-09-20,1370.0,1270.2687390136718,1176.8998131051026,99.73126098632812
2021-09-21,1690.0,1289.7485835876464,1193.1127933731489,400.25141641235354
2021-09-22,2370.0,1345.267439818573,1258.1949421348943,1024.732560181427
2021-09-23,2310.0,1419.87238183218,1312.8065215668485,890.1276181678201
2021-09-24,1820.0,1468.2569531947665,1326.0651769773253,351.7430468052336
2021-09-25,1540.0,1484.137681705159,1317.3554383683138,55.86231829484109
2021-09-26,1400.0,1400.0,1299.081786667544,0.0
2021-09-27,1320.0,1320.0,1276.5742138279566,0.0
2021-09-28,1250.0,1250.0,1250.0,0.0
2021-09-29,1200.0,1200.0,1200.0,0.0
2021-09-30,1170.0,1170.0,1170.0,0.0
2021-10-01,1130.0,1130.0,1130.0,0.0
2021-10-02,1110.0,1110.0,1107.5925925925926,0.0
2021-10-03,1110.0,1110.0,1087.2599451303156,0.0
2021-10-04,1220.0,1114.125,1076.95809835899,105.875
2021-10-05,1370.0,1127.690625,1078.721237399824,242.309375
2021-10-06,2620.0,1192.738828125,1172.913715418359,1427.261171875
2021-10-07,9920.0,1573.5334160156253,1799.1254084351783,8346.466583984375
2021-10-08,10700.0,2228.7684098144528,2425.1323150615513,8471.231590185547
2021-10-09,8930.0,2797.735779078368,2862.064508111408,6132.264220921632
2021-10-10,7050.0,3187.1555956474904,3119.280757360352,3862.8444043525096
2021-10-11,4310.0,3374.1189259739285,3149.7177242714306,935.8810740260715
2021-10-12,2990.0,2990.0,2990.0,0.0
2021-10-13,2570.0,2570.0,2570.0,0.0
2021-10-14,2310.0,2310.0,2310.0,0.0
2021-10-15,2140.0,2140.0,2140.0,0.0
2021-10-16,2010.0,2010.0,2010.0,0.0
2021-10-17,1860.0,1860.0,1860.0,0.0
2021-10-18,1760.0,1760.0,1760.0,0.0
2021-10-19,1700.0,1700.0,1700.0,0.0
2021-10-20,1630.0,1630.0,1630.0,0.0
2021-10-21,1580.0,1580.0,1580.0,0.0
2021-10-22,1560.0,1560.0,1549.2592592592594,0.0
2021-10-23,1520.0,1520.0,1518.4019204389574,0.0
2021-10-24,1470.0,1470.0,1470.0,0.0
2021-10-25,1430.0,1430.0,1430.0,0.0
2021-10-26,1410.0,1410.0,1402.037037037037,0.0
2021-10-27,1380.0,1380.0,1374.4410150891633,0.0
2021-10-28,1370.0,1370.0,1348.6594396179446,0.0
2021-10-29,1770.0,1385.0,1354.8946766903573,385.0
2021-10-30,1740.0,1412.75,1358.3303547745836,327.25
2021-10-31,1520.0,1429.04375,1345.151618221381,90.95625000000001
2021-11-01,1400.0,1400.0,1324.3042461638458,0.0
2021-11-02,1350.0,1350.0,1301.6834826301565,0.0
2021-11-03,1320.0,1320.0,1278.935012016253,0.0
2021-11-04,1320.0,1320.0,1258.2928812740074,0.0
2021-11-05,1340.0,1320.75,1241.043540415303,19.25
2021-11-06,1310.0,1310.0,1223.1691385249972,0.0
2021-11-07,1270.0,1270.0,1203.9868108837936,0.0
2021-11-08,1240.0,1240.0,1184.3584024686277,0.0
2021-11-09,1220.0,1220.0,1165.0659577956067,0.0
2021-11-10,1200.0,1200.0,1146.0783691108284,0.0
2021-11-11,1210.0,1200.375,1129.5896312301961,9.625
2021-11-12,1610.0,1216.096875,1144.257257968141,393.903125
2021-11-13,1560.0,1243.764609375,1153.8630674155354,316.235390625
2021-11-14,1330.0,1258.857263671875,1145.5424130252081,71.14273632812501
2021-11-15,1240.0,1240.0,1131.3255229302813,0.0
2021-11-16,1210.0,1210.0,1116.2027893256254,0.0
2021-11-17,1190.0,1190.0,1100.9988273510305,0.0
2021-11-18,1190.0,1190.0,1087.2026396333426,0.0
2021-11-19,1170.0,1170.0,1073.202395222848,0.0
2021-11-20,1150.0,1150.0,1059.0169882577695,0.0
2021-11-21,1140.0,1140.0,1045.404304159828,0.0
2021-11-22,1160.0,1140.75,1034.53353525614,19.25
2021-11-23,1150.0,1141.81875,1023.9285782879789,8.181250000000002
2021-11-24,1120.0,1120.0,1012.0833395576104,0.0
2021-11-25,1100.0,1100.0,999.8534007096836,0.0
2021-11-26,1090.0,1090.0,988.0151228661945,0.0
2021-11-27,1070.0,1070.0,975.7915003785838,0.0
2021-11-28,1070.0,1070.0,964.6996947879741,0.0
2021-11-29,1050.0,1050.0,953.1534267520504,0.0
2021-11-30,1050.0,1050.0,942.6762576083421,0.0
2021-12-01,1040.0,1040.0,932.42845597794,0.0
2021-12-02,1040.0,1040.0,923.1295248688714,0.0
2021-12-03,1020.0,1020.0,913.21012441805,0.0
2021-12-04,1020.0,1020.0,904.2091869719343,0.0
2021-12-05,1010.0,1010.0,895.3009289189774,0.0
2021-12-06,1000.0,1000.0,886.4767688338868,0.0
2021-12-07,1000.0,1000.0,878.469660608527,0.0
2021-12-08,991.0,991.0,870.537284626256,0.0
2021-12-09,1020.0,992.0875,865.4875360497508,27.9125
2021-12-10,1000.0,993.4309375,859.4238753044035,6.569062500000001
2021-12-11,1020.0,994.6736171875,855.4031461095514,25.3263828125
2021-12-12,1170.0,1002.1980958984375,862.8658177660744,167.8019041015625
2021-12-13,1170.0,1014.7832387060547,869.6375013062528,155.21676129394532
2021-12-14,1040.0,1021.5494958031006,866.1525474815998,18.45050419689943
2021-12-15,994.0,994.0,859.5828671592295,0.0
2021-12-16,987.0,987.0,853.1029720518934,0.0
2021-12-17,987.0,987.0,847.2230672322736,0.0
2021-12-18,1030.0,988.6125,845.0727832292853,41.3875
2021-12-19,1220.0,998.8415625,857.1956736710181,221.1584375
2021-12-20,1280.0,1017.6784453125,872.6405187014794,262.3215546875
2021-12-21,1140.0,1032.1025619140626,876.284915118009,107.89743808593752
2021-12-22,1090.0,1038.3198697705077,875.8881637181934,51.68013022949221
2021-12-23,1060.0,1041.0708795377197,873.3059263368791,18.929120462280295
2021-12-24,1020.0,1020.0,867.9998220464274,0.0
2021-12-25,1000.0,1000.0,861.7035422273137,0.0
2021-12-26,999.0,999.0,855.9161772062662,0.0
2021-12-27,982.0,982.0,849.4054200575379,0.0
2021-12-28,969.0,969.0,842.5345478299881,0.0
2021-12-29,974.0,969.1875,836.67023784573,4.8125
2021-12-30,1130.0,975.3984375,842.9044750822364,154.6015625
2021-12-31,1150.0,987.7435546875,850.042949611659,162.2564453125
2022-01-01,1070.0,996.9127880859374,850.5945283513202,73.08721191406252
2022-01-02,1620.0,1023.0193289794921,891.835775726198,596.9806710205079
2022-01-03,2970.0,1118.41787930603,1029.2583890848834,1851.58212069397
2022-01-04,2370.0,1234.7865383580777,1109.5122419473944,1135.2134616419223
2022-01-05,1760.0,1297.0525479812218,1137.1499973226357,462.9474520187782
2022-01-06,1500.0,1322.0236068826302,1142.9694420149842,177.97639311736987
2022-01-07,1380.0,1330.871836366433,1139.36116034693,49.12816363356714
2022-01-08,1280.0,1280.0,1128.679571425918,0.0
2022-01-09,1280.0,1280.0,1118.987018516111,0.0
2022-01-10,1600.0,1292.0,1133.8956279127674,308.0
2022-01-11,1560.0,1313.6,1144.460847550474,246.40000000000003
2022-01-12,1350.0,1324.205,1138.4922505550599,25.795000000000044
2022-01-13,1280.0,1280.0,1127.891116244406,0.0
2022-01-14,1240.0,1240.0,1115.308605481035,0.0
2022-01-15,1190.0,1190.0,1100.1874383068653,0.0
2022-01-16,1240.0,1191.875,1090.1700829080814,48.125
2022-01-17,1400.0,1201.484375,1092.9321122684441,198.515625
2022-01-18,1310.0,1212.998046875,1088.7717315028474,97.001953125
2022-01-19,1240.0,1217.648193359375,1079.8113859933244,22.351806640625
2022-01-20,1480.0,1228.3245788574218,1089.4584798828314,251.67542114257813
2022-01-21,1680.0,1254.7002354431152,1113.0271391529395,425.2997645568848
2022-01-22,1520.0,1280.5977177848815,1122.561663305445,239.40228221511842
2022-01-23,1390.0,1293.6778889510156,1121.5837315179037,96.32211104898454
2022-01-24,1330.0,1298.6520472796892,1116.2519045255053,31.3479527203107
2022-01-25,1310.0,1300.2531437337127,1109.9322837361067,9.746856266287399
2022-01-26,1330.0,1301.7341579536842,1105.6792945012821,28.265842046315846
2022-01-27,1320.0,1303.4790961071578,1101.0793598252374,16.52090389284216
2022-01-28,1270.0,1270.0,1093.2016413229005,0.0
2022-01-29,1250.0,1250.0,1084.5718597189282,0.0
2022-01-30,1180.0,1180.0,1071.5559467819903,0.0
2022-01-31,1180.0,1180.0,1059.7452109688431,0.0
2022-02-01,1150.0,1150.0,1046.805839582839,0.0
2022-02-02,1130.0,1130.0,1033.583076658502,0.0
2022-02-03,1700.0,1151.375,1063.8068658567888,548.625
2022-02-04,8730.0,1456.1468750000004,1611.9728967959757,7273.853125
2022-02-05,8240.0,1983.3108593750003,2073.0865174630158,6256.689140625
2022-02-06,7230.0,2414.687544921875,2416.689617697922,4815.312455078125
2022-02-07,5700.0,2718.460979052734,2615.1442827258925,2981.539020947266
2022-02-08,3010.0,2841.2014056237786,2595.964256547569,168.79859437622144
2022-02-09,2480.0,2480.0,2480.0,0.0
2022-02-10,2230.0,2230.0,2230.0,0.0
2022-02-11,2050.0,2050.0,2050.0,0.0
2022-02-12,1910.0,1910.0,1910.0,0.0
2022-02-13,1800.0,1800.0,1800.0,0.0
2022-02-14,1700.0,1700.0,1700.0,0.0
2022-02-15,1620.0,1620.0,1620.0,0.0
2022-02-16,1560.0,1560.0,1560.0,0.0
2022-02-17,1560.0,1560.0,1531.111111111111,0.0
2022-02-18,2700.0,1602.75,1589.3415637860082,1097.25
2022-02-19,2870.0,1691.4187499999998,1654.7729004724893,1178.5812500000002
2022-02-20,2130.0,1752.0623437499999,1659.330965243555,377.93765625000015
2022-02-21,1910.0,1772.1576679687498,1647.1706906839665,137.84233203125012
2022-02-22,1810.0,1778.7458428710936,1628.7289600650806,31.25415712890637
2022-02-23,3000.0,1825.7149046557615,1700.1429452442399,1174.2850953442385
2022-02-24,2710.0,1902.9112868065793,1743.4630429068104,807.0887131934207
2022-02-25,2400.0,1951.817940296086,1759.809057452476,448.1820597039142
2022-02-26,2170.0,1976.8065947738794,1757.6045150957652,193.19340522612066
2022-02-27,2640.0,2008.9211001658384,1790.4189118461572,631.0788998341616
2022-02-28,2840.0,2063.752017653401,1835.0097533418834,776.2479823465994
2022-03-01,2390.0,2105.0956163293954,1842.138479884302,284.9043836706045
2022-03-02,2160.0,2117.838445104691,1831.5701021172367,42.161554895309166
2022-03-03,2010.0,2010.0,1810.869166736011,0.0
2022-03-04,1880.0,1880.0,1782.4553550011951,0.0
2022-03-05,1780.0,1780.0,1749.2650443529365,0.0
2022-03-06,1710.0,1710.0,1710.0,0.0
2022-03-07,1690.0,1690.0,1676.8518518518517,0.0
2022-03-08,1800.0,1694.125,1654.9211248285321,105.875
2022-03-09,3760.0,1775.565625,1780.2062058629276,1984.434375
2022-03-10,4080.0,1936.3982031249998,1917.5945201348788,2143.601796875
2022-03-11,2860.0,2051.4183378906246,1951.8913238260939,808.5816621093752
2022-03-12,2660.0,2104.561962548828,1968.1976827310853,555.4380374511721
2022-03-13,2430.0,2137.5948153576655,1965.957156552281,292.40518464233423
2022-03-14,2170.0,2149.775204205841,1944.6648272418845,20.224795794159206
2022-03-15,2040.0,2040.0,1915.7143802750434,0.0
2022-03-16,2390.0,2053.125,1915.3704561755026,336.875
2022-03-17,3070.0,2103.890625,1965.4287472703636,966.109375
2022-03-18,2550.0,2156.848828125,1972.3334928934783,393.15117187500005
2022-03-19,2360.0,2179.210166015625,1964.5248361440822,180.78983398437504
2022-03-20,2220.0,2187.519403564453,1947.068832797408,32.480596435546914
2022-03-21,2090.0,2090.0,1921.5994964272775,0.0
2022-03-22,2010.0,2010.0,1892.5625060173443,0.0
2022-03-23,3750.0,2075.25,1995.103014719442,1674.75
2022-03-24,7680.0,2348.23125,2379.260142986161,5331.76875
2022-03-25,7610.0,2745.4889062499997,2722.661981598554,4864.51109375
2022-03-26,6590.0,3072.0772382812493,2958.7117981172064,3517.9227617187507
2022-03-27,4000.0,3238.7964454101552,2981.0532982915397,761.2035545898448
2022-03-28,3030.0,3030.0,2929.474289190471,0.0
2022-03-29,2720.0,2720.0,2720.0,0.0
2022-03-30,2540.0,2540.0,2540.0,0.0
2022-03-31,3610.0,2580.125,2572.222222222222,1029.875
2022-04-01,4680.0,2697.490625,2680.7201646090534,1982.509375
2022-04-02,3610.0,2806.053828125,2699.912741960067,803.9461718750001
2022-04-03,2970.0,2842.3497910156248,2669.9208214082087,127.65020898437513
2022-04-04,2700.0,2700.0,2622.7059305370785,0.0
2022-04-05,2680.0,2680.0,2578.3813073392007,0.0
2022-04-06,3310.0,2703.625,2584.827482585571,606.375
2022-04-07,2930.0,2734.853125,2562.5286416054255,195.14687500000002
2022-04-08,2640.0,2640.0,2520.81302664196,0.0
2022-04-09,2460.0,2460.0,2460.0,0.0
2022-04-10,2350.0,2350.0,2350.0,0.0
2022-04-11,2240.0,2240.0,2240.0,0.0
2022-04-12,2230.0,2230.0,2197.777777777778,0.0
2022-04-13,2200.0,2200.0,2157.2427983539096,0.0
2022-04-14,2110.0,2110.0,2110.0,0.0
2022-04-15,2030.0,2030.0,2030.0,0.0
2022-04-16,1990.0,1990.0,1989.4444444444443,0.0
2022-04-17,1960.0,1960.0,1950.4218106995884,0.0
2022-04-18,2860.0,1993.75,1981.6790504496266,866.25
2022-04-19,3140.0,2069.21875,2030.7828420746614,1070.78125
2022-04-20,2450.0,2123.65234375,2024.2288752158966,326.34765625
2022-04-21,2210.0,2139.12841796875,2000.5039793625729,70.87158203125
2022-04-22,2110.0,2110.0,1971.5684257178902,0.0
2022-04-23,2030.0,2030.0,1939.3861640773448,0.0
2022-04-24,1920.0,1920.0,1902.0355933294425,0.0
2022-04-25,1850.0,1850.0,1850.0,0.0
2022-04-26,1830.0,1830.0,1814.2592592592591,0.0
2022-04-27,1790.0,1790.0,1778.8648834019205,0.0
2022-04-28,1700.0,1700.0,1700.0,0.0
2022-04-29,1660.0,1660.0,1660.0,0.0
2022-04-30,1640.0,1640.0,1627.7777777777776,0.0
2022-05-01,1600.0,1600.0,1595.5761316872424,0.0
2022-05-02,1580.0,1580.0,1564.8746380124978,0.0
2022-05-03,1570.0,1570.0,1536.275134492822,0.0
2022-05-04,1540.0,1540.0,1508.1015109286718,0.0
2022-05-05,1480.0,1480.0,1478.0921117686094,0.0
2022-05-06,1800.0,1492.0,1474.5650643826268,308.0
2022-05-07,2060.0,1524.85,1490.623854717569,535.1500000000001
2022-05-08,1680.0,1550.73625,1477.0475718733499,129.26375000000013
2022-05-09,1520.0,1520.0,1452.8765004035954,0.0
2022-05-10,1450.0,1450.0,1425.7583059217811,0.0
2022-05-11,1420.0,1420.0,1398.928833151246,0.0
2022-05-12,1380.0,1380.0,1371.620607859464,0.0
2022-05-13,1360.0,1360.0,1345.3594404650694,0.0
2022-05-14,1460.0,1363.75,1328.9372700516371,96.25
2022-05-15,1560.0,1374.71875,1321.4430783801895,185.28125
2022-05-16,1600.0,1390.11484375,1317.6057563079496,209.88515625
2022-05-17,1410.0,1398.73123046875,1300.0496677609171,11.268769531250001
2022-05-18,1320.0,1320.0,1277.452476301573,0.0
2022-05-19,1330.0,1320.375,1257.6883581255013,9.625
2022-05-20,1250.0,1250.0,1233.8283249657327,0.0
2022-05-21,1210.0,1210.0,1209.2145911726093,0.0
2022-05-22,1440.0,1218.625,1203.9169438418123,221.375
2022-05-23,3310.0,1305.353125,1337.6283379305335,2004.646875
2022-05-24,6090.0,1559.9516406250004,1664.8849733073364,4530.048359375
2022-05-25,4110.0,1825.4552675781251,1815.1734017048052,2284.544732421875
2022-05-26,4460.0,2009.9211225097656,1977.4721608062123,2450.0788774902344
2022-05-27,11200.0,2446.4270383215335,2624.0025162871193,8753.572961678467
2022-05-28,8650.0,3007.320010447418,3021.7800610753493,5642.679989552582
2022-05-29,7680.0,3394.146009663861,3310.874499864669,4285.853990336139
2022-05-30,6800.0,3682.5850589390716,3508.0157498771996,3117.4149410609284
2022-05-31,3940.0,3809.141179518641,3475.051328592274,130.8588204813591
2022-06-01,3020.0,3020.0,3020.0,0.0
2022-06-02,2720.0,2720.0,2720.0,0.0
2022-06-03,2740.0,2720.75,2671.1111111111113,19.25
2022-06-04,2590.0,2590.0,2590.0,0.0
2022-06-05,2340.0,2340.0,2340.0,0.0
2022-06-06,2130.0,2130.0,2130.0,0.0
2022-06-07,2010.0,2010.0,2010.0,0.0
2022-06-08,2000.0,2000.0,1972.037037037037,0.0
2022-06-09,2160.0,2006.0,1949.441015089163,154.0
2022-06-10,1850.0,1850.0,1850.0,0.0
2022-06-11,1660.0,1660.0,1660.0,0.0
2022-06-12,1590.0,1590.0,1590.0,0.0
2022-06-13,1540.0,1540.0,1540.0,0.0
2022-06-14,1550.0,1540.375,1512.2222222222222,9.625
2022-06-15,1590.0,1542.596875,1489.9794238683126,47.403125
2022-06-16,1460.0,1460.0,1460.0,0.0
2022-06-17,1730.0,1470.125,1452.9629629629628,259.875
2022-06-18,1590.0,1484.365625,1436.2071330589847,105.634375
2022-06-19,1350.0,1350.0,1350.0,0.0
2022-06-20,1260.0,1260.0,1260.0,0.0
2022-06-21,1210.0,1210.0,1210.0,0.0
2022-06-22,1190.0,1190.0,1186.1111111111109,0.0
2022-06-23,1150.0,1150.0,1150.0,0.0
2022-06-24,1120.0,1120.0,1120.0,0.0
2022-06-25,1110.0,1110.0,1098.5185185185185,0.0
2022-06-26,1170.0,1112.25,1083.4705075445816,57.75
2022-06-27,1170.0,1116.58125,1069.8158309200833,53.41875
2022-06-28,1120.0,1118.71265625,1053.721772501557,1.2873437500000051
2022-06-29,1140.0,1119.55920703125,1040.5993861588202,20.440792968750003
2022-06-30,1220.0,1124.0922665039063,1034.617961514485,95.90773349609375
2022-07-01,1210.0,1130.9103465161133,1028.449631744625,79.08965348388672
2022-07-02,1290.0,1139.8420705274048,1028.7783695460487,150.1579294725952
2022-07-03,1430.0,1156.3539152378494,1039.4470390325257,273.6460847621506
2022-07-04,1640.0,1184.7523715950106,1064.683424307292,455.2476284049893
2022-07-05,1920.0,1229.3959437253848,1108.3238479825427,690.6040562746151
2022-07-06,1980.0,1283.441247945981,1152.3679361323072,696.558752054019
2022-07-07,1920.0,1333.4331543500325,1187.889423527464,586.5668456499676
2022-07-08,1850.0,1374.8006677737799,1214.936699126773,475.19933222622
2022-07-09,1550.0,1399.1906176907464,1217.2573751335533,150.80938230925352
2022-07-10,1800.0,1419.8763213639404,1237.881692250817,380.1236786360595
2022-07-11,1700.0,1444.635597261645,1249.188942968334,255.364402738355
2022-07-12,1700.0,1463.7879274670215,1259.4492260268214,236.2120725329784
2022-07-13,1790.0,1484.8788329069948,1275.4261495428564,305.12116709300506
2022-07-14,1740.0,1505.8879204389702,1286.2200245851845,234.1120795610297
2022-07-15,1290.0,1290.0,1262.6811334198899,0.0
2022-07-16,1310.0,1290.75,1242.803250695826,19.25
2022-07-17,1220.0,1220.0,1218.099246001768,0.0
2022-07-18,1260.0,1221.5,1198.6456121127153,38.5
2022-07-19,1300.0,1225.8875,1183.95620358376,74.11250000000001
2022-07-20,1400.0,1235.1959375,1178.03433288156,164.80406250000001
2022-07-21,1250.0,1241.9312421875,1161.5496724295638,8.068757812500024
2022-07-22,1090.0,1090.0,1090.0,0.0
2022-07-23,1010.0,1010.0,1010.0,0.0
2022-07-24,976.0,976.0,976.0,0.0
2022-07-25,948.0,948.0,948.0,0.0
2022-07-26,1010.0,950.325,935.0370370370371,59.675000000000004
2022-07-27,1080.0,957.425625,928.4595336076818,122.574375
2022-07-28,978.0,962.793703125,914.9355027180817,15.206296875000007
2022-07-29,1850.0,996.6341753906249,967.2562895034446,853.3658246093751
2022-07-30,1240.0,1037.761612236328,969.5473738086813,202.238387763672
2022-07-31,3330.0,1131.3044913186036,1126.441135493063,2198.6955086813964
2022-08-01,1770.0,1237.7066544697082,1153.2521414659275,532.2933455302918
2022-08-02,1360.0,1262.25365538448,1147.2102765153786,97.74634461552
2022-08-03,1180.0,1180.0,1128.394510171362,0.0
2022-08-04,1270.0,1183.375,1117.9876110814212,86.625
2022-08-05,1390.0,1194.371875,1117.4332026479563,195.628125
2022-08-06,1720.0,1221.418984375,1141.3745727731455,498.581015625
2022-08-07,2400.0,1284.312560546875,1213.4695197385952,1115.687439453125
2022-08-08,1850.0,1347.3641185058593,1238.1482679109474,502.6358814941407
2022-08-09,1430.0,1369.3118096179198,1229.4308356969707,60.688190382080165
2022-08-10,1400.0,1372.7384238965758,1219.2983509102144,27.261576103424154
2022-08-11,1350.0,1350.0,1206.4003554555647,0.0
2022-08-12,1890.0,1370.25,1234.6966188393087,519.75
2022-08-13,1650.0,1400.23125,1242.5950800578912,249.76875
2022-08-14,1250.0,1250.0,1220.1325726451234,0.0
2022-08-15,1140.0,1140.0,1140.0,0.0
2022-08-16,1080.0,1080.0,1080.0,0.0
2022-08-17,1200.0,1084.5,1068.888888888889,115.5
2022-08-18,1190.0,1092.7875,1058.0658436213992,97.2125
2022-08-19,1120.0,1097.4534375,1043.059746989788,22.546562500000007
2022-08-20,1310.0,1106.2694296875,1043.5171778240667,203.7305703125
2022-08-21,1400.0,1124.9242224609375,1050.5989206181346,275.0757775390625
2022-08-22,2020.0,1168.8049057763671,1102.9508724127518,851.1950942236329
2022-08-23,1650.0,1218.7695378431395,1123.0480138560156,431.2304621568604
2022-08-24,1250.0,1236.111822504904,1111.6546792397178,13.888177495095931
2022-08-25,1260.0,1237.5284358170363,1102.0570237545587,22.47156418296374
2022-08-26,1210.0,1210.0,1089.6443363698775,0.0
2022-08-27,1480.0,1220.125,1098.380971891185,259.875
2022-08-28,1220.0,1220.0,1087.049400419779,0.0
2022-08-29,1080.0,1080.0,1066.3966781586885,0.0
2022-08-30,1020.0,1020.0,1020.0,0.0
2022-08-31,993.0,993.0,993.0,0.0
2022-09-01,933.0,933.0,933.0,0.0
2022-09-02,882.0,882.0,882.0,0.0
2022-09-03,884.0,882.075,865.8148148148148,1.925
2022-09-04,1140.0,891.819375,870.09122085048,248.180625
2022-09-05,4980.0,1054.432921875,1158.4161078087693,3925.567078125
2022-09-06,6830.0,1418.2254527343748,1557.0812830116615,5411.774547265625
2022-09-07,6140.0,1798.2335437792963,1867.7219049550265,4341.766456220704
2022-09-08,5570.0,2102.491027995849,2107.377284125858,3467.508972004151
2022-09-09,3200.0,2273.67920089616,2149.286794854945,926.3207991038398
2022-09-10,2880.0,2331.153260828948,2163.6120916276354,548.8467391710519
2022-09-11,3770.0,2405.691766266777,2242.53689795841,1364.308233733223
2022-09-12,2730.0,2469.0148837967686,2237.116814814113,260.9851162032314
2022-09-13,2210.0,2210.0,2193.680072701695,0.0
2022-09-14,1870.0,1870.0,1870.0,0.0
2022-09-15,1670.0,1670.0,1670.0,0.0
2022-09-16,1540.0,1540.0,1540.0,0.0
2022-09-17,1430.0,1430.0,1430.0,0.0
2022-09-18,1360.0,1360.0,1360.0,0.0
2022-09-19,1300.0,1300.0,1300.0,0.0
2022-09-20,1250.0,1250.0,1250.0,0.0
2022-09-21,1190.0,1190.0,1190.0,0.0
2022-09-22,1140.0,1140.0,1140.0,0.0
2022-09-23,1080.0,1080.0,1080.0,0.0
2022-09-24,1040.0,1040.0,1040.0,0.0
2022-09-25,1030.0,1030.0,1020.0,0.0
2022-09-26,1030.0,1030.0,1001.8518518518518,0.0
2022-09-27,989.0,989.0,982.3470507544581,0.0
2022-09-28,937.0,937.0,937.0,0.0
2022-09-29,916.0,916.0,916.0,0.0
2022-09-30,932.0,916.6,900.2222222222222,15.4
2022-10-01,1130.0,925.18,900.5720164609053,204.82000000000002
2022-10-02,987.0,935.179,890.2968297515621,51.821
2022-10-03,921.0,921.0,876.0841603301212,0.0
2022-10-04,896.0,896.0,861.3356269662211,0.0
2022-10-05,875.0,875.0,846.3971429878673,0.0
2022-10-06,849.0,849.0,830.9159260445463,0.0
2022-10-07,832.0,832.0,815.6088958552364,0.0
2022-10-08,808.0,808.0,799.9414054982701,0.0
2022-10-09,796.0,796.0,784.8357198039859,0.0
2022-10-10,791.0,791.0,770.7583383406537,0.0
2022-10-11,786.0,786.0,757.6140477535563,0.0
2022-10-12,780.0,780.0,745.2423766652641,0.0
2022-10-13,781.0,780.0375,734.0903047518137,0.9625
2022-10-14,778.0,778.0,723.7486098673866,0.0
2022-10-15,761.0,761.0,713.1052200648508,0.0
2022-10-16,748.0,748.0,702.4843663551424,0.0
2022-10-17,834.0,751.225,699.2172953963329,82.775
2022-10-18,756.0,754.508125,690.4749532300058,1.4918750000000074
2022-10-19,729.0,729.0,680.5420871901904,0.0
2022-10-20,727.0,727.0,671.3807828207282,0.0
2022-10-21,727.0,727.0,663.0677473743644,0.0
2022-10-22,727.0,727.0,655.5244374322937,0.0
2022-10-23,727.0,727.0,648.6795821144887,0.0
2022-10-24,727.0,727.0,642.4685096964804,0.0
2022-10-25,721.0,721.0,636.3880921319915,0.0
2022-10-26,720.0,720.0,630.79660211977,0.0
2022-10-27,742.0,720.825,627.3524722938654,21.175
2022-10-28,736.0,722.188125,623.7827989333223,13.811875000000002
2022-10-29,717.0,717.0,619.1362434765332,0.0
2022-10-30,717.0,717.0,614.9199246361135,0.0
2022-10-31,761.0,718.65,614.3532649475844,42.35
2022-11-01,999.0,730.75125,631.4687033783637,268.24875000000003
2022-11-02,921.0,747.94490625,641.2216012137004,173.05509375000003
2022-11-03,787.0,755.89903828125,640.1455270272467,31.10096171875003
2022-11-04,747.0,747.0,636.2061263765756,0.0
2022-11-05,755.0,747.3,633.2240776380038,7.7
2022-11-06,979.0,756.2775,647.1107371159663,222.7225
2022-11-07,1070.0,776.3941875,666.4523355311546,293.6058125
2022-11-08,925.0,792.9771234375,673.2623044634552,132.02287656250002
2022-11-09,817.0,798.8288391796875,671.441720716839,18.171160820312522
2022-11-10,774.0,774.0,666.6045243541687,0.0
2022-11-11,3570.0,878.8499999999999,869.3263276547088,2691.15
2022-11-12,5860.0,1166.5612499999997,1222.9072232422361,4693.43875
2022-11-13,3880.0,1444.3191562499997,1397.0824803494365,2435.6808437500003
2022-11-14,1880.0,1551.9952195312494,1406.9822506874518,328.0047804687506
2022-11-15,1560.0,1560.0,1392.261671920095,0.0
2022-11-16,2030.0,1577.625,1413.7189245200864,452.375
2022-11-17,1790.0,1602.553125,1415.4116166941526,187.44687500000003
2022-11-18,1470.0,1470.0,1393.243874407657,0.0
2022-11-19,1320.0,1320.0,1320.0,0.0
2022-11-20,1220.0,1220.0,1220.0,0.0
2022-11-21,1150.0,1150.0,1150.0,0.0
2022-11-22,1100.0,1100.0,1100.0,0.0
2022-11-23,1070.0,1070.0,1070.0,0.0
2022-11-24,1030.0,1030.0,1030.0,0.0
2022-11-25,1010.0,1010.0,1009.4444444444445,0.0
2022-11-26,994.0,994.0,989.6069958847737,0.0
2022-11-27,1050.0,996.1,975.7544962658131,53.9
2022-11-28,1280.0,1008.7674999999999,980.221672537497,271.2325
2022-11-29,1160.0,1024.6099375,975.386332487729,135.39006250000003
2022-11-30,3110.0,1107.8891921875,1115.4431535536803,2002.1108078125
2022-12-01,3520.0,1273.4225027734374,1272.9021208172287,2246.5774972265626
2022-12-02,2160.0,1390.9158150654293,1315.040813334152,769.0841849345707
2022-12-03,1720.0,1432.097128935522,1320.6851824698788,287.90287106447795
2022-12-04,1540.0,1446.9398442653578,1312.4735915004455,93.06015573464214
2022-12-05,1420.0,1420.0,1296.1334441392933,0.0
2022-12-06,1660.0,1429.0,1299.0840511634328,231.0
2022-12-07,2030.0,1460.2,1329.1688612408927,569.8
2022-12-08,2090.0,1505.185,1360.9124852000696,584.8149999999999
2022-12-09,2460.0,1562.921125,1417.1242921259889,897.0788749999999
2022-12-10,2270.0,1623.0770406249999,1454.0572280402494,646.922959375
2022-12-11,2010.0,1661.8462625781249,1468.311188406893,348.153737421875
2022-12-12,1800.0,1680.0827928847657,1465.6897820729212,119.91720711523442
2022-12-13,1640.0,1640.0,1451.4592466957988,0.0
2022-12-14,1530.0,1530.0,1430.3982053350767,0.0
2022-12-15,4250.0,1632.0,1612.7687418781254,2618.0
2022-12-16,5670.0,1881.6,1883.438302815336,3788.4
2022-12-17,4470.0,2120.7299999999996,2040.156978480583,2349.2700000000004
2022-12-18,2760.0,2232.8002499999993,2055.69799899164,527.1997500000007
2022-12-19,2270.0,2253.9652312499993,2033.5037398257475,16.034768750000637
2022-12-20,2030.0,2030.0,1995.5867268789189,0.0
2022-12-21,1850.0,1850.0,1850.0,0.0
2022-12-22,1770.0,1770.0,1770.0,0.0
2022-12-23,1790.0,1770.75,1738.7037037037037,19.25
2022-12-24,1600.0,1600.0,1600.0,0.0
2022-12-25,1480.0,1480.0,1480.0,0.0
2022-12-26,1470.0,1470.0,1451.851851851852,0.0
2022-12-27,1420.0,1420.0,1420.0,0.0
2022-12-28,1370.0,1370.0,1370.0,0.0
2022-12-29,1330.0,1330.0,1330.0,0.0
2022-12-30,1300.0,1300.0,1300.0,0.0
2022-12-31,1340.0,1301.5,1278.888888888889,38.5
2023-01-01,1400.0,1306.6375,1264.1769547325105,93.36250000000001
2023-01-02,1350.0,1311.7646875,1247.1235329980186,38.23531250000002
2023-01-03,1330.0,1313.8823359374999,1230.167650313017,16.11766406250002
2023-01-04,3350.0,1390.8411607421874,1364.411386395145,1959.1588392578126
2023-01-05,4450.0,1579.0280736865234,1567.7066283955946,2870.9719263134766
2023-01-06,2910.0,1736.600968160034,1638.1041628034102,1173.399031839966
2023-01-07,2260.0,1800.2308955480314,1653.8352588401315,459.7691044519686
2023-01-08,2080.0,1827.963578381929,1654.7764385771561,252.03642161807096
2023-01-09,2290.0,1854.7413100032843,1671.18602759779,435.25868999671565
2023-01-10,2080.0,1879.5107117530379,1670.5206546720688,200.48928824696202
2023-01-11,1900.0,1887.79740837156,1656.5835570172478,12.202591628439876
2023-01-12,1940.0,1890.2126027436932,1646.8998943304655,49.78739725630689
2023-01-13,3280.0,1944.196657537916,1737.3721263369039,1335.803342462084
2023-01-14,2740.0,2024.1319082225723,1779.4672998242274,715.8680917774277
2023-01-15,2240.0,2059.0720151058795,1780.6277350256878,180.92798489412064
2023-01-16,2040.0,2040.0,1766.8659077084947,0.0
2023-01-17,1910.0,1910.0,1744.748694031782,0.0
2023-01-18,1820.0,1820.0,1718.012703843654,0.0
2023-01-19,1770.0,1770.0,1690.0485645988713,0.0
2023-01-20,1820.0,1771.875,1668.3774012100869,48.125
2023-01-21,1740.0,1740.0,1642.7869010980419,0.0
2023-01-22,1770.0,1741.125,1621.7881139593344,28.875
2023-01-23,2130.0,1756.790625,1629.4003256297665,373.209375
2023-01-24,1920.0,1776.906328125,1620.752147330714,143.09367187500004
2023-01-25,3290.0,1839.0133535156249,1714.3862077630554,1450.9866464843751
2023-01-26,5210.0,2019.8373520019531,1941.572670007217,3190.162647998047
2023-01-27,3620.0,2199.4745506018066,2029.945570932475,1420.5254493981934
2023-01-28,2700.0,2271.513959306671,2041.9876476979866,428.48604069332896
2023-01-29,2380.0,2291.6504123586706,2029.2110136518768,88.34958764132932
2023-01-30,2320.0,2296.0266314317705,2013.1729568322585,23.97336856822963
2023-01-31,2220.0,2220.0,1991.2124978663087,0.0
2023-02-01,2100.0,2100.0,1962.3965258416506,0.0
2023-02-02,2150.0,2101.875,1939.9524030785346,48.125
2023-02-03,2490.0,2118.234375,1944.7716250157073,371.765625
2023-02-04,2240.0,2136.741796875,1930.6261041809196,103.25820312500002
2023-02-05,2040.0,2040.0,1902.9755389789827,0.0
2023-02-06,1930.0,1930.0,1869.7370631475956,0.0
2023-02-07,1820.0,1820.0,1820.0,0.0
2023-02-08,1730.0,1730.0,1730.0,0.0
2023-02-09,1700.0,1700.0,1695.7407407407409,0.0
2023-02-10,1660.0,1660.0,1660.0,0.0
2023-02-11,1610.0,1610.0,1610.0,0.0
2023-02-12,2580.0,1646.375,1652.0370370370372,933.625
2023-02-13,2960.0,1730.646875,1718.3299039780522,1229.353125
2023-02-14,2280.0,1797.348359375,1728.1141721282324,482.651640625
2023-02-15,2030.0,1824.172232421875,1718.473971005248,205.82776757812502
2023-02-16,1920.0,1835.4843149902345,1701.5782329492063,84.51568500976566
2023-02-17,3890.0,1915.6979913659668,1832.1728410094652,1974.3020086340332
2023-02-18,4620.0,2091.145642013519,2004.7494298048853,2528.854357986481
2023-02-19,3270.0,2230.184718862505,2061.346704822952,1039.8152811374948
2023-02-20,2710.0,2287.1708649478173,2071.222009931938,422.8291350521828
2023-02-21,2520.0,2311.758050076731,2066.1088608641658,208.2419499232691
2023-02-22,2320.0,2319.8761963209763,2046.6543367100762,0.12380367902392209
2023-02-23,2170.0,2170.0,2017.890046273958,0.0
2023-02-24,2070.0,2070.0,1984.3817086559989,0.0
2023-02-25,2020.0,2020.0,1950.272291187851,0.0
2023-02-26,2020.0,2020.0,1919.3211531149018,0.0
2023-02-27,1920.0,1920.0,1883.828453752411,0.0
2023-02-28,1940.0,1920.75,1853.103596923484,19.25
2023-03-01,1900.0,1900.0,1822.2606712824206,0.0
2023-03-02,2220.0,1912.0,1817.9772757933076,308.0
2023-03-03,2470.0,1944.475,1832.6090095161494,525.5250000000001
2023-03-04,3810.0,2034.139375,1945.1452123387282,1775.860625
2023-03-05,3230.0,2145.5789218749997,2004.2984334184757,1084.4210781250001
2023-03-06,2590.0,2202.910502734375,2010.5670969908392,387.08949726562514
2023-03-07,2340.0,2222.5672150292967,1997.7368102324283,117.43278497070327
2023-03-08,2150.0,2150.0,1972.0204389146108,0.0
2023-03-09,2030.0,2030.0,1939.796324200295,0.0
2023-03-10,1940.0,1940.0,1903.8892571447122,0.0
2023-03-11,1860.0,1860.0,1860.0,0.0
2023-03-12,2170.0,1871.625,1848.5185185185185,298.375
2023-03-13,2450.0,1904.503125,1858.840877914952,545.496875
2023-03-14,2100.0,1932.2903906249999,1842.2815373672713,167.70960937500007
2023-03-15,1910.0,1910.0,1813.1813950184496,0.0
2023-03-16,1830.0,1830.0,1780.8497843685932,0.0
2023-03-17,1790.0,1790.0,1748.5488784085383,0.0
2023-03-18,1830.0,1791.5,1722.2017600373772,38.5
2023-03-19,1780.0,1780.0,1694.5904859598422,0.0
2023-03-20,1670.0,1670.0,1661.3876631857827,0.0
2023-03-21,1620.0,1620.0,1620.0,0.0
2023-03-22,1630.0,1620.375,1590.7407407407409,9.625
2023-03-23,1680.0,1622.971875,1567.8943758573387,57.028125
2023-03-24,1620.0,1620.0,1542.7189706853628,0.0
2023-03-25,1720.0,1623.75,1527.2820289552365,96.25
2023-03-26,1730.0,1631.34375,1514.0151744223442,98.65625
2023-03-27,1620.0,1620.0,1493.828584198053,0.0
2023-03-28,1560.0,1560.0,1471.066678253789,0.0
2023-03-29,1500.0,1500.0,1445.9679117488085,0.0
2023-03-30,1460.0,1460.0,1420.2301421424372,0.0
2023-03-31,1420.0,1420.0,1393.9125363885078,0.0
2023-04-01,1530.0,1424.125,1378.1798941303125,105.875
2023-04-02,1550.0,1432.815625,1365.385459488617,117.184375
2023-04-03,1440.0,1437.479453125,1345.627546573004,2.520546875000008
2023-04-04,1410.0,1410.0,1325.4768478162443,0.0
2023-04-05,1400.0,1400.0,1306.4512137591848,0.0
2023-04-06,1380.0,1380.0,1287.7057310037048,0.0
2023-04-07,2430.0,1419.375,1348.4737188737322,1010.625
2023-04-08,3740.0,1544.296875,1500.6520782372754,2195.703125
2023-04-09,5020.0,1756.974609375,1733.5546635856763,3263.025390625
2023-04-10,3390.0,1940.5765136718746,1824.15145399441,1449.4234863281254
2023-04-11,2500.0,2015.908275146484,1840.4337267727055,484.0917248535161
2023-04-12,2140.0,2038.7151545104975,1828.541715034492,101.2848454895024
2023-04-13,1910.0,1910.0,1800.7137784572242,0.0
2023-04-14,1870.0,1870.0,1772.4995397111848,0.0
2023-04-15,1960.0,1873.375,1753.5643971453344,86.625
2023-04-16,1800.0,1800.0,1724.5306566689144,0.0
2023-04-17,1670.0,1670.0,1670.0,0.0
2023-04-18,1560.0,1560.0,1560.0,0.0
2023-04-19,1470.0,1470.0,1470.0,0.0
2023-04-20,1420.0,1420.0,1420.0,0.0
2023-04-21,1360.0,1360.0,1360.0,0.0
2023-04-22,1760.0,1375.0,1364.4444444444446,385.0
2023-04-23,1750.0,1403.5,1367.7366255144034,346.5
2023-04-24,1460.0,1418.6125,1349.242493522329,41.38749999999999
2023-04-25,1350.0,1350.0,1324.3126330110022,0.0
2023-04-26,1340.0,1340.0,1300.95035217665,0.0
2023-04-27,1600.0,1349.75,1299.0105047528862,250.25
2023-04-28,3400.0,1436.01875,1430.5836061646562,1963.98125
2023-04-29,2970.0,1567.19234375,1518.1221611494102,1402.80765625
2023-04-30,2280.0,1646.52791796875,1546.4441832652055,633.47208203125
2023-05-01,2050.0,1685.4133241210939,1555.1067588887977,364.58667587890625
2023-05-02,1780.0,1702.6323248120116,1542.9672441768719,77.36767518798831
2023-05-03,1620.0,1620.0,1520.0999067530872,0.0
2023-05-04,1520.0,1520.0,1491.942507979653,0.0
2023-05-05,1450.0,1450.0,1450.0,0.0
2023-05-06,1400.0,1400.0,1400.0,0.0
2023-05-07,1430.0,1401.125,1376.296296296296,28.875
2023-05-08,1640.0,1411.165625,1370.3429355281205,228.834375
2023-05-09,1510.0,1423.453203125,1355.31118223848,86.54679687500001
2023-05-10,1360.0,1360.0,1330.5601468460281,0.0
2023-05-11,1270.0,1270.0,1270.0,0.0
2023-05-12,1290.0,1270.75,1247.9629629629628,19.25
2023-05-13,1290.0,1272.19375,1227.9663923182443,17.806250000000002
2023-05-14,1240.0,1240.0,1206.1176522887772,0.0
2023-05-15,1410.0,1246.375,1198.8845363361127,163.625
2023-05-16,1450.0,1260.146875,1195.2841163049911,189.853125
2023-05-17,1410.0,1272.885859375,1189.0541055360104,137.114140625
2023-05-18,1270.0,1270.0,1173.030577245639,0.0
2023-05-19,1220.0,1220.0,1154.7870052784504,0.0
2023-05-20,1200.0,1200.0,1136.7511714563716,0.0
2023-05-21,1170.0,1170.0,1118.1631000252262,0.0
2023-05-22,1140.0,1140.0,1099.0739240969644,0.0
2023-05-23,1090.0,1090.0,1078.048560754653,0.0
2023-05-24,1050.0,1050.0,1050.0,0.0
2023-05-25,1020.0,1020.0,1020.0,0.0
2023-05-26,992.0,992.0,992.0,0.0
2023-05-27,986.0,986.0,973.1851851851852,0.0
2023-05-28,3560.0,1082.525,1146.7791495198906,2477.475
2023-05-29,2520.0,1229.3356250000002,1227.2625616013822,1290.6643749999998
2023-05-30,1630.0,1292.7604531250001,1234.3678799716247,337.23954687499986
2023-05-31,1420.0,1310.178419140625,1225.259742937215,109.82158085937488
2023-06-01,1310.0,1310.0,1208.8468037763616,0.0
2023-06-02,1250.0,1250.0,1189.5091367600319,0.0
2023-06-03,1140.0,1140.0,1140.0,0.0
2023-06-04,1110.0,1110.0,1110.0,0.0
2023-06-05,1090.0,1090.0,1087.962962962963,0.0
2023-06-06,1030.0,1030.0,1030.0,0.0
2023-06-07,980.0,980.0,980.0,0.0
2023-06-08,960.0,960.0,960.0,0.0
2023-06-09,917.0,917.0,917.0,0.0
2023-06-10,877.0,877.0,877.0,0.0
2023-06-11,880.0,877.1125,860.9814814814815,2.8875
2023-06-12,1060.0,884.0790625,859.7794924554183,175.9209375
2023-06-13,1050.0,896.8981328125,857.9480579688055,153.1018671875
2023-06-14,898.0,898.0,845.0269414902125,0.0
2023-06-15,852.0,852.0,829.8948172781558,0.0
2023-06-16,956.0,855.9,823.8675193820302,100.10000000000001
2023-06-17,911.0,861.72,815.0649712911015,49.280000000000015
2023-06-18,815.0,815.0,799.9663628382218,0.0
2023-06-19,795.0,795.0,784.784292205053,0.0
2023-06-20,915.0,799.5,779.8968577416222,115.5
2023-06-21,3130.0,891.2249999999999,939.536037580361,2238.775
2023-06-22,4320.0,1103.7581249999998,1172.541960026624,3216.241875
2023-06-23,3080.0,1298.4762656249995,1292.1214081723072,1781.5237343750005
2023-06-24,2380.0,1405.8405457031245,1348.776833341538,974.1594542968755
2023-06-25,1850.0,1459.02750477539,1360.9271265506547,390.97249522460993
2023-06-26,1760.0,1484.975441917236,1365.2857259441128,275.0245580827642
2023-06-27,1570.0,1498.477283773443,1355.1666772455837,71.5227162265569
2023-06-28,1330.0,1330.0,1328.2067997228444,0.0
2023-06-29,1210.0,1210.0,1210.0,0.0
2023-06-30,1140.0,1140.0,1140.0,0.0
2023-07-01,1120.0,1120.0,1117.4074074074074,0.0
2023-07-02,1120.0,1120.0,1096.9067215363511,0.0
2023-07-03,1110.0,1110.0,1077.5635065792817,0.0
2023-07-04,1050.0,1050.0,1050.0,0.0
2023-07-05,1390.0,1062.75,1055.7407407407406,327.25
2023-07-06,1310.0,1084.29375,1055.0240054869682,225.70625
2023-07-07,1170.0,1095.97171875,1044.0032642381748,74.02828125000002
2023-07-08,1120.0,1099.64883984375,1030.2992582901957,20.351160156250018
2023-07-09,1260.0,1106.4251768554686,1028.2345121522146,153.57482314453125
2023-07-10,1120.0,1112.6932885913086,1015.9905758418244,7.306711408691427
2023-07-11,1010.0,1010.0,996.7321891898036,0.0
2023-07-12,938.0,938.0,938.0,0.0
2023-07-13,881.0,881.0,881.0,0.0
2023-07-14,1200.0,892.9625,888.3148148148148,307.0375
2023-07-15,1250.0,917.8653125,898.6560356652949,332.13468750000004
2023-07-16,1330.0,945.7754140625,913.9656619925825,384.2245859375001
2023-07-17,1180.0,968.9672580078125,916.7466192154916,211.0327419921876
2023-07-18,1070.0,980.6697136572265,911.1219322510942,89.33028634277355
2023-07-19,1500.0,1003.4944851329344,937.869901487104,496.50551486706553
2023-07-20,1610.0,1044.8573987479645,970.2893550531129,565.1426012520357
2023-07-21,1340.0,1077.118093841867,979.7070073630099,262.881906158133
2023-07-22,1180.0,1090.834236803727,976.400802977546,89.16576319627305
2023-07-23,1150.0,1096.3966690434474,971.178506405551,53.60333095655257
2023-07-24,1280.0,1105.2919188651888,976.0693854420741,174.70808113481112
2023-07-25,1040.0,1040.0,962.7296275307709,0.0
2023-07-26,931.0,931.0,931.0,0.0
2023-07-27,913.0,913.0,912.4259259259258,0.0
2023-07-28,866.0,866.0,866.0,0.0
2023-07-29,975.0,870.0875,858.0370370370371,104.91250000000001
2023-07-30,1070.0,881.5184375,857.8484224965707,188.4815625
2023-07-31,895.0,889.0920546875,844.7143093024439,5.907945312500004
2023-08-01,824.0,824.0,824.0,0.0
2023-08-02,835.0,824.4125,809.5555555555555,10.5875
2023-08-03,954.0,829.6690625,805.2633744855967,124.3309375
2023-08-04,1180.0,847.4688828124999,818.109358329523,332.5311171875
2023-08-05,1030.0,866.7837166015624,818.6547881138265,163.2162833984375
2023-08-06,873.0,873.0,807.5200855106945,0.0
2023-08-07,915.0,874.575,800.5274850004449,40.425000000000004
2023-08-08,916.0,877.644375,794.2564215744778,38.355625
2023-08-09,820.0,820.0,781.4549010583224,0.0
2023-08-10,1040.0,828.25,786.1350028121814,211.75
2023-08-11,1310.0,854.25625,810.3817618110535,455.74375
2023-08-12,1110.0,880.93703125,817.5686357174375,229.06296874999998
2023-08-13,1370.0,907.86675390625,843.3493175954525,462.13324609375
2023-08-14,897.0,897.0,831.7058622625401,0.0
2023-08-15,923.0,897.975,823.0664305715641,25.025000000000002
2023-08-16,824.0,824.0,807.893612926049,0.0
2023-08-17,767.0,767.0,767.0,0.0
2023-08-18,719.0,719.0,719.0,0.0
2023-08-19,684.0,684.0,684.0,0.0
2023-08-20,661.0,661.0,661.0,0.0
2023-08-21,650.0,650.0,647.9444444444443,0.0
2023-08-22,626.0,626.0,626.0,0.0
2023-08-23,612.0,612.0,612.0,0.0
2023-08-24,592.0,592.0,592.0,0.0
2023-08-25,582.0,582.0,580.2962962962963,0.0
2023-08-26,593.0,582.4125,570.4910836762689,10.5875
2023-08-27,583.0,582.8315625,560.8530203729107,0.16843750000000135
2023-08-28,771.0,589.8941953125,566.0332962643079,181.1058046875
2023-08-29,1860.0,644.3146306640624,651.4005836472425,1215.6853693359376
2023-08-30,2290.0,751.6160333642576,760.715344420646,1538.3839666357424
2023-08-31,1370.0,832.4948308619382,791.7602199372529,537.5051691380618
2023-09-01,957.0,857.3202185472928,789.3379773504702,99.67978145270718
2023-09-02,819.0,819.0,776.9177942624636,0.0
2023-09-03,749.0,749.0,749.0,0.0
2023-09-04,709.0,709.0,709.0,0.0
2023-09-05,681.0,681.0,681.0,0.0
2023-09-06,650.0,650.0,650.0,0.0
2023-09-07,661.0,650.4125,638.7777777777777,10.5875
2023-09-08,1000.0,663.9190625,653.7057613168724,336.0809375
2023-09-09,823.0,682.4876328125,654.1404130467917,140.5123671875
2023-09-10,952.0,697.8635603515625,664.0903748017183,254.1364396484375
2023-09-11,1150.0,724.3487933251953,687.785710468226,425.6512066748047
2023-09-12,870.0,745.7726338258055,688.546292832279,124.2273661741944
2023-09-13,789.0,752.0521862888702,683.2364509033645,36.947813711129825
2023-09-14,768.0,754.0357723172049,676.8627054493492,13.964227682795087
2023-09-15,739.0,739.0,668.9309734632983,0.0
2023-09-16,686.0,686.0,657.8077351796595,0.0
2023-09-17,753.0,688.5125,652.6773893296911,64.4875
2023-09-18,798.0,695.0365625,651.3554088362011,102.9634375
2023-09-19,724.0,699.9838203125,644.6743524624789,24.0161796875
2023-09-20,644.0,644.0,632.6859864937308,0.0
2023-09-21,616.0,616.0,616.0,0.0
2023-09-22,601.0,601.0,601.0,0.0
2023-09-23,592.0,592.0,589.2037037037037,0.0
2023-09-24,578.0,578.0,577.4626200274348,0.0
2023-09-25,570.0,570.0,566.2160811360056,0.0
2023-09-26,560.0,560.0,555.2701476974865,0.0
2023-09-27,560.0,560.0,545.3377266143859,0.0
2023-09-28,565.0,560.1875,536.6953445204613,4.8125
2023-09-29,561.0,560.3984375,528.5568866944927,0.6015625000000004
2023-09-30,553.0,553.0,520.5793971857435,0.0
2023-10-01,530.0,530.0,511.6368604092857,0.0
2023-10-02,518.0,518.0,502.6334474084259,0.0
2023-10-03,504.0,504.0,493.42664672246053,0.0
2023-10-04,490.0,490.0,484.03529054445494,0.0
2023-10-05,482.0,482.0,474.9209117903387,0.0
2023-10-06,480.0,480.0,466.5023088467888,0.0
2023-10-07,498.0,480.675,460.19653950912317,17.325
2023-10-08,483.0,481.411875,453.3635265916118,1.5881250000000016
2023-10-09,468.0,468.0,446.0520889442403,0.0
2023-10-10,463.0,463.0,439.0472658938477,0.0
2023-10-11,463.0,463.0,432.6910375703432,0.0
2023-10-12,508.0,464.6875,430.25668223975583,43.3125
2023-10-13,558.0,469.8109375,431.75143388422293,88.1890625
2023-10-14,560.0,476.5001171875,433.2559307467949,83.4998828125
2023-10-15,545.0,482.20010839843746,433.5100112332028,62.79989160156251
2023-10-16,538.0,486.6476002685547,433.2220472301285,51.352399731445324
2023-10-17,501.0,489.1115302484131,430.2200058199314,11.888469751586925
2023-10-18,488.0,488.0,426.53296824401184,0.0
2023-10-19,488.0,488.0,423.18732303623295,0.0
2023-10-20,522.0,489.275,422.6699783106558,32.725
2023-10-21,517.0,491.541875,421.83016550411355,25.458125000000003
2023-10-22,495.0,492.62623437499997,419.43848351299187,2.3737656250000043
2023-10-23,478.0,478.0,416.00899429882594,0.0
2023-10-24,463.0,463.0,411.78593927115685,0.0
2023-10-25,463.0,463.0,407.9539078571608,0.0
2023-10-26,458.0,458.0,404.10632379631255,0.0
2023-10-27,460.0,458.075,400.76314566702433,1.925
2023-10-28,467.0,458.481875,398.2480395867443,8.518125
2023-10-29,469.0,459.19573437500003,396.11396184723094,9.804265625
2023-10-30,469.0,459.931054296875,394.17748389841324,9.068945703125
2023-10-31,458.0,458.0,391.6054946485601,0.0
2023-11-01,454.0,454.0,388.9753562551749,0.0
2023-11-02,454.0,454.0,386.58874919451057,0.0
2023-11-03,454.0,454.0,384.42312426909297,0.0
2023-11-04,454.0,454.0,382.4580201701029,0.0
2023-11-05,458.0,454.15,380.9711664506489,3.85
2023-11-06,457.0,454.40125,379.5479102978111,2.5987500000000003
2023-11-07,457.0,454.59615625,378.2564371220879,2.4038437500000005
2023-11-08,459.0,454.85144453125,377.2326929441168,4.148555468750001
2023-11-09,459.0,455.16258619140626,376.30373989373567,3.837413808593751
2023-11-10,463.0,455.6003922270508,375.7570973109824,7.39960777294922
2023-11-11,497.0,457.43036281002196,377.7795883007062,39.56963718997803
2023-11-12,509.0,460.84808559927035,380.5037004950853,48.15191440072968
2023-11-13,494.0,463.89697917932506,381.8644689677626,30.103020820674956
2023-11-14,479.0,465.59220574087567,381.9881292485253,13.407794259124337
2023-11-15,465.0,465.0,381.06330246625447,0.0
2023-11-16,457.0,457.0,379.6315152008606,0.0
2023-11-17,454.0,454.0,378.1100786081883,0.0
2023-11-18,459.0,454.1875,377.0998861444672,4.8125
2023-11-19,457.0,454.4734375,376.0350818718313,2.5265625000000007
2023-11-20,454.0,454.0,374.84664836518033,0.0
2023-11-21,519.0,456.4375,378.5830698128488,62.5625
2023-11-22,975.0,478.22968749999995,415.75130408943687,496.77031250000005
2023-11-23,1080.0,519.4249609374999,457.25581297004464,560.5750390625001
2023-11-24,673.0,546.2055888671873,464.7691636209665,126.79441113281263
2023-11-25,574.0,552.0026697021483,464.2535003227288,21.997330297851676
2023-11-26,537.0,537.0,461.04484288543915,0.0
2023-11-27,521.0,521.0,456.9480981738244,0.0
2023-11-28,503.0,503.0,451.89734834291465,0.0
2023-11-29,492.0,492.0,446.4994457185707,0.0
2023-11-30,488.0,488.0,441.30505259648083,0.0
2023-12-01,490.0,488.075,436.7397699486585,1.925
2023-12-02,514.0,489.119375,434.3749764348938,24.880625000000002
2023-12-03,581.0,493.497921875,437.1921082464777,87.502078125
2023-12-04,601.0,500.810577734375,441.2298760014335,100.189422265625
2023-12-05,593.0,508.0247844042969,444.3011837790786,84.97521559570312
2023-12-06,541.0,512.4479255739747,443.2362593550898,28.552074426025378
2023-12-07,523.0,513.9143311559266,440.9366057111,9.085668844073478
2023-12-08,510.0,510.0,437.88691999710926,0.0
2023-12-09,563.0,511.9875,439.04553851589543,51.0125
2023-12-10,3540.0,627.4509374999998,660.6153960607202,2912.5490625
2023-12-11,4070.0,865.7671171874995,900.9287853143575,3204.2328828125005
2023-12-12,2040.0,1029.9595833984367,968.6205644519171,1010.0404166015633
2023-12-13,1230.0,1075.337614643554,970.0445862619247,154.66238535644607
2023-12-14,993.0,993.0,953.7811986450797,0.0
2023-12-15,877.0,877.0,877.0,0.0
2023-12-16,813.0,813.0,813.0,0.0
2023-12-17,796.0,796.0,796.0,0.0
2023-12-18,927.0,800.9125,790.962962962963,126.0875
2023-12-19,878.0,808.5315625,782.7626886145405,69.46843750000002
2023-12-20,776.0,776.0,767.7661433724535,0.0
2023-12-21,733.0,733.0,733.0,0.0
2023-12-22,708.0,708.0,708.0,0.0
2023-12-23,684.0,684.0,684.0,0.0
2023-12-24,669.0,669.0,669.0,0.0
2023-12-25,744.0,671.8125,662.1666666666666,72.1875
2023-12-26,6490.0,892.7015624999995,1081.595679012346,5597.298437500001
2023-12-27,7810.0,1361.998945312499,1559.9664494741662,6448.001054687501
2023-12-28,7030.0,1816.3490244140612,1936.2658523006326,5213.650975585939
2023-12-29,4150.0,2099.3728475830067,2064.3893844950185,2050.6271524169933
2023-12-30,2070.0,2070.0,2026.5755525973316,0.0
2023-12-31,1670.0,1670.0,1670.0,0.0
2024-01-01,1450.0,1450.0,1450.0,0.0
2024-01-02,1300.0,1300.0,1300.0,0.0
2024-01-03,1200.0,1200.0,1200.0,0.0
2024-01-04,1140.0,1140.0,1140.0,0.0
2024-01-05,1070.0,1070.0,1070.0,0.0
2024-01-06,1520.0,1086.875,1083.5185185185185,433.125
2024-01-07,2620.0,1160.609375,1177.266803840878,1459.390625
2024-01-08,1790.0,1238.938671875,1200.8532108926488,551.061328125
2024-01-09,10300.0,1599.393271484374,1852.626061735923,8700.606728515626
2024-01-10,14800.0,2420.6887761230464,2777.3829078714866,12379.311223876954
2024-01-11,12300.0,3255.387117913817,3431.3289349204238,9044.612882086183
2024-01-12,9470.0,3827.60808407028,3815.094774279644,5642.39191592972
2024-01-13,6920.0,4155.162477765009,3974.4378507352326,2764.8375222349914
2024-01-14,4400.0,4268.025291932632,3932.360271963452,131.97470806736737
2024-01-15,3260.0,3260.0,3260.0,0.0
2024-01-16,2810.0,2810.0,2810.0,0.0
2024-01-17,2480.0,2480.0,2480.0,0.0
2024-01-18,2230.0,2230.0,2230.0,0.0
2024-01-19,2100.0,2100.0,2100.0,0.0
2024-01-20,1940.0,1940.0,1940.0,0.0
2024-01-21,1700.0,1700.0,1700.0,0.0
2024-01-22,1680.0,1680.0,1667.037037037037,0.0
2024-01-23,1640.0,1640.0,1634.1632373113853,0.0
2024-01-24,1700.0,1642.25,1608.7777523751458,57.75
2024-01-25,3060.0,1697.58125,1686.483516044114,1362.41875
2024-01-26,6410.0,1925.38765625,2005.1424497437336,4484.61234375
2024-01-27,5780.0,2238.10858203125,2247.6292599526473,3541.89141796875
2024-01-28,7460.0,2566.7504383789055,2592.108032179254,4893.2495616210945
2024-01-29,6480.0,2896.994155500487,2832.098029199694,3583.005844499513
2024-01-30,5430.0,3126.3445938379505,2972.0889524219447,2303.6554061620495
2024-01-31,3850.0,3239.868749300104,2982.0807160865797,610.1312506998961
2024-02-01,3220.0,3220.0,2944.480649782267,0.0
2024-02-02,2880.0,2880.0,2880.0,0.0
2024-02-03,2640.0,2640.0,2640.0,0.0
2024-02-04,2440.0,2440.0,2440.0,0.0
2024-02-05,2300.0,2300.0,2300.0,0.0
2024-02-06,2170.0,2170.0,2170.0,0.0
2024-02-07,2040.0,2040.0,2040.0,0.0
2024-02-08,1920.0,1920.0,1920.0,0.0
2024-02-09,1850.0,1850.0,1850.0,0.0
2024-02-10,1800.0,1800.0,1800.0,0.0
2024-02-11,2020.0,1808.25,1782.962962962963,211.75
2024-02-12,2130.0,1828.25625,1775.6515775034295,301.74375
2024-02-13,2900.0,1879.76203125,1826.054209216075,1020.2379687499999
2024-02-14,3020.0,1960.77987890625,1880.678819473846,1059.22012109375
2024-02-15,2410.0,2017.346387988281,1885.0604102633047,392.6536120117189
2024-02-16,2180.0,2038.17040888916,1871.9992611648506,141.82959111084
2024-02-17,2070.0,2044.6826282224729,1851.9993295755128,25.317371777527
2024-02-18,1950.0,1950.0,1824.9623546148173,0.0
2024-02-19,1850.0,1850.0,1793.0213958541858,0.0
2024-02-20,1760.0,1760.0,1757.3712666084277,0.0
2024-02-21,1690.0,1690.0,1690.0,0.0
2024-02-22,1640.0,1640.0,1640.0,0.0
2024-02-23,1650.0,1640.375,1610.3703703703704,9.625
2024-02-24,1630.0,1630.0,1582.002743484225,0.0
2024-02-25,1560.0,1560.0,1551.076563531982,0.0
2024-02-26,1490.0,1490.0,1490.0,0.0
2024-02-27,1460.0,1460.0,1460.0,0.0
2024-02-28,1480.0,1460.75,1434.4444444444443,19.25
2024-02-29,1500.0,1462.94375,1412.7366255144032,37.056250000000006
2024-03-01,1990.0,1484.09796875,1429.3350861149215,505.90203125
2024-03-02,4520.0,1616.91562109375,1631.8040596227993,2903.08437890625
2024-03-03,3350.0,1790.7719495117185,1728.8592392873552,1559.2280504882815
2024-03-04,2500.0,1875.8390532983396,1753.9648652792669,624.1609467016604
2024-03-05,2220.0,1912.151124300964,1756.0051555311866,307.84887569903583
2024-03-06,2920.0,1961.4897899783919,1809.7083818708916,958.5102100216081
2024-03-07,3900.0,2070.1280557300124,1931.0316798458089,1829.8719442699876
2024-03-08,3140.0,2178.8684515502614,1984.825042823049,961.1315484497386
2024-03-09,4180.0,2289.953317683992,2110.674575894989,1890.0466823160082
2024-03-10,5000.0,2462.4568188576923,2285.612115163972,2537.5431811423077
2024-03-11,3810.0,2608.1475574433653,2356.2035859821226,1201.8524425566347
2024-03-12,3110.0,2672.036490635113,2368.406957650445,437.96350936488716
2024-03-13,2750.0,2691.383753837479,2352.8137208309595,58.61624616252067
2024-03-14,2520.0,2520.0,2321.627265198463,0.0
2024-03-15,2620.0,2523.75,2300.7358517541606,96.25
2024-03-16,2870.0,2540.34375,2300.297346962109,329.65625
2024-03-17,2460.0,2460.0,2269.529074095247,0.0
2024-03-18,2250.0,2250.0,2226.0541598271684,0.0
2024-03-19,2090.0,2090.0,2090.0,0.0
2024-03-20,1980.0,1980.0,1980.0,0.0
2024-03-21,1900.0,1900.0,1900.0,0.0
2024-03-22,1860.0,1860.0,1860.0,0.0
2024-03-23,3230.0,1911.375,1927.0370370370372,1318.625
2024-03-24,3070.0,2004.271875,1976.0150891632375,1065.728125
2024-03-25,2400.0,2059.076484375,1970.828506833308,340.92351562500016
2024-03-26,2280.0,2080.145748046875,1957.2332747191128,199.85425195312519
2024-03-27,3080.0,2125.134816943359,2004.156119652528,954.8651830566408
2024-03-28,2980.0,2192.999705672607,2039.3268493143312,787.0002943273928
2024-03-29,2520.0,2234.7747277471617,2037.1669558593005,285.2252722528384
2024-03-30,2310.0,2248.2916231661243,2019.6514969834393,61.70837683387555
2024-03-31,2180.0,2180.0,1994.1282102257135,0.0
2024-04-01,2090.0,2090.0,1964.301524093703,0.0
2024-04-02,1990.0,1990.0,1929.8291607516933,0.0
2024-04-03,2150.0,1996.0,1910.400534756166,154.0
2024-04-04,2300.0,2013.175,1903.8819667231876,286.82500000000005
2024-04-05,1980.0,1980.0,1874.26326610067,0.0
2024-04-06,1850.0,1850.0,1837.7574081283856,0.0
2024-04-07,1780.0,1780.0,1780.0,0.0
2024-04-08,1720.0,1720.0,1720.0,0.0
2024-04-09,1820.0,1723.75,1695.5555555555552,96.25
2024-04-10,2000.0,1737.71875,1686.7078189300407,262.28125
2024-04-11,2130.0,1762.26484375,1688.3089468068888,367.73515625000005
2024-04-12,3710.0,1849.09498046875,1806.7988591395845,1860.90501953125
2024-04-13,3490.0,1980.4128569335937,1898.0211869970303,1509.5871430664063
2024-04-14,2680.0,2063.256892663574,1920.797003015824,616.743107336426
2024-04-15,2390.0,2098.637625713806,1919.982465699544,291.36237428619404
2024-04-16,2270.0,2115.9898037852704,1910.354459616253,154.0101962147295
2024-04-17,2140.0,2122.665568501375,1891.9883059480815,17.33443149862478
2024-04-18,2010.0,2010.0,1865.6930924343703,0.0
2024-04-19,1970.0,1970.0,1838.8696579497064,0.0
2024-04-20,1910.0,1910.0,1810.0854303617705,0.0
2024-04-21,1940.0,1911.125,1786.1886312541992,28.875
2024-04-22,2010.0,1915.915625,1769.6896839158474,94.084375
2024-04-23,1800.0,1800.0,1739.1628613310468,0.0
2024-04-24,1680.0,1680.0,1680.0,0.0
2024-04-25,1630.0,1630.0,1630.0,0.0
2024-04-26,1600.0,1600.0,1597.5925925925924,0.0
2024-04-27,1590.0,1590.0,1567.4451303155004,0.0
2024-04-28,1550.0,1550.0,1537.126136767769,0.0
2024-04-29,1490.0,1490.0,1490.0,0.0
2024-04-30,1470.0,1470.0,1460.9259259259259,0.0
2024-05-01,1710.0,1479.0,1452.3216735253773,231.0
2024-05-02,1480.0,1480.0,1427.4770741248792,0.0
2024-05-03,1390.0,1390.0,1390.0,0.0
2024-05-04,1480.0,1393.375,1370.9259259259259,86.625
2024-05-05,1870.0,1414.496875,1382.5068587105623,455.503125
2024-05-06,2630.0,1477.159609375,1449.3117792003252,1152.840390625
2024-05-07,2660.0,1564.747638671875,1512.1532811262211,1095.252361328125
2024-05-08,2090.0,1625.5165657714842,1526.9539032441635,464.48343422851576
2024-05-09,5030.0,1770.6028233386228,1758.1618751660005,3259.397176661377
2024-05-10,5740.0,2041.6826115882259,2020.5542941321119,3698.317388411774
2024-05-11,3550.0,2236.931415719109,2096.4288965272867,1313.0685842808912
2024-05-12,2600.0,2299.7865595401754,2094.90770240439,300.21344045982437
2024-05-13,2230.0,2230.0,2066.119952181761,0.0
2024-05-14,2100.0,2100.0,2030.368104757524,0.0
2024-05-15,2340.0,2109.0,2015.7043913540497,231.0
2024-05-16,2770.0,2142.45,2034.2502810434896,627.55
2024-05-17,2120.0,2120.0,2002.9308105764999,0.0
2024-05-18,2170.0,2121.875,1978.2149947823796,48.125
2024-05-19,2850.0,2150.984375,2006.1580508210482,699.015625
2024-05-20,2220.0,2179.785546875,1984.8471201894697,40.21445312499998
2024-05-21,1920.0,1920.0,1920.0,0.0
2024-05-22,1750.0,1750.0,1750.0,0.0
2024-05-23,1650.0,1650.0,1650.0,0.0
2024-05-24,2830.0,1694.25,1706.851851851852,1135.75
2024-05-25,2280.0,1758.8062499999999,1717.6989026063102,521.1937500000001
2024-05-26,2000.0,1787.3957812499998,1706.8008560686892,212.60421875000014
2024-05-27,2330.0,1815.71609765625,1721.3563323586254,514.2839023437501
2024-05-28,2370.0,1855.787390332031,1737.5270423254192,514.2126096679689
2024-05-29,1830.0,1830.0,1712.2004643323248,0.0
2024-05-30,1590.0,1590.0,1590.0,0.0
2024-05-31,1480.0,1480.0,1480.0,0.0
2024-06-01,1420.0,1420.0,1420.0,0.0
2024-06-02,1400.0,1400.0,1392.2222222222222,0.0
2024-06-03,1500.0,1403.75,1374.4238683127571,96.25
2024-06-04,1770.0,1421.09375,1378.27351013565,348.90625
2024-06-05,1600.0,1440.88671875,1369.1741110490157,159.11328125
2024-06-06,1590.0,1452.44521484375,1360.1765081741066,137.55478515625
2024-06-07,1480.0,1458.6368237304687,1343.863868528356,21.363176269531266
2024-06-08,1340.0,1340.0,1318.6912881090639,0.0
2024-06-09,1330.0,1330.0,1295.1087614322987,0.0
2024-06-10,1480.0,1335.625,1284.8209131515305,144.375
2024-06-11,1250.0,1250.0,1250.0,0.0
2024-06-12,1180.0,1180.0,1180.0,0.0
2024-06-13,1150.0,1150.0,1150.0,0.0
2024-06-14,1120.0,1120.0,1120.0,0.0
2024-06-15,1090.0,1090.0,1090.0,0.0
2024-06-16,1100.0,1090.375,1070.5555555555557,9.625
2024-06-17,1760.0,1115.846875,1101.8004115226338,644.153125
2024-06-18,1360.0,1149.158359375,1100.5225956409083,210.84164062500008
2024-06-19,1160.0,1157.471482421875,1084.548281229713,2.5285175781250757
2024-06-20,1090.0,1090.0,1064.8678848195543,0.0
2024-06-21,1050.0,1050.0,1044.0467843732993,0.0
2024-06-22,1010.0,1010.0,1010.0,0.0
2024-06-23,988.0,988.0,988.0,0.0
2024-06-24,958.0,958.0,958.0,0.0
2024-06-25,926.0,926.0,926.0,0.0
2024-06-26,888.0,888.0,888.0,0.0
2024-06-27,869.0,869.0,869.0,0.0
2024-06-28,888.0,869.7125,854.3148148148149,18.2875
2024-06-29,910.0,871.9090625,842.6189986282579,38.0909375
2024-06-30,1020.0,878.8908828125,840.1542765330489,141.1091171875
2024-07-01,986.0,888.1990666015624,835.3992509281369,97.80093339843751
2024-07-02,1040.0,897.5591366064452,835.0845054718279,142.4408633935547
2024-07-03,876.0,876.0,822.6507549651773,0.0
2024-07-04,830.0,830.0,807.9608702461793,0.0
2024-07-05,830.0,830.0,794.6311600381997,0.0
2024-07-06,892.0,832.325,787.1282748494775,59.675000000000004
2024-07-07,905.0,837.288125,781.2830642152667,67.711875
2024-07-08,1430.0,862.054015625,814.8679656768161,567.945984375
2024-07-09,1350.0,901.649964453125,839.417228114148,448.350035546875
2024-07-10,1080.0,925.1512171191406,841.6934106961713,154.8487828808594
2024-07-11,892.0,892.0,829.8329097057851,0.0
2024-07-12,827.0,827.0,814.2557884367309,0.0
2024-07-13,909.0,830.075,806.1950672851816,78.925
2024-07-14,784.0,784.0,784.0,0.0
2024-07-15,768.0,768.0,768.0,0.0
2024-07-16,836.0,770.55,758.8148148148148,65.45
2024-07-17,1060.0,783.85875,767.0727023319615,276.14125
2024-07-18,1390.0,816.9443437499999,799.0104150790021,573.0556562500001
2024-07-19,1560.0,866.2985179687499,840.5835247939094,693.7014820312501
2024-07-20,1510.0,916.4511291210937,874.6035687944734,593.5488708789063
2024-07-21,1950.0,977.4672944370117,938.0662013135037,972.5327055629883
2024-07-22,4680.0,1152.7822473542356,1197.8748863770684,3527.2177526457644
2024-07-23,2750.0,1344.9485788026677,1290.6642487495621,1405.0514211973323
2024-07-24,1950.0,1420.3274353924676,1315.6027442357138,529.6725646075324
2024-07-25,3480.0,1517.4278777380325,1451.5654531027774,1962.5721222619675
2024-07-26,2400.0,1624.12078690768,1494.9390222599277,775.87921309232
2024-07-27,1640.0,1640.0,1478.000223902527,0.0
2024-07-28,1290.0,1290.0,1290.0,0.0
2024-07-29,1430.0,1295.25,1276.4814814814815,134.75
2024-07-30,1570.0,1310.60625,1274.5850480109739,259.39375
2024-07-31,2990.0,1383.31078125,1378.0493954173653,1606.68921875
2024-08-01,1700.0,1455.4374726562498,1376.3781551009426,244.56252734375016
2024-08-02,1780.0,1476.7796622070312,1380.7875851841886,303.2203377929689
2024-08-03,2130.0,1512.6461875415039,1410.7146606300973,617.3538124584962
2024-08-04,2350.0,1567.197723475891,1454.1670068680514,782.8022765241091
2024-08-05,1250.0,1250.0,1250.0,0.0
2024-08-06,1090.0,1090.0,1090.0,0.0
2024-08-07,1020.0,1020.0,1020.0,0.0
2024-08-08,992.0,992.0,992.0,0.0
2024-08-09,1040.0,993.8,977.1851851851852,46.2
2024-08-10,936.0,936.0,936.0,0.0
2024-08-11,875.0,875.0,875.0,0.0
2024-08-12,1040.0,881.1875,871.0185185185186,158.8125
2024-08-13,959.0,890.0609375,861.4056927297669,68.9390625
2024-08-14,1040.0,898.2688671875,858.6829434029366,141.73113281250002
2024-08-15,977.0,906.5362021484375,851.5456338285906,70.46379785156252
2024-08-16,896.0,896.0,839.0691862518692,0.0
2024-08-17,1020.0,900.65,836.9331504878072,119.35000000000001
2024-08-18,1090.0,912.2262499999999,840.1800809981955,177.77375
2024-08-19,887.0,887.0,828.089332757622,0.0
2024-08-20,805.0,805.0,805.0,0.0
2024-08-21,765.0,765.0,765.0,0.0
2024-08-22,741.0,741.0,741.0,0.0
2024-08-23,729.0,729.0,726.3888888888889,0.0
2024-08-24,708.0,708.0,708.0,0.0
2024-08-25,689.0,689.0,689.0,0.0
2024-08-26,671.0,671.0,671.0,0.0
2024-08-27,645.0,645.0,645.0,0.0
2024-08-28,629.0,629.0,629.0,0.0
2024-08-29,616.0,616.0,616.0,0.0
2024-08-30,610.0,610.0,604.1481481481482,0.0
2024-08-31,975.0,623.6875,620.4307270233197,351.3125
2024-09-01,921.0,648.0109375,631.2056597063457,272.9890625
2024-09-02,965.0,670.1351171875,644.242172696499,294.8648828125
2024-09-03,812.0,686.5124833984374,644.7382678171936,125.48751660156253
2024-09-04,680.0,680.0,635.4106504267127,0.0
2024-09-05,634.0,634.0,623.5392939057208,0.0
2024-09-06,616.0,616.0,611.4338037292652,0.0
2024-09-07,615.0,615.0,600.3751181987776,0.0
2024-09-08,595.0,595.0,588.8589035507426,0.0
2024-09-09,569.0,569.0,569.0,0.0
2024-09-10,552.0,552.0,552.0,0.0
2024-09-11,548.0,548.0,541.4814814814814,0.0
2024-09-12,534.0,534.0,530.8998628257887,0.0
2024-09-13,582.0,535.8,524.8535792308082,46.2
2024-09-14,658.0,542.115,524.9967663390668,115.88500000000002
2024-09-15,694.0,552.156375,527.7933620484124,141.84362500000003
2024-09-16,640.0,560.7696468749999,526.3310137105964,79.23035312500005
2024-09-17,2670.0,642.8369233593749,675.3744383670228,2027.1630766406251
2024-09-18,2100.0,773.4991541074216,768.3953237034096,1326.5008458925784
2024-09-19,1330.0,844.111717549365,795.7661270642052,485.88828245063496
2024-09-20,1070.0,870.8033387331627,801.3433375212232,199.19666126683734
2024-09-21,891.0,879.0305883281754,793.144880343332,11.96941167182456
2024-09-22,789.0,789.0,778.1499840152459,0.0
2024-09-23,742.0,742.0,742.0,0.0
2024-09-24,1020.0,752.425,748.8518518518518,267.575
2024-09-25,3810.0,877.118125,961.7359396433473,2932.881875
2024-09-26,21100.0,1745.4592656249988,2435.649278565261,19354.540734375
2024-09-27,68900.0,4989.54982070312,7313.829900920335,63910.45017929688
2024-09-28,65100.0,9640.33358415038,11458.845650835123,55459.66641584962
2024-09-29,35300.0,12682.308565339095,13012.656238720761,22617.691434660905
2024-09-30,17200.0,13699.885422938663,13081.854735135506,3500.1145770613366
2024-10-01,9860.0,9860.0,9860.0,0.0
2024-10-02,6380.0,6380.0,6380.0,0.0
2024-10-03,4050.0,4050.0,4050.0,0.0
2024-10-04,3400.0,3400.0,3400.0,0.0
2024-10-05,3070.0,3070.0,3070.0,0.0
2024-10-06,2780.0,2780.0,2780.0,0.0
2024-10-07,2570.0,2570.0,2570.0,0.0
2024-10-08,2410.0,2410.0,2410.0,0.0
2024-10-09,2260.0,2260.0,2260.0,0.0
2024-10-10,2120.0,2120.0,2120.0,0.0
2024-10-11,2000.0,2000.0,2000.0,0.0
2024-10-12,1910.0,1910.0,1910.0,0.0
2024-10-13,1830.0,1830.0,1830.0,0.0
2024-10-14,1760.0,1760.0,1760.0,0.0
2024-10-15,1680.0,1680.0,1680.0,0.0
2024-10-16,1620.0,1620.0,1620.0,0.0
2024-10-17,1560.0,1560.0,1560.0,0.0
2024-10-18,1510.0,1510.0,1510.0,0.0
2024-10-19,1490.0,1490.0,1480.5555555555557,0.0
2024-10-20,1440.0,1440.0,1440.0,0.0
2024-10-21,1410.0,1410.0,1410.0,0.0
2024-10-22,1380.0,1380.0,1380.0,0.0
2024-10-23,1360.0,1360.0,1352.9629629629633,0.0
2024-10-24,1330.0,1330.0,1326.2071330589854,0.0
2024-10-25,1300.0,1300.0,1299.7064725905607,0.0
2024-10-26,1290.0,1290.0,1274.9188362395828,0.0
2024-10-27,1310.0,1290.75,1253.907832884066,19.25
2024-10-28,1300.0,1291.81875,1234.1015520614671,8.181250000000002
2024-10-29,1280.0,1280.0,1214.6477046483683,0.0
2024-10-30,1290.0,1280.375,1197.7358801438897,9.625
2024-10-31,1240.0,1240.0,1178.6862616120482,0.0
2024-11-01,1220.0,1220.0,1159.919015166488,0.0
2024-11-02,1220.0,1220.0,1142.8894767251463,0.0
2024-11-03,1200.0,1200.0,1125.9552659172623,0.0
2024-11-04,1180.0,1180.0,1109.1075561101084,0.0
2024-11-05,1220.0,1181.5,1096.7827823962093,38.5
2024-11-06,1330.0,1188.5125,1093.7473395817456,141.4875
2024-11-07,1290.0,1197.6240625,1088.0299933241765,92.37593750000002
2024-11-08,1240.0,1202.6772578124999,1079.1383272756418,37.322742187500026
2024-11-09,1180.0,1180.0,1066.6255191945638,0.0
2024-11-10,1150.0,1150.0,1053.0490822321042,0.0
2024-11-11,1190.0,1151.5,1043.6926857291317,38.5
2024-11-12,1220.0,1155.5125,1037.4248444579157,64.48750000000001
2024-11-13,1140.0,1140.0,1025.8114329340347,0.0
2024-11-14,1370.0,1148.625,1032.3103743290314,221.375
2024-11-15,1990.0,1188.478125,1084.1334878170842,801.521875
2024-11-16,1600.0,1233.967265625,1102.2692759821691,366.032734375
2024-11-17,1320.0,1250.919720703125,1097.985083761598,69.080279296875
2024-11-18,1260.0,1253.8507416503905,1089.65313156145,6.149258349609383
2024-11-19,1230.0,1230.0,1079.870434194649,0.0
2024-11-20,1470.0,1239.0,1088.7713199173668,231.0
2024-11-21,1490.0,1257.075,1098.329531036129,232.925
2024-11-22,1350.0,1269.294375,1096.6323522364876,80.70562500000003
2024-11-23,1250.0,1250.0,1087.6849122145907,0.0
2024-11-24,1210.0,1210.0,1076.6029758984248,0.0
2024-11-25,1180.0,1180.0,1064.3249225744967,0.0
2024-11-26,1180.0,1180.0,1053.183726039821,0.0
2024-11-27,1180.0,1180.0,1043.0741217768748,0.0
2024-11-28,1180.0,1180.0,1033.9005919827198,0.0
2024-11-29,1170.0,1170.0,1024.8357223546902,0.0
2024-11-30,1120.0,1120.0,1012.90648880333,0.0
2024-12-01,1080.0,1080.0,999.1188509511697,0.0
2024-12-02,1060.0,1060.0,985.1263647519874,0.0
2024-12-03,1040.0,1040.0,970.9479976453218,0.0
2024-12-04,1020.0,1020.0,956.6009608263106,0.0
2024-12-05,975.0,975.0,940.2490200090597,0.0
2024-12-06,967.0,967.0,924.818555193406,0.0
2024-12-07,959.0,959.0,910.22424452735,0.0
2024-12-08,960.0,959.0375,897.0553329970398,0.9625
2024-12-09,1010.0,960.9846875,888.8094688306473,49.0153125
2024-12-10,1160.0,970.2858359375,892.4382217166986,189.7141640625
2024-12-11,4370.0,1104.8893982421873,1133.5087567429305,3265.1106017578127
2024-12-12,5400.0,1388.3976933740232,1428.5542422296965,4011.602306625977
2024-12-13,3440.0,1615.7678663709712,1551.0955160973172,1824.2321336290288
2024-12-14,2230.0,1707.2102763931482,1572.6607460883065,522.7897236068518
2024-12-15,1990.0,1737.419505663662,1574.4514177467966,252.58049433633795
2024-12-16,2250.0,1766.1130427388873,1595.335545733204,483.8869572611126
2024-12-17,2270.0,1803.1545645334709,1615.7674396467964,466.8454354665292
2024-12-18,1990.0,1827.6679721934606,1613.5667507906116,162.3320278065395
2024-12-19,1870.0,1835.342874278951,1602.6809405322215,34.65712572104903
2024-12-20,1720.0,1720.0,1581.6919645570158,0.0
2024-12-21,1590.0,1590.0,1553.0167826535883,0.0
2024-12-22,1500.0,1500.0,1500.0,0.0
2024-12-23,1440.0,1440.0,1440.0,0.0
2024-12-24,1400.0,1400.0,1400.0,0.0
2024-12-25,1370.0,1370.0,1370.0,0.0
2024-12-26,1330.0,1330.0,1330.0,0.0
2024-12-27,1300.0,1300.0,1300.0,0.0
2024-12-28,2660.0,1351.0,1376.6666666666667,1309.0
2024-12-29,6110.0,1578.5500000000002,1701.7901234567905,4531.45
2024-12-30,7320.0,1963.7837499999996,2086.4391860996807,5356.21625
2024-12-31,6440.0,2332.4999687499994,2370.2874096089695,4107.500031250001
2025-01-01,4800.0,2579.062471093749,2506.37190871925,2220.937528906251
