datetime,discharge_cfs
1995-01-01,2110.0
1995-01-02,1970.0
1995-01-03,1840.0
1995-01-04,1800.0
1995-01-05,1750.0
1995-01-06,1820.0
1995-01-07,4590.0
1995-01-08,3800.0
1995-01-09,2750.0
1995-01-10,2450.0
1995-01-11,2330.0
1995-01-12,2530.0
1995-01-13,2520.0
1995-01-14,10200.0
1995-01-15,24700.0
1995-01-16,16700.0
1995-01-17,12500.0
1995-01-18,9000.0
1995-01-19,6350.0
1995-01-20,5360.0
1995-01-21,4650.0
1995-01-22,4010.0
1995-01-23,3640.0
1995-01-24,3390.0
1995-01-25,3170.0
1995-01-26,3050.0
1995-01-27,2930.0
1995-01-28,3050.0
1995-01-29,3250.0
1995-01-30,3010.0
1995-01-31,2830.0
1995-02-01,2700.0
1995-02-02,2640.0
1995-02-03,2620.0
1995-02-04,2650.0
1995-02-05,2530.0
1995-02-06,2410.0
1995-02-07,2330.0
1995-02-08,2330.0
1995-02-09,2190.0
1995-02-10,2260.0
1995-02-11,2290.0
1995-02-12,2210.0
1995-02-13,2130.0
1995-02-14,2090.0
1995-02-15,2150.0
1995-02-16,6120.0
1995-02-17,8810.0
1995-02-18,8080.0
1995-02-19,7200.0
1995-02-20,5230.0
1995-02-21,4030.0
1995-02-22,3480.0
1995-02-23,3250.0
1995-02-24,3080.0
1995-02-25,2900.0
1995-02-26,2780.0
1995-02-27,2730.0
1995-02-28,3250.0
1995-03-01,4430.0
1995-03-02,4090.0
1995-03-03,3520.0
1995-03-04,3430.0
1995-03-05,3270.0
1995-03-06,3400.0
1995-03-07,3400.0
1995-03-08,7500.0
1995-03-09,8480.0
1995-03-10,6890.0
1995-03-11,5290.0
1995-03-12,4170.0
1995-03-13,3770.0
1995-03-14,3520.0
1995-03-15,3350.0
1995-03-16,3220.0
1995-03-17,3110.0
1995-03-18,3000.0
1995-03-19,2900.0
1995-03-20,2810.0
1995-03-21,2990.0
1995-03-22,2890.0
1995-03-23,2730.0
1995-03-24,2640.0
1995-03-25,2550.0
1995-03-26,2480.0
1995-03-27,2570.0
1995-03-28,2560.0
1995-03-29,2440.0
1995-03-30,2370.0
1995-03-31,2330.0
1995-04-01,2260.0
1995-04-02,2240.0
1995-04-03,2180.0
1995-04-04,2150.0
1995-04-05,2080.0
1995-04-06,2090.0
1995-04-07,2070.0
1995-04-08,2030.0
1995-04-09,1980.0
1995-04-10,1970.0
1995-04-11,1930.0
1995-04-12,2000.0
1995-04-13,2160.0
1995-04-14,2010.0
1995-04-15,1880.0
1995-04-16,1840.0
1995-04-17,1830.0
1995-04-18,1860.0
1995-04-19,1820.0
1995-04-20,1830.0
1995-04-21,1900.0
1995-04-22,1860.0
1995-04-23,1910.0
1995-04-24,2190.0
1995-04-25,1950.0
1995-04-26,1780.0
1995-04-27,1720.0
1995-04-28,1680.0
1995-04-29,1650.0
1995-04-30,1630.0
1995-05-01,1630.0
1995-05-02,2250.0
1995-05-03,2030.0
1995-05-04,1750.0
1995-05-05,1700.0
1995-05-06,1630.0
1995-05-07,1550.0
1995-05-08,1530.0
1995-05-09,1530.0
1995-05-10,2550.0
1995-05-11,2310.0
1995-05-12,1820.0
1995-05-13,1650.0
1995-05-14,1760.0
1995-05-15,1860.0
1995-05-16,1650.0
1995-05-17,1540.0
1995-05-18,1480.0
1995-05-19,1590.0
1995-05-20,1590.0
1995-05-21,1450.0
1995-05-22,1360.0
1995-05-23,1340.0
1995-05-24,1290.0
1995-05-25,1250.0
1995-05-26,1230.0
1995-05-27,1340.0
1995-05-28,1560.0
1995-05-29,1870.0
1995-05-30,1890.0
1995-05-31,1470.0
1995-06-01,2410.0
1995-06-02,4880.0
1995-06-03,6240.0
1995-06-04,5070.0
1995-06-05,3200.0
1995-06-06,2940.0
1995-06-07,2810.0
1995-06-08,2340.0
1995-06-09,2220.0
1995-06-10,2510.0
1995-06-11,2320.0
1995-06-12,3280.0
1995-06-13,3050.0
1995-06-14,2400.0
1995-06-15,2090.0
1995-06-16,1950.0
1995-06-17,1890.0
1995-06-18,1920.0
1995-06-19,1830.0
1995-06-20,2470.0
1995-06-21,2020.0
1995-06-22,2460.0
1995-06-23,2180.0
1995-06-24,2100.0
1995-06-25,2480.0
1995-06-26,3220.0
1995-06-27,3270.0
1995-06-28,2280.0
1995-06-29,2070.0
1995-06-30,2490.0
1995-07-01,2780.0
1995-07-02,2510.0
1995-07-03,3050.0
1995-07-04,3920.0
1995-07-05,2540.0
1995-07-06,2090.0
1995-07-07,1850.0
1995-07-08,1710.0
1995-07-09,1570.0
1995-07-10,1500.0
1995-07-11,1560.0
1995-07-12,1500.0
1995-07-13,1480.0
1995-07-14,1360.0
1995-07-15,1390.0
1995-07-16,1330.0
1995-07-17,1330.0
1995-07-18,1310.0
1995-07-19,1230.0
1995-07-20,1190.0
1995-07-21,1210.0
1995-07-22,1640.0
1995-07-23,1330.0
1995-07-24,1170.0
1995-07-25,1090.0
1995-07-26,1140.0
1995-07-27,1290.0
1995-07-28,1380.0
1995-07-29,2740.0
1995-07-30,1910.0
1995-07-31,1490.0
1995-08-01,1620.0
1995-08-02,1410.0
1995-08-03,1330.0
1995-08-04,1560.0
1995-08-05,1710.0
1995-08-06,1770.0
1995-08-07,1570.0
1995-08-08,1900.0
1995-08-09,1910.0
1995-08-10,1640.0
1995-08-11,1780.0
1995-08-12,1870.0
1995-08-13,1510.0
1995-08-14,1350.0
1995-08-15,1250.0
1995-08-16,1230.0
1995-08-17,1200.0
1995-08-18,1090.0
1995-08-19,1040.0
1995-08-20,2270.0
1995-08-21,1740.0
1995-08-22,1440.0
1995-08-23,1340.0
1995-08-24,1240.0
1995-08-25,1450.0
1995-08-26,2580.0
1995-08-27,11900.0
1995-08-28,14600.0
1995-08-29,11000.0
1995-08-30,8140.0
1995-08-31,4620.0
1995-09-01,2790.0
1995-09-02,2480.0
1995-09-03,2190.0
1995-09-04,2010.0
1995-09-05,1880.0
1995-09-06,1840.0
1995-09-07,1800.0
1995-09-08,1660.0
1995-09-09,1570.0
1995-09-10,1720.0
1995-09-11,1860.0
1995-09-12,2400.0
1995-09-13,2090.0
1995-09-14,1940.0
1995-09-15,1740.0
1995-09-16,1760.0
1995-09-17,1950.0
1995-09-18,1860.0
1995-09-19,1650.0
1995-09-20,1570.0
1995-09-21,1540.0
1995-09-22,1500.0
1995-09-23,1530.0
1995-09-24,1560.0
1995-09-25,1510.0
1995-09-26,1480.0
1995-09-27,1440.0
1995-09-28,1380.0
1995-09-29,1310.0
1995-09-30,1280.0
1995-10-01,1290.0
1995-10-02,1290.0
1995-10-03,1260.0
1995-10-04,5500.0
1995-10-05,16500.0
1995-10-06,13000.0
1995-10-07,10500.0
1995-10-08,8530.0
1995-10-09,5780.0
1995-10-10,3290.0
1995-10-11,2870.0
1995-10-12,2630.0
1995-10-13,2470.0
1995-10-14,2950.0
1995-10-15,3790.0
1995-10-16,3020.0
1995-10-17,2600.0
1995-10-18,2400.0
1995-10-19,2290.0
1995-10-20,2200.0
1995-10-21,2140.0
1995-10-22,2060.0
1995-10-23,1950.0
1995-10-24,1940.0
1995-10-25,1910.0
1995-10-26,1870.0
1995-10-27,1800.0
1995-10-28,2000.0
1995-10-29,1920.0
1995-10-30,1760.0
1995-10-31,1730.0
1995-11-01,1860.0
1995-11-02,2060.0
1995-11-03,2580.0
1995-11-04,2260.0
1995-11-05,2010.0
1995-11-06,1920.0
1995-11-07,2790.0
1995-11-08,3980.0
1995-11-09,3090.0
1995-11-10,2560.0
1995-11-11,3720.0
1995-11-12,5870.0
1995-11-13,5450.0
1995-11-14,4570.0
1995-11-15,3220.0
1995-11-16,2840.0
1995-11-17,2630.0
1995-11-18,2490.0
1995-11-19,2400.0
1995-11-20,2300.0
1995-11-21,2220.0
1995-11-22,2130.0
1995-11-23,2080.0
1995-11-24,2040.0
1995-11-25,1990.0
1995-11-26,1960.0
1995-11-27,1920.0
1995-11-28,1880.0
1995-11-29,2110.0
1995-11-30,1970.0
1995-12-01,1870.0
1995-12-02,1810.0
1995-12-03,1760.0
1995-12-04,1730.0
1995-12-05,1720.0
1995-12-06,1710.0
1995-12-07,1850.0
1995-12-08,1920.0
1995-12-09,2220.0
1995-12-10,2210.0
1995-12-11,1940.0
1995-12-12,1840.0
1995-12-13,1780.0
1995-12-14,1770.0
1995-12-15,1720.0
1995-12-16,1710.0
1995-12-17,1670.0
1995-12-18,1640.0
1995-12-19,2270.0
1995-12-20,2790.0
1995-12-21,2310.0
1995-12-22,2060.0
1995-12-23,1940.0
1995-12-24,1840.0
1995-12-25,1730.0
1995-12-26,1730.0
1995-12-27,1680.0
1995-12-28,1660.0
1995-12-29,1590.0
1995-12-30,1580.0
1995-12-31,1580.0
1996-01-01,1640.0
1996-01-02,1870.0
1996-01-03,2280.0
1996-01-04,2060.0
1996-01-05,1830.0
1996-01-06,1790.0
1996-01-07,1920.0
1996-01-08,1890.0
1996-01-09,1950.0
1996-01-10,1740.0
1996-01-11,1690.0
1996-01-12,1680.0
1996-01-13,1670.0
1996-01-14,1650.0
1996-01-15,1790.0
1996-01-16,2010.0
1996-01-17,2130.0
1996-01-18,3490.0
1996-01-19,12600.0
1996-01-20,10600.0
1996-01-21,9190.0
1996-01-22,6610.0
1996-01-23,3920.0
1996-01-24,3980.0
1996-01-25,4360.0
1996-01-26,4490.0
1996-01-27,16500.0
1996-01-28,13500.0
1996-01-29,11600.0
1996-01-30,8700.0
1996-01-31,6440.0
1996-02-01,4610.0
1996-02-02,6720.0
1996-02-03,8300.0
1996-02-04,6800.0
1996-02-05,5700.0
1996-02-06,4900.0
1996-02-07,4330.0
1996-02-08,4270.0
1996-02-09,4490.0
1996-02-10,4160.0
1996-02-11,3880.0
1996-02-12,3650.0
1996-02-13,3440.0
1996-02-14,3320.0
1996-02-15,3220.0
1996-02-16,3140.0
1996-02-17,3020.0
1996-02-18,2940.0
1996-02-19,2880.0
1996-02-20,3640.0
1996-02-21,4150.0
1996-02-22,3590.0
1996-02-23,3290.0
1996-02-24,3140.0
1996-02-25,2970.0
1996-02-26,2880.0
1996-02-27,2820.0
1996-02-28,2780.0
1996-02-29,2670.0
1996-03-01,2590.0
1996-03-02,2560.0
1996-03-03,2500.0
1996-03-04,2400.0
1996-03-05,2390.0
1996-03-06,2990.0
1996-03-07,4040.0
1996-03-08,4080.0
1996-03-09,3310.0
1996-03-10,2980.0
1996-03-11,2830.0
1996-03-12,2750.0
1996-03-13,2660.0
1996-03-14,2580.0
1996-03-15,2630.0
1996-03-16,2870.0
1996-03-17,2740.0
1996-03-18,2570.0
1996-03-19,3400.0
1996-03-20,3710.0
1996-03-21,3160.0
1996-03-22,2910.0
1996-03-23,2740.0
1996-03-24,2590.0
1996-03-25,2560.0
1996-03-26,2650.0
1996-03-27,2570.0
1996-03-28,3270.0
1996-03-29,3960.0
1996-03-30,3330.0
1996-03-31,3090.0
1996-04-01,3320.0
1996-04-02,3220.0
1996-04-03,2940.0
1996-04-04,2780.0
1996-04-05,2670.0
1996-04-06,2580.0
1996-04-07,2520.0
1996-04-08,2440.0
1996-04-09,2500.0
1996-04-10,2400.0
1996-04-11,2290.0
1996-04-12,2240.0
1996-04-13,2200.0
1996-04-14,2200.0
1996-04-15,2140.0
1996-04-16,2130.0
1996-04-17,2060.0
1996-04-18,1990.0
1996-04-19,1980.0
1996-04-20,2210.0
1996-04-21,2670.0
1996-04-22,2480.0
1996-04-23,2230.0
1996-04-24,2130.0
1996-04-25,2050.0
1996-04-26,2390.0
1996-04-27,2620.0
1996-04-28,2280.0
1996-04-29,2170.0
1996-04-30,2740.0
1996-05-01,2810.0
1996-05-02,2460.0
1996-05-03,2300.0
1996-05-04,2160.0
1996-05-05,2080.0
1996-05-06,2250.0
1996-05-07,2470.0
1996-05-08,2250.0
1996-05-09,2110.0
1996-05-10,2110.0
1996-05-11,2030.0
1996-05-12,1970.0
1996-05-13,1880.0
1996-05-14,1830.0
1996-05-15,1900.0
1996-05-16,1970.0
1996-05-17,1890.0
1996-05-18,1780.0
1996-05-19,1700.0
1996-05-20,1640.0
1996-05-21,1590.0
1996-05-22,1560.0
1996-05-23,1490.0
1996-05-24,1430.0
1996-05-25,1660.0
1996-05-26,1970.0
1996-05-27,2330.0
1996-05-28,2250.0
1996-05-29,1900.0
1996-05-30,1670.0
1996-05-31,1580.0
1996-06-01,1500.0
1996-06-02,1450.0
1996-06-03,1430.0
1996-06-04,1750.0
1996-06-05,1610.0
1996-06-06,1450.0
1996-06-07,1420.0
1996-06-08,1790.0
1996-06-09,2530.0
1996-06-10,3660.0
1996-06-11,2960.0
1996-06-12,2390.0
1996-06-13,2240.0
1996-06-14,1960.0
1996-06-15,1930.0
1996-06-16,1900.0
1996-06-17,1750.0
1996-06-18,2020.0
1996-06-19,1880.0
1996-06-20,2000.0
1996-06-21,2060.0
1996-06-22,1760.0
1996-06-23,1590.0
1996-06-24,1560.0
1996-06-25,1580.0
1996-06-26,1450.0
1996-06-27,1350.0
1996-06-28,1300.0
1996-06-29,1270.0
1996-06-30,1220.0
1996-07-01,1190.0
1996-07-02,1160.0
1996-07-03,1120.0
1996-07-04,1090.0
1996-07-05,1050.0
1996-07-06,1030.0
1996-07-07,1060.0
1996-07-08,1230.0
1996-07-09,1330.0
1996-07-10,1110.0
1996-07-11,1020.0
1996-07-12,991.0
1996-07-13,1010.0
1996-07-14,1340.0
1996-07-15,2080.0
1996-07-16,2270.0
1996-07-17,1600.0
1996-07-18,1440.0
1996-07-19,1370.0
1996-07-20,1150.0
1996-07-21,1100.0
1996-07-22,1220.0
1996-07-23,1280.0
1996-07-24,1300.0
1996-07-25,1260.0
1996-07-26,1600.0
1996-07-27,1470.0
1996-07-28,1340.0
1996-07-29,1390.0
1996-07-30,1300.0
1996-07-31,1360.0
1996-08-01,1660.0
1996-08-02,1470.0
1996-08-03,1240.0
1996-08-04,1210.0
1996-08-05,1220.0
1996-08-06,1630.0
1996-08-07,1700.0
1996-08-08,1620.0
1996-08-09,1420.0
1996-08-10,1260.0
1996-08-11,1180.0
1996-08-12,2230.0
1996-08-13,3220.0
1996-08-14,2330.0
1996-08-15,1910.0
1996-08-16,1680.0
1996-08-17,1620.0
1996-08-18,1730.0
1996-08-19,1520.0
1996-08-20,1580.0
1996-08-21,1450.0
1996-08-22,1410.0
1996-08-23,1350.0
1996-08-24,1270.0
1996-08-25,1770.0
1996-08-26,2070.0
1996-08-27,2100.0
1996-08-28,2030.0
1996-08-29,2090.0
1996-08-30,1780.0
1996-08-31,1800.0
1996-09-01,1550.0
1996-09-02,1410.0
1996-09-03,1540.0
1996-09-04,4130.0
1996-09-05,7170.0
1996-09-06,4630.0
1996-09-07,2900.0
1996-09-08,2550.0
1996-09-09,2130.0
1996-09-10,1940.0
1996-09-11,2090.0
1996-09-12,1780.0
1996-09-13,1620.0
1996-09-14,1500.0
1996-09-15,1430.0
1996-09-16,1500.0
1996-09-17,1970.0
1996-09-18,1880.0
1996-09-19,1520.0
1996-09-20,1400.0
1996-09-21,1360.0
1996-09-22,1430.0
1996-09-23,1420.0
1996-09-24,1300.0
1996-09-25,1250.0
1996-09-26,1250.0
1996-09-27,1240.0
1996-09-28,2510.0
1996-09-29,5050.0
1996-09-30,4020.0
1996-10-01,2910.0
1996-10-02,2490.0
1996-10-03,2370.0
1996-10-04,2110.0
1996-10-05,1910.0
1996-10-06,1790.0
1996-10-07,1730.0
1996-10-08,1740.0
1996-10-09,1730.0
1996-10-10,1580.0
1996-10-11,1530.0
1996-10-12,1490.0
1996-10-13,1450.0
1996-10-14,1420.0
1996-10-15,1390.0
1996-10-16,1370.0
1996-10-17,1350.0
1996-10-18,1320.0
1996-10-19,1300.0
1996-10-20,1270.0
1996-10-21,1260.0
1996-10-22,1260.0
1996-10-23,1260.0
1996-10-24,1280.0
1996-10-25,1260.0
1996-10-26,1240.0
1996-10-27,1220.0
1996-10-28,1320.0
1996-10-29,1280.0
1996-10-30,1250.0
1996-10-31,1190.0
1996-11-01,1190.0
1996-11-02,1330.0
1996-11-03,1390.0
1996-11-04,1270.0
1996-11-05,1200.0
1996-11-06,1200.0
1996-11-07,1230.0
1996-11-08,4300.0
1996-11-09,5040.0
1996-11-10,3520.0
1996-11-11,2370.0
1996-11-12,2040.0
1996-11-13,1860.0
1996-11-14,1750.0
1996-11-15,1690.0
1996-11-16,1610.0
1996-11-17,1550.0
1996-11-18,1580.0
1996-11-19,1640.0
1996-11-20,1570.0
1996-11-21,1550.0
1996-11-22,1650.0
1996-11-23,1610.0
1996-11-24,1510.0
1996-11-25,1490.0
1996-11-26,2010.0
1996-11-27,2170.0
1996-11-28,1810.0
1996-11-29,1690.0
1996-11-30,1750.0
1996-12-01,6950.0
1996-12-02,9010.0
1996-12-03,8250.0
1996-12-04,7730.0
1996-12-05,4860.0
1996-12-06,3200.0
1996-12-07,2940.0
1996-12-08,2730.0
1996-12-09,2510.0
1996-12-10,2340.0
1996-12-11,2250.0
1996-12-12,2410.0
1996-12-13,3190.0
1996-12-14,2800.0
1996-12-15,2460.0
1996-12-16,2300.0
1996-12-17,2390.0
1996-12-18,2460.0
1996-12-19,2310.0
1996-12-20,2150.0
1996-12-21,2030.0
1996-12-22,1990.0
1996-12-23,1980.0
1996-12-24,1990.0
1996-12-25,2070.0
1996-12-26,1990.0
1996-12-27,1950.0
1996-12-28,1930.0
1996-12-29,2150.0
1996-12-30,2240.0
1996-12-31,2110.0
1997-01-01,2020.0
1997-01-02,1960.0
1997-01-03,1910.0
1997-01-04,1880.0
1997-01-05,2210.0
1997-01-06,2300.0
1997-01-07,2100.0
1997-01-08,1980.0
1997-01-09,2770.0
1997-01-10,3390.0
1997-01-11,2890.0
1997-01-12,2500.0
1997-01-13,2270.0
1997-01-14,2140.0
1997-01-15,2080.0
1997-01-16,3220.0
1997-01-17,3030.0
1997-01-18,2450.0
1997-01-19,2300.0
1997-01-20,2200.0
1997-01-21,2120.0
1997-01-22,2080.0
1997-01-23,2140.0
1997-01-24,2640.0
1997-01-25,4850.0
1997-01-26,4450.0
1997-01-27,3320.0
1997-01-28,3650.0
1997-01-29,3690.0
1997-01-30,3160.0
1997-01-31,2920.0
1997-02-01,2720.0
1997-02-02,2560.0
1997-02-03,2420.0
1997-02-04,2850.0
1997-02-05,3730.0
1997-02-06,3430.0
1997-02-07,2980.0
1997-02-08,3130.0
1997-02-09,3120.0
1997-02-10,2850.0
1997-02-11,2720.0
1997-02-12,2560.0
1997-02-13,2510.0
1997-02-14,2640.0
1997-02-15,3990.0
1997-02-16,3930.0
1997-02-17,3220.0
1997-02-18,2960.0
1997-02-19,2800.0
1997-02-20,2700.0
1997-02-21,2850.0
1997-02-22,4230.0
1997-02-23,3810.0
1997-02-24,3170.0
1997-02-25,2940.0
1997-02-26,2790.0
1997-02-27,2790.0
1997-02-28,5810.0
1997-03-01,7400.0
1997-03-02,6510.0
1997-03-03,6340.0
1997-03-04,5410.0
1997-03-05,4560.0
1997-03-06,4390.0
1997-03-07,3860.0
1997-03-08,3500.0
1997-03-09,3270.0
1997-03-10,3150.0
1997-03-11,3020.0
1997-03-12,2880.0
1997-03-13,2980.0
1997-03-14,8750.0
1997-03-15,8530.0
1997-03-16,7610.0
1997-03-17,6370.0
1997-03-18,4450.0
1997-03-19,6660.0
1997-03-20,6570.0
1997-03-21,5020.0
1997-03-22,4300.0
1997-03-23,3850.0
1997-03-24,3540.0
1997-03-25,3360.0
1997-03-26,3610.0
1997-03-27,3510.0
1997-03-28,3270.0
1997-03-29,3780.0
1997-03-30,3510.0
1997-03-31,3260.0
1997-04-01,3080.0
1997-04-02,2930.0
1997-04-03,2830.0
1997-04-04,2750.0
1997-04-05,2680.0
1997-04-06,3350.0
1997-04-07,4560.0
1997-04-08,3620.0
1997-04-09,3120.0
1997-04-10,2940.0
1997-04-11,2800.0
1997-04-12,3300.0
1997-04-13,4490.0
1997-04-14,4140.0
1997-04-15,3390.0
1997-04-16,3120.0
1997-04-17,2960.0
1997-04-18,2840.0
1997-04-19,2730.0
1997-04-20,2680.0
1997-04-21,2620.0
1997-04-22,2700.0
1997-04-23,4530.0
1997-04-24,3980.0
1997-04-25,3320.0
1997-04-26,3030.0
1997-04-27,2970.0
1997-04-28,4200.0
1997-04-29,5380.0
1997-04-30,4570.0
1997-05-01,3790.0
1997-05-02,3340.0
1997-05-03,4690.0
1997-05-04,4910.0
1997-05-05,3980.0
1997-05-06,3500.0
1997-05-07,3230.0
1997-05-08,3050.0
1997-05-09,2940.0
1997-05-10,2820.0
1997-05-11,2670.0
1997-05-12,2580.0
1997-05-13,2500.0
1997-05-14,2410.0
1997-05-15,2340.0
1997-05-16,2250.0
1997-05-17,2170.0
1997-05-18,2140.0
1997-05-19,2100.0
1997-05-20,2110.0
1997-05-21,2050.0
1997-05-22,1950.0
1997-05-23,1900.0
1997-05-24,1870.0
1997-05-25,1860.0
1997-05-26,1970.0
1997-05-27,1930.0
1997-05-28,1990.0
1997-05-29,2020.0
1997-05-30,2080.0
1997-05-31,2270.0
1997-06-01,3790.0
1997-06-02,4970.0
1997-06-03,4200.0
1997-06-04,3330.0
1997-06-05,2930.0
1997-06-06,2640.0
1997-06-07,2470.0
1997-06-08,2350.0
1997-06-09,2280.0
1997-06-10,2210.0
1997-06-11,2100.0
1997-06-12,2070.0
1997-06-13,2680.0
1997-06-14,3390.0
1997-06-15,4490.0
1997-06-16,3160.0
1997-06-17,2650.0
1997-06-18,2430.0
1997-06-19,2230.0
1997-06-20,2130.0
1997-06-21,2230.0
1997-06-22,2350.0
1997-06-23,2210.0
1997-06-24,2090.0
1997-06-25,2000.0
1997-06-26,2240.0
1997-06-27,3260.0
1997-06-28,2290.0
1997-06-29,2150.0
1997-06-30,2030.0
1997-07-01,1960.0
1997-07-02,1920.0
1997-07-03,1810.0
1997-07-04,1710.0
1997-07-05,1700.0
1997-07-06,1640.0
1997-07-07,1580.0
1997-07-08,1530.0
1997-07-09,1500.0
1997-07-10,2170.0
1997-07-11,3640.0
1997-07-12,2170.0
1997-07-13,1790.0
1997-07-14,1640.0
1997-07-15,1580.0
1997-07-16,1560.0
1997-07-17,1650.0
1997-07-18,1540.0
1997-07-19,1460.0
1997-07-20,1400.0
1997-07-21,1480.0
1997-07-22,1380.0
1997-07-23,1390.0
1997-07-24,2570.0
1997-07-25,2430.0
1997-07-26,1740.0
1997-07-27,1570.0
1997-07-28,1510.0
1997-07-29,1550.0
1997-07-30,1710.0
1997-07-31,1830.0
1997-08-01,1700.0
1997-08-02,1500.0
1997-08-03,1380.0
1997-08-04,1330.0
1997-08-05,1290.0
1997-08-06,1260.0
1997-08-07,1220.0
1997-08-08,1240.0
1997-08-09,1250.0
1997-08-10,1210.0
1997-08-11,1240.0
1997-08-12,1220.0
1997-08-13,1170.0
1997-08-14,1130.0
1997-08-15,1110.0
1997-08-16,1130.0
1997-08-17,1090.0
1997-08-18,1040.0
1997-08-19,1010.0
1997-08-20,995.0
1997-08-21,993.0
1997-08-22,947.0
1997-08-23,907.0
1997-08-24,898.0
1997-08-25,882.0
1997-08-26,886.0
1997-08-27,881.0
1997-08-28,869.0
1997-08-29,926.0
1997-08-30,866.0
1997-08-31,878.0
1997-09-01,1220.0
1997-09-02,1140.0
1997-09-03,1060.0
1997-09-04,935.0
1997-09-05,888.0
1997-09-06,829.0
1997-09-07,815.0
1997-09-08,783.0
1997-09-09,774.0
1997-09-10,1090.0
1997-09-11,1450.0
1997-09-12,1270.0
1997-09-13,1090.0
1997-09-14,982.0
1997-09-15,884.0
1997-09-16,886.0
1997-09-17,830.0
1997-09-18,808.0
1997-09-19,809.0
1997-09-20,789.0
1997-09-21,760.0
1997-09-22,748.0
1997-09-23,749.0
1997-09-24,2740.0
1997-09-25,3320.0
1997-09-26,2240.0
1997-09-27,1530.0
1997-09-28,1360.0
1997-09-29,2010.0
1997-09-30,1650.0
1997-10-01,1280.0
1997-10-02,1140.0
1997-10-03,1070.0
1997-10-04,1040.0
1997-10-05,1000.0
1997-10-06,972.0
1997-10-07,947.0
1997-10-08,925.0
1997-10-09,931.0
1997-10-10,909.0
1997-10-11,903.0
1997-10-12,899.0
1997-10-13,894.0
1997-10-14,890.0
1997-10-15,887.0
1997-10-16,884.0
1997-10-17,870.0
1997-10-18,882.0
1997-10-19,1020.0
1997-10-20,1260.0
1997-10-21,1060.0
1997-10-22,939.0
1997-10-23,911.0
1997-10-24,922.0
1997-10-25,1220.0
1997-10-26,3400.0
1997-10-27,5460.0
1997-10-28,4100.0
1997-10-29,2290.0
1997-10-30,1810.0
1997-10-31,1580.0
1997-11-01,1580.0
1997-11-02,1840.0
1997-11-03,1850.0
1997-11-04,1570.0
1997-11-05,1460.0
1997-11-06,1380.0
1997-11-07,1380.0
1997-11-08,1350.0
1997-11-09,1290.0
1997-11-10,1260.0
1997-11-11,1240.0
1997-11-12,1220.0
1997-11-13,1280.0
1997-11-14,1460.0
1997-11-15,1480.0
1997-11-16,1340.0
1997-11-17,1270.0
1997-11-18,1220.0
1997-11-19,1210.0
1997-11-20,1190.0
1997-11-21,1180.0
1997-11-22,1290.0
1997-11-23,1330.0
1997-11-24,1240.0
1997-11-25,1170.0
1997-11-26,1150.0
1997-11-27,1140.0
1997-11-28,1120.0
1997-11-29,1110.0
1997-11-30,1150.0
1997-12-01,1260.0
1997-12-02,1250.0
1997-12-03,1180.0
1997-12-04,1340.0
1997-12-05,1490.0
1997-12-06,1320.0
1997-12-07,1220.0
1997-12-08,1180.0
1997-12-09,1200.0
1997-12-10,1340.0
1997-12-11,1550.0
1997-12-12,1450.0
1997-12-13,1340.0
1997-12-14,1290.0
1997-12-15,1240.0
1997-12-16,1200.0
1997-12-17,1180.0
1997-12-18,1160.0
1997-12-19,1140.0
1997-12-20,1120.0
1997-12-21,1120.0
1997-12-22,1310.0
1997-12-23,1620.0
1997-12-24,1630.0
1997-12-25,2760.0
1997-12-26,2410.0
1997-12-27,2450.0
1997-12-28,2510.0
1997-12-29,2070.0
1997-12-30,1860.0
1997-12-31,1720.0
1998-01-01,1560.0
1998-01-02,1500.0
1998-01-03,1480.0
1998-01-04,1460.0
1998-01-05,1440.0
1998-01-06,1550.0
1998-01-07,6150.0
1998-01-08,22600.0
1998-01-09,21900.0
1998-01-10,15500.0
1998-01-11,8510.0
1998-01-12,5170.0
1998-01-13,3560.0
1998-01-14,3130.0
1998-01-15,3940.0
1998-01-16,6140.0
1998-01-17,6300.0
1998-01-18,5110.0
1998-01-19,4190.0
1998-01-20,3700.0
1998-01-21,3300.0
1998-01-22,3190.0
1998-01-23,5600.0
1998-01-24,5930.0
1998-01-25,5190.0
1998-01-26,3930.0
1998-01-27,3680.0
1998-01-28,4930.0
1998-01-29,4720.0
1998-01-30,4180.0
1998-01-31,3830.0
1998-02-01,3510.0
1998-02-02,3280.0
1998-02-03,6910.0
1998-02-04,15000.0
1998-02-05,12900.0
1998-02-06,10600.0
1998-02-07,8510.0
1998-02-08,6140.0
1998-02-09,4580.0
1998-02-10,4090.0
1998-02-11,4000.0
1998-02-12,4200.0
1998-02-13,3840.0
1998-02-14,3540.0
1998-02-15,3330.0
1998-02-16,4950.0
1998-02-17,10400.0
1998-02-18,11300.0
1998-02-19,9850.0
1998-02-20,8240.0
1998-02-21,6280.0
1998-02-22,4860.0
1998-02-23,5020.0
1998-02-24,5330.0
1998-02-25,4700.0
1998-02-26,4240.0
1998-02-27,4170.0
1998-02-28,4420.0
1998-03-01,4190.0
1998-03-02,3890.0
1998-03-03,3700.0
1998-03-04,3550.0
1998-03-05,3420.0
1998-03-06,3340.0
1998-03-07,3270.0
1998-03-08,4870.0
1998-03-09,7700.0
1998-03-10,8140.0
1998-03-11,7700.0
1998-03-12,6510.0
1998-03-13,4890.0
1998-03-14,4250.0
1998-03-15,3950.0
1998-03-16,3730.0
1998-03-17,3590.0
1998-03-18,3620.0
1998-03-19,4970.0
1998-03-20,5680.0
1998-03-21,6270.0
1998-03-22,5320.0
1998-03-23,4500.0
1998-03-24,4030.0
1998-03-25,3740.0
1998-03-26,3520.0
1998-03-27,3360.0
1998-03-28,3270.0
1998-03-29,3150.0
1998-03-30,3040.0
1998-03-31,2940.0
1998-04-01,2940.0
1998-04-02,3000.0
1998-04-03,2920.0
1998-04-04,3320.0
1998-04-05,3390.0
1998-04-06,3120.0
1998-04-07,2900.0
1998-04-08,2760.0
1998-04-09,3070.0
1998-04-10,3620.0
1998-04-11,3260.0
1998-04-12,2920.0
1998-04-13,2740.0
1998-04-14,2630.0
1998-04-15,2600.0
1998-04-16,2550.0
1998-04-17,6760.0
1998-04-18,5920.0
1998-04-19,7270.0
1998-04-20,9070.0
1998-04-21,7990.0
1998-04-22,6670.0
1998-04-23,6160.0
1998-04-24,5790.0
1998-04-25,5010.0
1998-04-26,4400.0
1998-04-27,3980.0
1998-04-28,3780.0
1998-04-29,3560.0
1998-04-30,3480.0
1998-05-01,4330.0
1998-05-02,4810.0
1998-05-03,4670.0
1998-05-04,4360.0
1998-05-05,4050.0
1998-05-06,3680.0
1998-05-07,3540.0
1998-05-08,3640.0
1998-05-09,3410.0
1998-05-10,3280.0
1998-05-11,3710.0
1998-05-12,3320.0
1998-05-13,3070.0
1998-05-14,2930.0
1998-05-15,2800.0
1998-05-16,2710.0
1998-05-17,2630.0
1998-05-18,2510.0
1998-05-19,2420.0
1998-05-20,2340.0
1998-05-21,2290.0
1998-05-22,2240.0
1998-05-23,2190.0
1998-05-24,2150.0
1998-05-25,2100.0
1998-05-26,2040.0
1998-05-27,1990.0
1998-05-28,2040.0
1998-05-29,2010.0
1998-05-30,2140.0
1998-05-31,2050.0
1998-06-01,2050.0
1998-06-02,2010.0
1998-06-03,2160.0
1998-06-04,1940.0
1998-06-05,2790.0
1998-06-06,2770.0
1998-06-07,2210.0
1998-06-08,1940.0
1998-06-09,1870.0
1998-06-10,2090.0
1998-06-11,2430.0
1998-06-12,2080.0
1998-06-13,1860.0
1998-06-14,1760.0
1998-06-15,1750.0
1998-06-16,1750.0
1998-06-17,1660.0
1998-06-18,1590.0
1998-06-19,1540.0
1998-06-20,1630.0
1998-06-21,1600.0
1998-06-22,1660.0
1998-06-23,1780.0
1998-06-24,1700.0
1998-06-25,1540.0
1998-06-26,1530.0
1998-06-27,1480.0
1998-06-28,1470.0
1998-06-29,1400.0
1998-06-30,1470.0
1998-07-01,1370.0
1998-07-02,1300.0
1998-07-03,1270.0
1998-07-04,1300.0
1998-07-05,1420.0
1998-07-06,1320.0
1998-07-07,1240.0
1998-07-08,1220.0
1998-07-09,1250.0
1998-07-10,1250.0
1998-07-11,1230.0
1998-07-12,1200.0
1998-07-13,1240.0
1998-07-14,1380.0
1998-07-15,1170.0
1998-07-16,1070.0
1998-07-17,1030.0
1998-07-18,1000.0
1998-07-19,1050.0
1998-07-20,1030.0
1998-07-21,994.0
1998-07-22,1290.0
1998-07-23,1170.0
1998-07-24,1220.0
1998-07-25,1170.0
1998-07-26,1050.0
1998-07-27,1150.0
1998-07-28,1050.0
1998-07-29,953.0
1998-07-30,903.0
1998-07-31,884.0
1998-08-01,883.0
1998-08-02,840.0
1998-08-03,796.0
1998-08-04,757.0
1998-08-05,724.0
1998-08-06,707.0
1998-08-07,663.0
1998-08-08,647.0
1998-08-09,722.0
1998-08-10,800.0
1998-08-11,782.0
1998-08-12,719.0
1998-08-13,654.0
1998-08-14,969.0
1998-08-15,1190.0
1998-08-16,1340.0
1998-08-17,1110.0
1998-08-18,866.0
1998-08-19,783.0
1998-08-20,821.0
1998-08-21,750.0
1998-08-22,702.0
1998-08-23,649.0
1998-08-24,621.0
1998-08-25,587.0
1998-08-26,545.0
1998-08-27,515.0
1998-08-28,498.0
1998-08-29,485.0
1998-08-30,487.0
1998-08-31,524.0
1998-09-01,506.0
1998-09-02,484.0
1998-09-03,521.0
1998-09-04,506.0
1998-09-05,497.0
1998-09-06,476.0
1998-09-07,492.0
1998-09-08,498.0
1998-09-09,485.0
1998-09-10,453.0
1998-09-11,434.0
1998-09-12,422.0
1998-09-13,416.0
1998-09-14,412.0
1998-09-15,403.0
1998-09-16,399.0
1998-09-17,406.0
1998-09-18,397.0
1998-09-19,404.0
1998-09-20,425.0
1998-09-21,634.0
1998-09-22,1150.0
1998-09-23,815.0
1998-09-24,562.0
1998-09-25,506.0
1998-09-26,492.0
1998-09-27,480.0
1998-09-28,496.0
1998-09-29,577.0
1998-09-30,568.0
1998-10-01,622.0
1998-10-02,586.0
1998-10-03,495.0
1998-10-04,497.0
1998-10-05,548.0
1998-10-06,1370.0
1998-10-07,1130.0
1998-10-08,3160.0
1998-10-09,2610.0
1998-10-10,1330.0
1998-10-11,992.0
1998-10-12,848.0
1998-10-13,784.0
1998-10-14,740.0
1998-10-15,696.0
1998-10-16,654.0
1998-10-17,640.0
1998-10-18,630.0
1998-10-19,628.0
1998-10-20,624.0
1998-10-21,599.0
1998-10-22,581.0
1998-10-23,575.0
1998-10-24,605.0
1998-10-25,610.0
1998-10-26,595.0
1998-10-27,583.0
1998-10-28,581.0
1998-10-29,579.0
1998-10-30,575.0
1998-10-31,573.0
1998-11-01,579.0
1998-11-02,590.0
1998-11-03,673.0
1998-11-04,736.0
1998-11-05,716.0
1998-11-06,655.0
1998-11-07,639.0
1998-11-08,632.0
1998-11-09,634.0
1998-11-10,677.0
1998-11-11,1250.0
1998-11-12,2040.0
1998-11-13,1230.0
1998-11-14,1010.0
1998-11-15,1090.0
1998-11-16,1130.0
1998-11-17,1320.0
1998-11-18,1360.0
1998-11-19,1120.0
1998-11-20,1000.0
1998-11-21,922.0
1998-11-22,879.0
1998-11-23,848.0
1998-11-24,837.0
1998-11-25,820.0
1998-11-26,833.0
1998-11-27,807.0
1998-11-28,785.0
1998-11-29,766.0
1998-11-30,757.0
1998-12-01,756.0
1998-12-02,735.0
1998-12-03,727.0
1998-12-04,720.0
1998-12-05,705.0
1998-12-06,708.0
1998-12-07,705.0
1998-12-08,707.0
1998-12-09,980.0
1998-12-10,994.0
1998-12-11,842.0
1998-12-12,784.0
1998-12-13,1240.0
1998-12-14,1830.0
1998-12-15,1360.0
1998-12-16,1060.0
1998-12-17,965.0
1998-12-18,903.0
1998-12-19,872.0
1998-12-20,906.0
1998-12-21,968.0
1998-12-22,938.0
1998-12-23,938.0
1998-12-24,1450.0
1998-12-25,2200.0
1998-12-26,1800.0
1998-12-27,1450.0
1998-12-28,1270.0
1998-12-29,1210.0
1998-12-30,1160.0
1998-12-31,1070.0
1999-01-01,1020.0
1999-01-02,1080.0
1999-01-03,3410.0
1999-01-04,3690.0
1999-01-05,2210.0
1999-01-06,1710.0
1999-01-07,1570.0
1999-01-08,1540.0
1999-01-09,1700.0
1999-01-10,1700.0
1999-01-11,1510.0
1999-01-12,1380.0
1999-01-13,1300.0
1999-01-14,1270.0
1999-01-15,2000.0
1999-01-16,2120.0
1999-01-17,1700.0
1999-01-18,2130.0
1999-01-19,2430.0
1999-01-20,1930.0
1999-01-21,1700.0
1999-01-22,1580.0
1999-01-23,2700.0
1999-01-24,5320.0
1999-01-25,4620.0
1999-01-26,3120.0
1999-01-27,2400.0
1999-01-28,2090.0
1999-01-29,1900.0
1999-01-30,1940.0
1999-01-31,1960.0
1999-02-01,2670.0
1999-02-02,5120.0
1999-02-03,4640.0
1999-02-04,3290.0
1999-02-05,2660.0
1999-02-06,2330.0
1999-02-07,2140.0
1999-02-08,1990.0
1999-02-09,1880.0
1999-02-10,2140.0
1999-02-11,2030.0
1999-02-12,1840.0
1999-02-13,1730.0
1999-02-14,1620.0
1999-02-15,1530.0
1999-02-16,1510.0
1999-02-17,1540.0
1999-02-18,2740.0
1999-02-19,3220.0
1999-02-20,3540.0
1999-02-21,2800.0
1999-02-22,2340.0
1999-02-23,2100.0
1999-02-24,1960.0
1999-02-25,1850.0
1999-02-26,1770.0
1999-02-27,1700.0
1999-02-28,1860.0
1999-03-01,1940.0
1999-03-02,1750.0
1999-03-03,1790.0
1999-03-04,1930.0
1999-03-05,1740.0
1999-03-06,1660.0
1999-03-07,1600.0
1999-03-08,1550.0
1999-03-09,1540.0
1999-03-10,1640.0
1999-03-11,1630.0
1999-03-12,1530.0
1999-03-13,1510.0
1999-03-14,1750.0
1999-03-15,2650.0
1999-03-16,2330.0
1999-03-17,2000.0
1999-03-18,1840.0
1999-03-19,1720.0
1999-03-20,1630.0
1999-03-21,1660.0
1999-03-22,1780.0
1999-03-23,1620.0
1999-03-24,1530.0
1999-03-25,1500.0
1999-03-26,1520.0
1999-03-27,1730.0
1999-03-28,1690.0
1999-03-29,1630.0
1999-03-30,1560.0
1999-03-31,1520.0
1999-04-01,3750.0
1999-04-02,5230.0
1999-04-03,4670.0
1999-04-04,3030.0
1999-04-05,2470.0
1999-04-06,2220.0
1999-04-07,2080.0
1999-04-08,1960.0
1999-04-09,1910.0
1999-04-10,1800.0
1999-04-11,1690.0
1999-04-12,1590.0
1999-04-13,1510.0
1999-04-14,1460.0
1999-04-15,1530.0
1999-04-16,1720.0
1999-04-17,1560.0
1999-04-18,1420.0
1999-04-19,1380.0
1999-04-20,1350.0
1999-04-21,1350.0
1999-04-22,1290.0
1999-04-23,1220.0
1999-04-24,1220.0
1999-04-25,1190.0
1999-04-26,1170.0
1999-04-27,1230.0
1999-04-28,1350.0
1999-04-29,1320.0
1999-04-30,1630.0
1999-05-01,1950.0
1999-05-02,1550.0
1999-05-03,1360.0
1999-05-04,1260.0
1999-05-05,1230.0
1999-05-06,1630.0
1999-05-07,2210.0
1999-05-08,2680.0
1999-05-09,2260.0
1999-05-10,1850.0
1999-05-11,1630.0
1999-05-12,1480.0
1999-05-13,1440.0
1999-05-14,1810.0
1999-05-15,1540.0
1999-05-16,1360.0
1999-05-17,1270.0
1999-05-18,1240.0
1999-05-19,1390.0
1999-05-20,1240.0
1999-05-21,1160.0
1999-05-22,1100.0
1999-05-23,1070.0
1999-05-24,1010.0
1999-05-25,963.0
1999-05-26,932.0
1999-05-27,939.0
1999-05-28,926.0
1999-05-29,869.0
1999-05-30,839.0
1999-05-31,825.0
1999-06-01,801.0
1999-06-02,805.0
1999-06-03,981.0
1999-06-04,1140.0
1999-06-05,907.0
1999-06-06,819.0
1999-06-07,784.0
1999-06-08,758.0
1999-06-09,742.0
1999-06-10,726.0
1999-06-11,737.0
1999-06-12,797.0
1999-06-13,727.0
1999-06-14,692.0
1999-06-15,683.0
1999-06-16,1010.0
1999-06-17,1770.0
1999-06-18,1320.0
1999-06-19,902.0
1999-06-20,771.0
1999-06-21,732.0
1999-06-22,710.0
1999-06-23,691.0
1999-06-24,729.0
1999-06-25,1680.0
1999-06-26,2620.0
1999-06-27,1850.0
1999-06-28,1410.0
1999-06-29,1730.0
1999-06-30,1540.0
1999-07-01,1170.0
1999-07-02,1140.0
1999-07-03,1560.0
1999-07-04,1350.0
1999-07-05,1130.0
1999-07-06,1230.0
1999-07-07,1310.0
1999-07-08,1450.0
1999-07-09,1280.0
1999-07-10,1320.0
1999-07-11,1480.0
1999-07-12,2050.0
1999-07-13,2050.0
1999-07-14,1770.0
1999-07-15,1470.0
1999-07-16,1320.0
1999-07-17,1170.0
1999-07-18,1120.0
1999-07-19,1380.0
1999-07-20,1070.0
1999-07-21,1020.0
1999-07-22,1020.0
1999-07-23,952.0
1999-07-24,906.0
1999-07-25,1040.0
1999-07-26,1240.0
1999-07-27,1000.0
1999-07-28,918.0
1999-07-29,863.0
1999-07-30,763.0
1999-07-31,718.0
1999-08-01,684.0
1999-08-02,670.0
1999-08-03,655.0
1999-08-04,606.0
1999-08-05,574.0
1999-08-06,574.0
1999-08-07,564.0
1999-08-08,545.0
1999-08-09,598.0
1999-08-10,549.0
1999-08-11,516.0
1999-08-12,492.0
1999-08-13,465.0
1999-08-14,521.0
1999-08-15,511.0
1999-08-16,462.0
1999-08-17,440.0
1999-08-18,431.0
1999-08-19,414.0
1999-08-20,406.0
1999-08-21,430.0
1999-08-22,438.0
1999-08-23,416.0
1999-08-24,952.0
1999-08-25,1440.0
1999-08-26,1130.0
1999-08-27,768.0
1999-08-28,592.0
1999-08-29,524.0
1999-08-30,503.0
1999-08-31,478.0
1999-09-01,450.0
1999-09-02,438.0
1999-09-03,426.0
1999-09-04,414.0
1999-09-05,403.0
1999-09-06,409.0
1999-09-07,417.0
1999-09-08,408.0
1999-09-09,408.0
1999-09-10,399.0
1999-09-11,381.0
1999-09-12,370.0
1999-09-13,365.0
1999-09-14,363.0
1999-09-15,365.0
1999-09-16,360.0
1999-09-17,338.0
1999-09-18,324.0
1999-09-19,326.0
1999-09-20,338.0
1999-09-21,355.0
1999-09-22,379.0
1999-09-23,415.0
1999-09-24,399.0
1999-09-25,364.0
1999-09-26,365.0
1999-09-27,376.0
1999-09-28,924.0
1999-09-29,1370.0
1999-09-30,1010.0
1999-10-01,607.0
1999-10-02,494.0
1999-10-03,442.0
1999-10-04,598.0
1999-10-05,1330.0
1999-10-06,936.0
1999-10-07,621.0
1999-10-08,522.0
1999-10-09,499.0
1999-10-10,642.0
1999-10-11,2150.0
1999-10-12,2100.0
1999-10-13,1250.0
1999-10-14,1040.0
1999-10-15,919.0
1999-10-16,793.0
1999-10-17,730.0
1999-10-18,667.0
1999-10-19,608.0
1999-10-20,676.0
1999-10-21,1250.0
1999-10-22,1160.0
1999-10-23,901.0
1999-10-24,780.0
1999-10-25,724.0
1999-10-26,675.0
1999-10-27,642.0
1999-10-28,620.0
1999-10-29,606.0
1999-10-30,590.0
1999-10-31,587.0
1999-11-01,614.0
1999-11-02,2150.0
1999-11-03,2760.0
1999-11-04,1650.0
1999-11-05,1240.0
1999-11-06,1080.0
1999-11-07,993.0
1999-11-08,927.0
1999-11-09,853.0
1999-11-10,825.0
1999-11-11,849.0
1999-11-12,823.0
1999-11-13,762.0
1999-11-14,745.0
1999-11-15,709.0
1999-11-16,679.0
1999-11-17,645.0
1999-11-18,645.0
1999-11-19,614.0
1999-11-20,618.0
1999-11-21,702.0
1999-11-22,846.0
1999-11-23,862.0
1999-11-24,795.0
1999-11-25,1230.0
1999-11-26,5020.0
1999-11-27,4840.0
1999-11-28,3730.0
1999-11-29,2140.0
1999-11-30,1730.0
1999-12-01,1520.0
1999-12-02,1400.0
1999-12-03,1310.0
1999-12-04,1200.0
1999-12-05,1150.0
1999-12-06,1160.0
1999-12-07,1250.0
1999-12-08,1130.0
1999-12-09,1050.0
1999-12-10,1080.0
1999-12-11,1280.0
1999-12-12,1190.0
1999-12-13,1160.0
1999-12-14,2980.0
1999-12-15,3320.0
1999-12-16,2220.0
1999-12-17,1790.0
1999-12-18,1590.0
1999-12-19,1470.0
1999-12-20,1420.0
1999-12-21,1460.0
1999-12-22,1490.0
1999-12-23,1430.0
1999-12-24,1330.0
1999-12-25,1270.0
1999-12-26,1190.0
1999-12-27,1170.0
1999-12-28,1130.0
1999-12-29,1090.0
1999-12-30,1070.0
1999-12-31,1040.0
2000-01-01,1040.0
2000-01-02,1020.0
2000-01-03,1020.0
2000-01-04,1020.0
2000-01-05,1180.0
2000-01-06,1130.0
2000-01-07,1020.0
2000-01-08,990.0
2000-01-09,1080.0
2000-01-10,2720.0
2000-01-11,3480.0
2000-01-12,2210.0
2000-01-13,1800.0
2000-01-14,1590.0
2000-01-15,1450.0
2000-01-16,1370.0
2000-01-17,1330.0
2000-01-18,1410.0
2000-01-19,1440.0
2000-01-20,1430.0
2000-01-21,1360.0
2000-01-22,1230.0
2000-01-23,1280.0
2000-01-24,1310.0
2000-01-25,1260.0
2000-01-26,1180.0
2000-01-27,1160.0
2000-01-28,1130.0
2000-01-29,1150.0
2000-01-30,1180.0
2000-01-31,1310.0
2000-02-01,1220.0
2000-02-02,1170.0
2000-02-03,1130.0
2000-02-04,1160.0
2000-02-05,1150.0
2000-02-06,1090.0
2000-02-07,1080.0
2000-02-08,1090.0
2000-02-09,1100.0
2000-02-10,1120.0
2000-02-11,1120.0
2000-02-12,1830.0
2000-02-13,2580.0
2000-02-14,3970.0
2000-02-15,3940.0
2000-02-16,2660.0
2000-02-17,2160.0
2000-02-18,1920.0
2000-02-19,1850.0
2000-02-20,1720.0
2000-02-21,1580.0
2000-02-22,1500.0
2000-02-23,1420.0
2000-02-24,1380.0
2000-02-25,1330.0
2000-02-26,1300.0
2000-02-27,1330.0
2000-02-28,1470.0
2000-02-29,1390.0
2000-03-01,1260.0
2000-03-02,1240.0
2000-03-03,1200.0
2000-03-04,1180.0
2000-03-05,1170.0
2000-03-06,1120.0
2000-03-07,1090.0
2000-03-08,1080.0
2000-03-09,1070.0
2000-03-10,1050.0
2000-03-11,1900.0
2000-03-12,2470.0
2000-03-13,1990.0
2000-03-14,1590.0
2000-03-15,1450.0
2000-03-16,1480.0
2000-03-17,2360.0
2000-03-18,2250.0
2000-03-19,1840.0
2000-03-20,6710.0
2000-03-21,7730.0
2000-03-22,6020.0
2000-03-23,3430.0
2000-03-24,2720.0
2000-03-25,2400.0
2000-03-26,2190.0
2000-03-27,2060.0
2000-03-28,2000.0
2000-03-29,1830.0
2000-03-30,1720.0
2000-03-31,1670.0
2000-04-01,1620.0
2000-04-02,1630.0
2000-04-03,3410.0
2000-04-04,6540.0
2000-04-05,5220.0
2000-04-06,3570.0
2000-04-07,2900.0
2000-04-08,2580.0
2000-04-09,2390.0
2000-04-10,2180.0
2000-04-11,2040.0
2000-04-12,1950.0
2000-04-13,2020.0
2000-04-14,2180.0
2000-04-15,2580.0
2000-04-16,3100.0
2000-04-17,2770.0
2000-04-18,2440.0
2000-04-19,2230.0
2000-04-20,2070.0
2000-04-21,1970.0
2000-04-22,1870.0
2000-04-23,1780.0
2000-04-24,1750.0
2000-04-25,2010.0
2000-04-26,2040.0
2000-04-27,1820.0
2000-04-28,2220.0
2000-04-29,2380.0
2000-04-30,2020.0
2000-05-01,1840.0
2000-05-02,1750.0
2000-05-03,1680.0
2000-05-04,2130.0
2000-05-05,2600.0
2000-05-06,2060.0
2000-05-07,1850.0
2000-05-08,1720.0
2000-05-09,1630.0
2000-05-10,1560.0
2000-05-11,1480.0
2000-05-12,1410.0
2000-05-13,1360.0
2000-05-14,1330.0
2000-05-15,1240.0
2000-05-16,1210.0
2000-05-17,1190.0
2000-05-18,1190.0
2000-05-19,1160.0
2000-05-20,1150.0
2000-05-21,1300.0
2000-05-22,1350.0
2000-05-23,1360.0
2000-05-24,1470.0
2000-05-25,1900.0
2000-05-26,1590.0
2000-05-27,1330.0
2000-05-28,1220.0
2000-05-29,1180.0
2000-05-30,1130.0
2000-05-31,1070.0
2000-06-01,1030.0
2000-06-02,983.0
2000-06-03,1050.0
2000-06-04,1200.0
2000-06-05,1210.0
2000-06-06,1110.0
2000-06-07,1020.0
2000-06-08,936.0
2000-06-09,889.0
2000-06-10,856.0
2000-06-11,826.0
2000-06-12,796.0
2000-06-13,778.0
2000-06-14,798.0
2000-06-15,824.0
2000-06-16,801.0
2000-06-17,884.0
2000-06-18,1070.0
2000-06-19,1040.0
2000-06-20,930.0
2000-06-21,1190.0
2000-06-22,1080.0
2000-06-23,975.0
2000-06-24,858.0
2000-06-25,886.0
2000-06-26,862.0
2000-06-27,973.0
2000-06-28,1150.0
2000-06-29,1410.0
2000-06-30,1280.0
2000-07-01,1030.0
2000-07-02,866.0
2000-07-03,808.0
2000-07-04,811.0
2000-07-05,740.0
2000-07-06,701.0
2000-07-07,667.0
2000-07-08,588.0
2000-07-09,557.0
2000-07-10,536.0
2000-07-11,505.0
2000-07-12,503.0
2000-07-13,575.0
2000-07-14,853.0
2000-07-15,916.0
2000-07-16,710.0
2000-07-17,544.0
2000-07-18,477.0
2000-07-19,471.0
2000-07-20,491.0
2000-07-21,453.0
2000-07-22,434.0
2000-07-23,519.0
2000-07-24,1030.0
2000-07-25,1470.0
2000-07-26,1400.0
2000-07-27,1110.0
2000-07-28,908.0
2000-07-29,867.0
2000-07-30,959.0
2000-07-31,1430.0
2000-08-01,1420.0
2000-08-02,1780.0
2000-08-03,2290.0
2000-08-04,2160.0
2000-08-05,1740.0
2000-08-06,1380.0
2000-08-07,1170.0
2000-08-08,1490.0
2000-08-09,1270.0
2000-08-10,1120.0
2000-08-11,920.0
2000-08-12,802.0
2000-08-13,720.0
2000-08-14,655.0
2000-08-15,596.0
2000-08-16,537.0
2000-08-17,515.0
2000-08-18,502.0
2000-08-19,553.0
2000-08-20,554.0
2000-08-21,797.0
2000-08-22,858.0
2000-08-23,720.0
2000-08-24,615.0
2000-08-25,562.0
2000-08-26,529.0
2000-08-27,486.0
2000-08-28,493.0
2000-08-29,478.0
2000-08-30,456.0
2000-08-31,464.0
2000-09-01,591.0
2000-09-02,706.0
2000-09-03,1120.0
2000-09-04,1170.0
2000-09-05,1010.0
2000-09-06,771.0
2000-09-07,707.0
2000-09-08,691.0
2000-09-09,686.0
2000-09-10,626.0
2000-09-11,516.0
2000-09-12,498.0
2000-09-13,475.0
2000-09-14,472.0
2000-09-15,651.0
2000-09-16,482.0
2000-09-17,431.0
2000-09-18,424.0
2000-09-19,439.0
2000-09-20,456.0
2000-09-21,559.0
2000-09-22,1420.0
2000-09-23,1370.0
2000-09-24,1170.0
2000-09-25,1110.0
2000-09-26,869.0
2000-09-27,780.0
2000-09-28,675.0
2000-09-29,597.0
2000-09-30,550.0
2000-10-01,515.0
2000-10-02,503.0
2000-10-03,486.0
2000-10-04,466.0
2000-10-05,453.0
2000-10-06,438.0
2000-10-07,423.0
2000-10-08,420.0
2000-10-09,415.0
2000-10-10,405.0
2000-10-11,403.0
2000-10-12,408.0
2000-10-13,409.0
2000-10-14,402.0
2000-10-15,390.0
2000-10-16,382.0
2000-10-17,381.0
2000-10-18,384.0
2000-10-19,381.0
2000-10-20,374.0
2000-10-21,375.0
2000-10-22,381.0
2000-10-23,381.0
2000-10-24,387.0
2000-10-25,388.0
2000-10-26,396.0
2000-10-27,416.0
2000-10-28,417.0
2000-10-29,408.0
2000-10-30,403.0
2000-10-31,401.0
2000-11-01,394.0
2000-11-02,388.0
2000-11-03,392.0
2000-11-04,396.0
2000-11-05,413.0
2000-11-06,429.0
2000-11-07,420.0
2000-11-08,418.0
2000-11-09,822.0
2000-11-10,2650.0
2000-11-11,2440.0
2000-11-12,1230.0
2000-11-13,831.0
2000-11-14,737.0
2000-11-15,679.0
2000-11-16,647.0
2000-11-17,636.0
2000-11-18,644.0
2000-11-19,643.0
2000-11-20,638.0
2000-11-21,624.0
2000-11-22,601.0
2000-11-23,577.0
2000-11-24,571.0
2000-11-25,743.0
2000-11-26,2270.0
2000-11-27,2130.0
2000-11-28,1490.0
2000-11-29,1160.0
2000-11-30,978.0
2000-12-01,859.0
2000-12-02,795.0
2000-12-03,759.0
2000-12-04,752.0
2000-12-05,726.0
2000-12-06,707.0
2000-12-07,690.0
2000-12-08,674.0
2000-12-09,667.0
2000-12-10,651.0
2000-12-11,646.0
2000-12-12,640.0
2000-12-13,633.0
2000-12-14,677.0
2000-12-15,979.0
2000-12-16,1090.0
2000-12-17,2900.0
2000-12-18,3160.0
2000-12-19,1990.0
2000-12-20,1620.0
2000-12-21,1340.0
2000-12-22,1180.0
2000-12-23,1010.0
2000-12-24,937.0
2000-12-25,875.0
2000-12-26,850.0
2000-12-27,825.0
2000-12-28,800.0
2000-12-29,789.0
2000-12-30,778.0
2000-12-31,767.0
2001-01-01,756.0
2001-01-02,745.0
2001-01-03,734.0
2001-01-04,723.0
2001-01-05,712.0
2001-01-06,701.0
2001-01-07,690.0
2001-01-08,712.0
2001-01-09,750.0
2001-01-10,694.0
2001-01-11,664.0
2001-01-12,715.0
2001-01-13,775.0
2001-01-14,750.0
2001-01-15,712.0
2001-01-16,705.0
2001-01-17,696.0
2001-01-18,736.0
2001-01-19,1860.0
2001-01-20,4110.0
2001-01-21,2700.0
2001-01-22,1880.0
2001-01-23,1600.0
2001-01-24,1390.0
2001-01-25,1260.0
2001-01-26,1120.0
2001-01-27,1050.0
2001-01-28,997.0
2001-01-29,969.0
2001-01-30,1130.0
2001-01-31,1440.0
2001-02-01,1170.0
2001-02-02,1030.0
2001-02-03,964.0
2001-02-04,916.0
2001-02-05,880.0
2001-02-06,862.0
2001-02-07,824.0
2001-02-08,801.0
2001-02-09,792.0
2001-02-10,844.0
2001-02-11,842.0
2001-02-12,838.0
2001-02-13,859.0
2001-02-14,1060.0
2001-02-15,1090.0
2001-02-16,1100.0
2001-02-17,1780.0
2001-02-18,1690.0
2001-02-19,1370.0
2001-02-20,1190.0
2001-02-21,1140.0
2001-02-22,1180.0
2001-02-23,1390.0
2001-02-24,1300.0
2001-02-25,1830.0
2001-02-26,3280.0
2001-02-27,2420.0
2001-02-28,1920.0
2001-03-01,1690.0
2001-03-02,1570.0
2001-03-03,1500.0
2001-03-04,1600.0
2001-03-05,1660.0
2001-03-06,1500.0
2001-03-07,1340.0
2001-03-08,1260.0
2001-03-09,1220.0
2001-03-10,1140.0
2001-03-11,1090.0
2001-03-12,1080.0
2001-03-13,1450.0
2001-03-14,1620.0
2001-03-15,1870.0
2001-03-16,2450.0
2001-03-17,2030.0
2001-03-18,1740.0
2001-03-19,1590.0
2001-03-20,1640.0
2001-03-21,2610.0
2001-03-22,3370.0
2001-03-23,3380.0
2001-03-24,2850.0
2001-03-25,2560.0
2001-03-26,2320.0
2001-03-27,2070.0
2001-03-28,1890.0
2001-03-29,2240.0
2001-03-30,5410.0
2001-03-31,4580.0
2001-04-01,3300.0
2001-04-02,2750.0
2001-04-03,2460.0
2001-04-04,2400.0
2001-04-05,2210.0
2001-04-06,2060.0
2001-04-07,1960.0
2001-04-08,1850.0
2001-04-09,1760.0
2001-04-10,1680.0
2001-04-11,1620.0
2001-04-12,1570.0
2001-04-13,1680.0
2001-04-14,1660.0
2001-04-15,1610.0
2001-04-16,1590.0
2001-04-17,1480.0
2001-04-18,1350.0
2001-04-19,1280.0
2001-04-20,1200.0
2001-04-21,1140.0
2001-04-22,1100.0
2001-04-23,1060.0
2001-04-24,1020.0
2001-04-25,1030.0
2001-04-26,1070.0
2001-04-27,989.0
2001-04-28,921.0
2001-04-29,875.0
2001-04-30,856.0
2001-05-01,950.0
2001-05-02,857.0
2001-05-03,831.0
2001-05-04,778.0
2001-05-05,756.0
2001-05-06,747.0
2001-05-07,771.0
2001-05-08,738.0
2001-05-09,727.0
2001-05-10,723.0
2001-05-11,713.0
2001-05-12,725.0
2001-05-13,717.0
2001-05-14,692.0
2001-05-15,633.0
2001-05-16,608.0
2001-05-17,600.0
2001-05-18,649.0
2001-05-19,827.0
2001-05-20,1030.0
2001-05-21,889.0
2001-05-22,842.0
2001-05-23,1260.0
2001-05-24,998.0
2001-05-25,1120.0
2001-05-26,1650.0
2001-05-27,1290.0
2001-05-28,871.0
2001-05-29,864.0
2001-05-30,825.0
2001-05-31,723.0
2001-06-01,780.0
2001-06-02,1300.0
2001-06-03,1120.0
2001-06-04,799.0
2001-06-05,727.0
2001-06-06,683.0
2001-06-07,769.0
2001-06-08,812.0
2001-06-09,842.0
2001-06-10,743.0
2001-06-11,699.0
2001-06-12,647.0
2001-06-13,607.0
2001-06-14,591.0
2001-06-15,646.0
2001-06-16,783.0
2001-06-17,617.0
2001-06-18,556.0
2001-06-19,495.0
2001-06-20,469.0
2001-06-21,560.0
2001-06-22,971.0
2001-06-23,1080.0
2001-06-24,994.0
2001-06-25,787.0
2001-06-26,857.0
2001-06-27,933.0
2001-06-28,870.0
2001-06-29,796.0
2001-06-30,824.0
2001-07-01,940.0
2001-07-02,987.0
2001-07-03,1170.0
2001-07-04,1980.0
2001-07-05,1860.0
2001-07-06,1220.0
2001-07-07,959.0
2001-07-08,883.0
2001-07-09,879.0
2001-07-10,852.0
2001-07-11,815.0
2001-07-12,765.0
2001-07-13,937.0
2001-07-14,834.0
2001-07-15,701.0
2001-07-16,640.0
2001-07-17,627.0
2001-07-18,612.0
2001-07-19,668.0
2001-07-20,966.0
2001-07-21,1220.0
2001-07-22,927.0
2001-07-23,782.0
2001-07-24,736.0
2001-07-25,838.0
2001-07-26,2030.0
2001-07-27,1580.0
2001-07-28,1190.0
2001-07-29,1440.0
2001-07-30,1670.0
2001-07-31,1380.0
2001-08-01,1260.0
2001-08-02,1310.0
2001-08-03,1220.0
2001-08-04,1840.0
2001-08-05,1440.0
2001-08-06,1440.0
2001-08-07,1400.0
2001-08-08,1340.0
2001-08-09,1210.0
2001-08-10,1110.0
2001-08-11,1070.0
2001-08-12,1010.0
2001-08-13,972.0
2001-08-14,1080.0
2001-08-15,1200.0
2001-08-16,974.0
2001-08-17,871.0
2001-08-18,931.0
2001-08-19,852.0
2001-08-20,789.0
2001-08-21,722.0
2001-08-22,644.0
2001-08-23,617.0
2001-08-24,820.0
2001-08-25,787.0
2001-08-26,677.0
2001-08-27,710.0
2001-08-28,860.0
2001-08-29,1070.0
2001-08-30,822.0
2001-08-31,807.0
2001-09-01,750.0
2001-09-02,800.0
2001-09-03,945.0
2001-09-04,1380.0
2001-09-05,1300.0
2001-09-06,1100.0
2001-09-07,920.0
2001-09-08,800.0
2001-09-09,720.0
2001-09-10,920.0
2001-09-11,800.0
2001-09-12,810.0
2001-09-13,700.0
2001-09-14,660.0
2001-09-15,720.0
2001-09-16,700.0
2001-09-17,620.0
2001-09-18,580.0
2001-09-19,570.0
2001-09-20,610.0
2001-09-21,1150.0
2001-09-22,960.0
2001-09-23,740.0
2001-09-24,1500.0
2001-09-25,2400.0
2001-09-26,1690.0
2001-09-27,1260.0
2001-09-28,1110.0
2001-09-29,1010.0
2001-09-30,939.0
2001-10-01,890.0
2001-10-02,854.0
2001-10-03,803.0
2001-10-04,788.0
2001-10-05,771.0
2001-10-06,747.0
2001-10-07,762.0
2001-10-08,751.0
2001-10-09,709.0
2001-10-10,680.0
2001-10-11,685.0
2001-10-12,720.0
2001-10-13,781.0
2001-10-14,1080.0
2001-10-15,2190.0
2001-10-16,1600.0
2001-10-17,1140.0
2001-10-18,984.0
2001-10-19,920.0
2001-10-20,875.0
2001-10-21,859.0
2001-10-22,836.0
2001-10-23,811.0
2001-10-24,806.0
2001-10-25,794.0
2001-10-26,768.0
2001-10-27,754.0
2001-10-28,736.0
2001-10-29,734.0
2001-10-30,733.0
2001-10-31,738.0
2001-11-01,773.0
2001-11-02,756.0
2001-11-03,695.0
2001-11-04,675.0
2001-11-05,655.0
2001-11-06,649.0
2001-11-07,669.0
2001-11-08,677.0
2001-11-09,677.0
2001-11-10,643.0
2001-11-11,635.0
2001-11-12,631.0
2001-11-13,651.0
2001-11-14,674.0
2001-11-15,649.0
2001-11-16,632.0
2001-11-17,610.0
2001-11-18,604.0
2001-11-19,604.0
2001-11-20,603.0
2001-11-21,600.0
2001-11-22,596.0
2001-11-23,618.0
2001-11-24,1000.0
2001-11-25,1650.0
2001-11-26,1550.0
2001-11-27,1260.0
2001-11-28,1050.0
2001-11-29,999.0
2001-11-30,1020.0
2001-12-01,1070.0
2001-12-02,1040.0
2001-12-03,918.0
2001-12-04,861.0
2001-12-05,812.0
2001-12-06,800.0
2001-12-07,799.0
2001-12-08,787.0
2001-12-09,779.0
2001-12-10,864.0
2001-12-11,1550.0
2001-12-12,1540.0
2001-12-13,1280.0
2001-12-14,1290.0
2001-12-15,1270.0
2001-12-16,1190.0
2001-12-17,1170.0
2001-12-18,1770.0
2001-12-19,1810.0
2001-12-20,1480.0
2001-12-21,1300.0
2001-12-22,1190.0
2001-12-23,1150.0
2001-12-24,1200.0
2001-12-25,1350.0
2001-12-26,1190.0
2001-12-27,1130.0
2001-12-28,1080.0
2001-12-29,1030.0
2001-12-30,998.0
2001-12-31,964.0
2002-01-01,923.0
2002-01-02,887.0
2002-01-03,875.0
2002-01-04,862.0
2002-01-05,862.0
2002-01-06,1060.0
2002-01-07,1540.0
2002-01-08,1300.0
2002-01-09,1130.0
2002-01-10,1080.0
2002-01-11,1020.0
2002-01-12,994.0
2002-01-13,957.0
2002-01-14,932.0
2002-01-15,906.0
2002-01-16,872.0
2002-01-17,857.0
2002-01-18,860.0
2002-01-19,1190.0
2002-01-20,2250.0
2002-01-21,2150.0
2002-01-22,1900.0
2002-01-23,2300.0
2002-01-24,3260.0
2002-01-25,3440.0
2002-01-26,2980.0
2002-01-27,2320.0
2002-01-28,1980.0
2002-01-29,1770.0
2002-01-30,1630.0
2002-01-31,1530.0
2002-02-01,1470.0
2002-02-02,1420.0
2002-02-03,1340.0
2002-02-04,1280.0
2002-02-05,1200.0
2002-02-06,1180.0
2002-02-07,1660.0
2002-02-08,2290.0
2002-02-09,1840.0
2002-02-10,1630.0
2002-02-11,1560.0
2002-02-12,1450.0
2002-02-13,1380.0
2002-02-14,1330.0
2002-02-15,1290.0
2002-02-16,1250.0
2002-02-17,1220.0
2002-02-18,1170.0
2002-02-19,1130.0
2002-02-20,1110.0
2002-02-21,1180.0
2002-02-22,1170.0
2002-02-23,1100.0
2002-02-24,1060.0
2002-02-25,1040.0
2002-02-26,1020.0
2002-02-27,995.0
2002-02-28,974.0
2002-03-01,951.0
2002-03-02,1060.0
2002-03-03,2460.0
2002-03-04,2190.0
2002-03-05,1580.0
2002-03-06,1410.0
2002-03-07,1320.0
2002-03-08,1250.0
2002-03-09,1220.0
2002-03-10,1210.0
2002-03-11,1190.0
2002-03-12,1170.0
2002-03-13,1760.0
2002-03-14,2380.0
2002-03-15,1860.0
2002-03-16,1670.0
2002-03-17,2000.0
2002-03-18,2450.0
2002-03-19,2120.0
2002-03-20,1900.0
2002-03-21,2090.0
2002-03-22,2200.0
2002-03-23,1890.0
2002-03-24,1720.0
2002-03-25,1620.0
2002-03-26,1620.0
2002-03-27,1910.0
2002-03-28,1710.0
2002-03-29,1550.0
2002-03-30,1850.0
2002-03-31,2190.0
2002-04-01,2240.0
2002-04-02,2020.0
2002-04-03,1810.0
2002-04-04,1690.0
2002-04-05,1580.0
2002-04-06,1510.0
2002-04-07,1440.0
2002-04-08,1400.0
2002-04-09,1440.0
2002-04-10,2030.0
2002-04-11,2030.0
2002-04-12,1720.0
2002-04-13,1710.0
2002-04-14,1740.0
2002-04-15,1710.0
2002-04-16,1640.0
2002-04-17,1550.0
2002-04-18,1680.0
2002-04-19,1620.0
2002-04-20,1550.0
2002-04-21,1480.0
2002-04-22,1400.0
2002-04-23,1330.0
2002-04-24,1270.0
2002-04-25,1490.0
2002-04-26,1440.0
2002-04-27,1290.0
2002-04-28,1250.0
2002-04-29,1220.0
2002-04-30,1150.0
2002-05-01,1640.0
2002-05-02,1780.0
2002-05-03,1520.0
2002-05-04,2100.0
2002-05-05,3080.0
2002-05-06,2280.0
2002-05-07,1750.0
2002-05-08,1520.0
2002-05-09,1360.0
2002-05-10,1290.0
2002-05-11,1360.0
2002-05-12,1220.0
2002-05-13,1220.0
2002-05-14,1470.0
2002-05-15,1350.0
2002-05-16,1100.0
2002-05-17,1010.0
2002-05-18,1250.0
2002-05-19,1250.0
2002-05-20,1010.0
2002-05-21,943.0
2002-05-22,914.0
2002-05-23,861.0
2002-05-24,816.0
2002-05-25,784.0
2002-05-26,749.0
2002-05-27,855.0
2002-05-28,1480.0
2002-05-29,1040.0
2002-05-30,829.0
2002-05-31,766.0
2002-06-01,773.0
2002-06-02,865.0
2002-06-03,724.0
2002-06-04,709.0
2002-06-05,1360.0
2002-06-06,1520.0
2002-06-07,1570.0
2002-06-08,1070.0
2002-06-09,862.0
2002-06-10,760.0
2002-06-11,700.0
2002-06-12,662.0
2002-06-13,649.0
2002-06-14,651.0
2002-06-15,651.0
2002-06-16,619.0
2002-06-17,588.0
2002-06-18,568.0
2002-06-19,547.0
2002-06-20,521.0
2002-06-21,510.0
2002-06-22,488.0
2002-06-23,481.0
2002-06-24,501.0
2002-06-25,541.0
2002-06-26,605.0
2002-06-27,1680.0
2002-06-28,1920.0
2002-06-29,978.0
2002-06-30,812.0
2002-07-01,705.0
2002-07-02,685.0
2002-07-03,705.0
2002-07-04,662.0
2002-07-05,645.0
2002-07-06,577.0
2002-07-07,526.0
2002-07-08,488.0
2002-07-09,457.0
2002-07-10,447.0
2002-07-11,612.0
2002-07-12,621.0
2002-07-13,784.0
2002-07-14,912.0
2002-07-15,1110.0
2002-07-16,1010.0
2002-07-17,765.0
2002-07-18,661.0
2002-07-19,601.0
2002-07-20,560.0
2002-07-21,532.0
2002-07-22,535.0
2002-07-23,497.0
2002-07-24,484.0
2002-07-25,573.0
2002-07-26,747.0
2002-07-27,593.0
2002-07-28,789.0
2002-07-29,662.0
2002-07-30,539.0
2002-07-31,457.0
2002-08-01,429.0
2002-08-02,413.0
2002-08-03,431.0
2002-08-04,401.0
2002-08-05,392.0
2002-08-06,372.0
2002-08-07,343.0
2002-08-08,327.0
2002-08-09,316.0
2002-08-10,307.0
2002-08-11,303.0
2002-08-12,306.0
2002-08-13,295.0
2002-08-14,281.0
2002-08-15,282.0
2002-08-16,396.0
2002-08-17,612.0
2002-08-18,585.0
2002-08-19,549.0
2002-08-20,605.0
2002-08-21,491.0
2002-08-22,401.0
2002-08-23,350.0
2002-08-24,360.0
2002-08-25,379.0
2002-08-26,409.0
2002-08-27,789.0
2002-08-28,799.0
2002-08-29,603.0
2002-08-30,457.0
2002-08-31,413.0
2002-09-01,397.0
2002-09-02,392.0
2002-09-03,375.0
2002-09-04,359.0
2002-09-05,344.0
2002-09-06,311.0
2002-09-07,280.0
2002-09-08,272.0
2002-09-09,257.0
2002-09-10,244.0
2002-09-11,230.0
2002-09-12,223.0
2002-09-13,215.0
2002-09-14,282.0
2002-09-15,797.0
2002-09-16,1270.0
2002-09-17,970.0
2002-09-18,611.0
2002-09-19,499.0
2002-09-20,451.0
2002-09-21,657.0
2002-09-22,1340.0
2002-09-23,1760.0
2002-09-24,1120.0
2002-09-25,822.0
2002-09-26,1810.0
2002-09-27,4710.0
2002-09-28,5310.0
2002-09-29,4540.0
2002-09-30,2420.0
2002-10-01,1520.0
2002-10-02,1200.0
2002-10-03,1030.0
2002-10-04,889.0
2002-10-05,800.0
2002-10-06,757.0
2002-10-07,700.0
2002-10-08,668.0
2002-10-09,647.0
2002-10-10,637.0
2002-10-11,659.0
2002-10-12,661.0
2002-10-13,636.0
2002-10-14,602.0
2002-10-15,775.0
2002-10-16,3190.0
2002-10-17,2910.0
2002-10-18,1620.0
2002-10-19,1200.0
2002-10-20,1020.0
2002-10-21,923.0
2002-10-22,956.0
2002-10-23,875.0
2002-10-24,796.0
2002-10-25,762.0
2002-10-26,804.0
2002-10-27,851.0
2002-10-28,780.0
2002-10-29,933.0
2002-10-30,1100.0
2002-10-31,1040.0
2002-11-01,910.0
2002-11-02,835.0
2002-11-03,785.0
2002-11-04,755.0
2002-11-05,768.0
2002-11-06,1310.0
2002-11-07,1470.0
2002-11-08,1100.0
2002-11-09,963.0
2002-11-10,929.0
2002-11-11,2090.0
2002-11-12,3940.0
2002-11-13,3150.0
2002-11-14,2260.0
2002-11-15,1800.0
2002-11-16,3100.0
2002-11-17,4750.0
2002-11-18,3350.0
2002-11-19,2530.0
2002-11-20,2170.0
2002-11-21,2040.0
2002-11-22,2030.0
2002-11-23,1810.0
2002-11-24,1660.0
2002-11-25,1570.0
2002-11-26,1500.0
2002-11-27,1440.0
2002-11-28,1380.0
2002-11-29,1330.0
2002-11-30,1300.0
2002-12-01,1250.0
2002-12-02,1210.0
2002-12-03,1190.0
2002-12-04,1210.0
2002-12-05,2050.0
2002-12-06,2850.0
2002-12-07,2100.0
2002-12-08,1760.0
2002-12-09,1620.0
2002-12-10,1550.0
2002-12-11,2680.0
2002-12-12,2740.0
2002-12-13,2770.0
2002-12-14,3890.0
2002-12-15,3010.0
2002-12-16,2460.0
2002-12-17,2180.0
2002-12-18,1980.0
2002-12-19,1850.0
2002-12-20,3370.0
2002-12-21,3710.0
2002-12-22,2700.0
2002-12-23,2350.0
2002-12-24,4650.0
2002-12-25,6480.0
2002-12-26,5130.0
2002-12-27,3300.0
2002-12-28,2810.0
2002-12-29,2540.0
2002-12-30,2350.0
2002-12-31,2200.0
2003-01-01,2620.0
2003-01-02,2920.0
2003-01-03,2760.0
2003-01-04,2570.0
2003-01-05,2350.0
2003-01-06,2210.0
2003-01-07,2070.0
2003-01-08,1990.0
2003-01-09,1920.0
2003-01-10,1850.0
2003-01-11,1750.0
2003-01-12,1680.0
2003-01-13,1640.0
2003-01-14,1610.0
2003-01-15,1580.0
2003-01-16,1530.0
2003-01-17,1550.0
2003-01-18,1510.0
2003-01-19,1500.0
2003-01-20,1500.0
2003-01-21,1480.0
2003-01-22,1470.0
2003-01-23,1440.0
2003-01-24,1410.0
2003-01-25,1390.0
2003-01-26,1380.0
2003-01-27,1320.0
2003-01-28,1290.0
2003-01-29,1310.0
2003-01-30,1460.0
2003-01-31,1540.0
2003-02-01,1430.0
2003-02-02,1360.0
2003-02-03,1310.0
2003-02-04,1390.0
2003-02-05,1480.0
2003-02-06,1380.0
2003-02-07,1420.0
2003-02-08,1420.0
2003-02-09,1340.0
2003-02-10,1340.0
2003-02-11,1400.0
2003-02-12,1360.0
2003-02-13,1310.0
2003-02-14,1340.0
2003-02-15,1720.0
2003-02-16,1920.0
2003-02-17,2180.0
2003-02-18,2130.0
2003-02-19,1910.0
2003-02-20,1810.0
2003-02-21,1720.0
2003-02-22,5630.0
2003-02-23,8820.0
2003-02-24,7160.0
2003-02-25,4820.0
2003-02-26,3130.0
2003-02-27,2970.0
2003-02-28,2870.0
2003-03-01,2600.0
2003-03-02,2440.0
2003-03-03,2280.0
2003-03-04,2130.0
2003-03-05,2040.0
2003-03-06,3670.0
2003-03-07,3840.0
2003-03-08,2910.0
2003-03-09,2570.0
2003-03-10,2360.0
2003-03-11,2190.0
2003-03-12,2080.0
2003-03-13,1990.0
2003-03-14,1920.0
2003-03-15,1860.0
2003-03-16,2530.0
2003-03-17,2520.0
2003-03-18,2330.0
2003-03-19,2580.0
2003-03-20,6170.0
2003-03-21,7300.0
2003-03-22,6120.0
2003-03-23,3950.0
2003-03-24,3190.0
2003-03-25,2870.0
2003-03-26,2650.0
2003-03-27,2510.0
2003-03-28,2380.0
2003-03-29,2290.0
2003-03-30,2460.0
2003-03-31,2520.0
2003-04-01,2260.0
2003-04-02,2150.0
2003-04-03,2070.0
2003-04-04,2000.0
2003-04-05,2190.0
2003-04-06,2290.0
2003-04-07,2880.0
2003-04-08,3820.0
2003-04-09,3590.0
2003-04-10,4690.0
2003-04-11,7890.0
2003-04-12,6510.0
2003-04-13,4600.0
2003-04-14,3750.0
2003-04-15,3260.0
2003-04-16,2980.0
2003-04-17,2790.0
2003-04-18,4390.0
2003-04-19,4400.0
2003-04-20,3430.0
2003-04-21,3180.0
2003-04-22,3110.0
2003-04-23,2840.0
2003-04-24,2610.0
2003-04-25,2510.0
2003-04-26,2500.0
2003-04-27,2430.0
2003-04-28,2280.0
2003-04-29,2180.0
2003-04-30,2290.0
2003-05-01,2430.0
2003-05-02,2970.0
2003-05-03,3210.0
2003-05-04,2790.0
2003-05-05,2930.0
2003-05-06,11300.0
2003-05-07,13500.0
2003-05-08,11400.0
2003-05-09,9250.0
2003-05-10,7420.0
2003-05-11,4600.0
2003-05-12,3800.0
2003-05-13,3350.0
2003-05-14,3090.0
2003-05-15,2990.0
2003-05-16,2990.0
2003-05-17,3050.0
2003-05-18,3230.0
2003-05-19,3400.0
2003-05-20,3060.0
2003-05-21,2890.0
2003-05-22,4560.0
2003-05-23,5430.0
2003-05-24,4720.0
2003-05-25,4310.0
2003-05-26,3610.0
2003-05-27,3150.0
2003-05-28,2890.0
2003-05-29,2770.0
2003-05-30,2680.0
2003-05-31,2530.0
2003-06-01,2400.0
2003-06-02,2270.0
2003-06-03,2300.0
2003-06-04,2610.0
2003-06-05,2490.0
2003-06-06,2230.0
2003-06-07,3280.0
2003-06-08,5780.0
2003-06-09,4890.0
2003-06-10,3290.0
2003-06-11,2830.0
2003-06-12,2790.0
2003-06-13,2660.0
2003-06-14,2580.0
2003-06-15,2550.0
2003-06-16,2960.0
2003-06-17,3120.0
2003-06-18,2900.0
2003-06-19,3940.0
2003-06-20,2970.0
2003-06-21,2580.0
2003-06-22,2320.0
2003-06-23,2160.0
2003-06-24,2050.0
2003-06-25,1950.0
2003-06-26,1860.0
2003-06-27,1800.0
2003-06-28,1960.0
2003-06-29,1910.0
2003-06-30,1980.0
2003-07-01,2160.0
2003-07-02,7870.0
2003-07-03,7770.0
2003-07-04,6790.0
2003-07-05,5020.0
2003-07-06,3690.0
2003-07-07,3220.0
2003-07-08,3060.0
2003-07-09,2790.0
2003-07-10,3090.0
2003-07-11,2810.0
2003-07-12,2450.0
2003-07-13,2410.0
2003-07-14,2680.0
2003-07-15,2680.0
2003-07-16,2500.0
2003-07-17,2760.0
2003-07-18,2730.0
2003-07-19,3350.0
2003-07-20,2840.0
2003-07-21,2470.0
2003-07-22,2480.0
2003-07-23,2500.0
2003-07-24,2360.0
2003-07-25,2080.0
2003-07-26,1920.0
2003-07-27,1830.0
2003-07-28,1800.0
2003-07-29,1960.0
2003-07-30,2160.0
2003-07-31,3000.0
2003-08-01,2970.0
2003-08-02,3040.0
2003-08-03,3030.0
2003-08-04,3380.0
2003-08-05,4990.0
2003-08-06,3330.0
2003-08-07,3040.0
2003-08-08,3400.0
2003-08-09,2990.0
2003-08-10,2770.0
2003-08-11,2920.0
2003-08-12,2790.0
2003-08-13,2610.0
2003-08-14,2530.0
2003-08-15,2510.0
2003-08-16,2440.0
2003-08-17,2350.0
2003-08-18,2360.0
2003-08-19,2180.0
2003-08-20,2020.0
2003-08-21,2100.0
2003-08-22,2310.0
2003-08-23,2170.0
2003-08-24,1950.0
2003-08-25,1850.0
2003-08-26,1740.0
2003-08-27,1680.0
2003-08-28,1630.0
2003-08-29,1750.0
2003-08-30,1830.0
2003-08-31,2200.0
2003-09-01,3000.0
2003-09-02,4040.0
2003-09-03,2910.0
2003-09-04,2510.0
2003-09-05,2280.0
2003-09-06,2030.0
2003-09-07,1890.0
2003-09-08,1830.0
2003-09-09,1740.0
2003-09-10,1670.0
2003-09-11,1610.0
2003-09-12,1570.0
2003-09-13,1520.0
2003-09-14,1500.0
2003-09-15,1660.0
2003-09-16,1740.0
2003-09-17,1530.0
2003-09-18,1440.0
2003-09-19,1390.0
2003-09-20,1350.0
2003-09-21,1320.0
2003-09-22,1600.0
2003-09-23,5330.0
2003-09-24,4490.0
2003-09-25,2760.0
2003-09-26,2110.0
2003-09-27,1960.0
2003-09-28,2060.0
2003-09-29,1860.0
2003-09-30,1690.0
2003-10-01,1530.0
2003-10-02,1470.0
2003-10-03,1410.0
2003-10-04,1380.0
2003-10-05,1350.0
2003-10-06,1320.0
2003-10-07,1340.0
2003-10-08,1300.0
2003-10-09,1560.0
2003-10-10,1840.0
2003-10-11,1750.0
2003-10-12,1830.0
2003-10-13,1640.0
2003-10-14,1500.0
2003-10-15,1440.0
2003-10-16,1380.0
2003-10-17,1340.0
2003-10-18,1310.0
2003-10-19,1290.0
2003-10-20,1260.0
2003-10-21,1240.0
2003-10-22,1220.0
2003-10-23,1200.0
2003-10-24,1180.0
2003-10-25,1170.0
2003-10-26,1350.0
2003-10-27,2810.0
2003-10-28,2540.0
2003-10-29,1860.0
2003-10-30,1630.0
2003-10-31,1500.0
2003-11-01,1430.0
2003-11-02,1390.0
2003-11-03,1350.0
2003-11-04,1320.0
2003-11-05,1470.0
2003-11-06,3120.0
2003-11-07,3450.0
2003-11-08,2500.0
2003-11-09,2080.0
2003-11-10,1850.0
2003-11-11,1730.0
2003-11-12,1680.0
2003-11-13,1590.0
2003-11-14,1480.0
2003-11-15,1430.0
2003-11-16,1410.0
2003-11-17,1410.0
2003-11-18,1420.0
2003-11-19,8850.0
2003-11-20,9110.0
2003-11-21,8130.0
2003-11-22,6730.0
2003-11-23,3550.0
2003-11-24,2920.0
2003-11-25,2950.0
2003-11-26,2670.0
2003-11-27,2460.0
2003-11-28,2490.0
2003-11-29,3060.0
2003-11-30,2700.0
2003-12-01,2440.0
2003-12-02,2250.0
2003-12-03,2120.0
2003-12-04,2130.0
2003-12-05,2570.0
2003-12-06,2590.0
2003-12-07,2340.0
2003-12-08,2150.0
2003-12-09,2070.0
2003-12-10,3010.0
2003-12-11,6130.0
2003-12-12,5650.0
2003-12-13,3940.0
2003-12-14,3710.0
2003-12-15,3670.0
2003-12-16,3190.0
2003-12-17,3260.0
2003-12-18,3260.0
2003-12-19,2950.0
2003-12-20,2730.0
2003-12-21,2550.0
2003-12-22,2450.0
2003-12-23,2390.0
2003-12-24,2570.0
2003-12-25,2570.0
2003-12-26,2370.0
2003-12-27,2260.0
2003-12-28,2160.0
2003-12-29,2100.0
2003-12-30,2120.0
2003-12-31,2160.0
2004-01-01,2050.0
2004-01-02,2000.0
2004-01-03,1960.0
2004-01-04,1940.0
2004-01-05,1960.0
2004-01-06,2080.0
2004-01-07,1940.0
2004-01-08,1810.0
2004-01-09,1810.0
2004-01-10,1790.0
2004-01-11,1730.0
2004-01-12,1700.0
2004-01-13,1660.0
2004-01-14,1640.0
2004-01-15,1620.0
2004-01-16,1590.0
2004-01-17,1560.0
2004-01-18,1600.0
2004-01-19,1710.0
2004-01-20,1600.0
2004-01-21,1530.0
2004-01-22,1500.0
2004-01-23,1470.0
2004-01-24,1460.0
2004-01-25,1480.0
2004-01-26,1610.0
2004-01-27,1600.0
2004-01-28,1650.0
2004-01-29,1530.0
2004-01-30,1500.0
2004-01-31,1470.0
2004-02-01,1430.0
2004-02-02,1430.0
2004-02-03,2360.0
2004-02-04,2660.0
2004-02-05,2150.0
2004-02-06,6710.0
2004-02-07,10100.0
2004-02-08,8530.0
2004-02-09,6370.0
2004-02-10,3780.0
2004-02-11,3290.0
2004-02-12,3280.0
2004-02-13,3540.0
2004-02-14,3120.0
2004-02-15,2970.0
2004-02-16,3050.0
2004-02-17,2830.0
2004-02-18,2670.0
2004-02-19,2580.0
2004-02-20,2500.0
2004-02-21,2460.0
2004-02-22,2360.0
2004-02-23,2260.0
2004-02-24,2220.0
2004-02-25,2200.0
2004-02-26,2140.0
2004-02-27,2210.0
2004-02-28,2260.0
2004-02-29,2150.0
2004-03-01,2080.0
2004-03-02,2060.0
2004-03-03,2090.0
2004-03-04,2070.0
2004-03-05,2030.0
2004-03-06,2100.0
2004-03-07,2230.0
2004-03-08,2100.0
2004-03-09,1980.0
2004-03-10,1950.0
2004-03-11,1900.0
2004-03-12,1840.0
2004-03-13,1800.0
2004-03-14,1750.0
2004-03-15,1790.0
2004-03-16,1940.0
2004-03-17,1880.0
2004-03-18,1910.0
2004-03-19,2100.0
2004-03-20,1900.0
2004-03-21,1850.0
2004-03-22,1750.0
2004-03-23,1680.0
2004-03-24,1650.0
2004-03-25,1620.0
2004-03-26,1600.0
2004-03-27,1590.0
2004-03-28,1570.0
2004-03-29,1540.0
2004-03-30,1540.0
2004-03-31,2010.0
2004-04-01,2220.0
2004-04-02,1840.0
2004-04-03,1700.0
2004-04-04,1640.0
2004-04-05,1580.0
2004-04-06,1530.0
2004-04-07,1500.0
2004-04-08,1500.0
2004-04-09,1490.0
2004-04-10,1440.0
2004-04-11,1450.0
2004-04-12,1630.0
2004-04-13,3690.0
2004-04-14,4900.0
2004-04-15,3320.0
2004-04-16,2590.0
2004-04-17,2290.0
2004-04-18,2100.0
2004-04-19,1970.0
2004-04-20,1880.0
2004-04-21,1810.0
2004-04-22,1730.0
2004-04-23,1670.0
2004-04-24,1620.0
2004-04-25,1580.0
2004-04-26,2020.0
2004-04-27,2380.0
2004-04-28,1950.0
2004-04-29,1700.0
2004-04-30,1630.0
2004-05-01,1650.0
2004-05-02,1950.0
2004-05-03,2470.0
2004-05-04,2070.0
2004-05-05,1800.0
2004-05-06,1700.0
2004-05-07,1610.0
2004-05-08,1520.0
2004-05-09,1610.0
2004-05-10,1720.0
2004-05-11,1590.0
2004-05-12,1470.0
2004-05-13,1610.0
2004-05-14,2290.0
2004-05-15,2530.0
2004-05-16,1880.0
2004-05-17,1860.0
2004-05-18,2040.0
2004-05-19,1970.0
2004-05-20,1870.0
2004-05-21,1870.0
2004-05-22,1820.0
2004-05-23,1960.0
2004-05-24,1860.0
2004-05-25,1700.0
2004-05-26,1540.0
2004-05-27,1490.0
2004-05-28,1390.0
2004-05-29,1390.0
2004-05-30,1440.0
2004-05-31,1940.0
2004-06-01,1850.0
2004-06-02,1470.0
2004-06-03,1310.0
2004-06-04,1660.0
2004-06-05,1610.0
2004-06-06,1360.0
2004-06-07,1250.0
2004-06-08,1250.0
2004-06-09,1270.0
2004-06-10,1280.0
2004-06-11,1390.0
2004-06-12,1210.0
2004-06-13,2390.0
2004-06-14,1710.0
2004-06-15,3270.0
2004-06-16,4420.0
2004-06-17,3080.0
2004-06-18,2480.0
2004-06-19,1870.0
2004-06-20,1600.0
2004-06-21,1480.0
2004-06-22,2350.0
2004-06-23,3600.0
2004-06-24,2330.0
2004-06-25,2050.0
2004-06-26,2960.0
2004-06-27,2960.0
2004-06-28,2250.0
2004-06-29,2300.0
2004-06-30,1890.0
2004-07-01,2060.0
2004-07-02,2090.0
2004-07-03,2310.0
2004-07-04,2140.0
2004-07-05,2040.0
2004-07-06,1730.0
2004-07-07,1580.0
2004-07-08,1490.0
2004-07-09,1400.0
2004-07-10,1440.0
2004-07-11,1370.0
2004-07-12,1880.0
2004-07-13,1660.0
2004-07-14,1500.0
2004-07-15,1290.0
2004-07-16,1130.0
2004-07-17,1070.0
2004-07-18,1450.0
2004-07-19,1250.0
2004-07-20,1190.0
2004-07-21,1060.0
2004-07-22,1040.0
2004-07-23,1050.0
2004-07-24,985.0
2004-07-25,1310.0
2004-07-26,1300.0
2004-07-27,1810.0
2004-07-28,2650.0
2004-07-29,1760.0
2004-07-30,1770.0
2004-07-31,2850.0
2004-08-01,2640.0
2004-08-02,2370.0
2004-08-03,2150.0
2004-08-04,2000.0
2004-08-05,1610.0
2004-08-06,1460.0
2004-08-07,1280.0
2004-08-08,1130.0
2004-08-09,1070.0
2004-08-10,1000.0
2004-08-11,998.0
2004-08-12,1520.0
2004-08-13,1560.0
2004-08-14,1220.0
2004-08-15,1040.0
2004-08-16,969.0
2004-08-17,965.0
2004-08-18,1260.0
2004-08-19,958.0
2004-08-20,944.0
2004-08-21,932.0
2004-08-22,952.0
2004-08-23,894.0
2004-08-24,1260.0
2004-08-25,1120.0
2004-08-26,1090.0
2004-08-27,955.0
2004-08-28,1130.0
2004-08-29,1390.0
2004-08-30,1390.0
2004-08-31,1500.0
2004-09-01,1960.0
2004-09-02,4550.0
2004-09-03,4060.0
2004-09-04,2340.0
2004-09-05,1730.0
2004-09-06,1470.0
2004-09-07,5040.0
2004-09-08,34700.0
2004-09-09,33800.0
2004-09-10,25600.0
2004-09-11,15300.0
2004-09-12,9710.0
2004-09-13,6080.0
2004-09-14,3850.0
2004-09-15,3790.0
2004-09-16,3550.0
2004-09-17,25300.0
2004-09-18,24300.0
2004-09-19,19900.0
2004-09-20,13400.0
2004-09-21,9020.0
2004-09-22,6590.0
2004-09-23,4750.0
2004-09-24,4100.0
2004-09-25,3720.0
2004-09-26,3460.0
2004-09-27,3350.0
2004-09-28,11500.0
2004-09-29,10400.0
2004-09-30,9060.0
2004-10-01,7020.0
2004-10-02,4730.0
2004-10-03,4030.0
2004-10-04,3690.0
2004-10-05,3420.0
2004-10-06,3190.0
2004-10-07,3040.0
2004-10-08,2890.0
2004-10-09,2790.0
2004-10-10,2720.0
2004-10-11,2650.0
2004-10-12,2550.0
2004-10-13,2690.0
2004-10-14,2580.0
2004-10-15,2420.0
2004-10-16,2320.0
2004-10-17,2190.0
2004-10-18,2130.0
2004-10-19,2190.0
2004-10-20,2280.0
2004-10-21,2170.0
2004-10-22,2060.0
2004-10-23,2040.0
2004-10-24,2140.0
2004-10-25,2080.0
2004-10-26,1970.0
2004-10-27,1920.0
2004-10-28,1890.0
2004-10-29,1960.0
2004-10-30,2030.0
2004-10-31,1920.0
2004-11-01,1810.0
2004-11-02,1770.0
2004-11-03,2120.0
2004-11-04,4100.0
2004-11-05,5540.0
2004-11-06,3960.0
2004-11-07,2880.0
2004-11-08,2560.0
2004-11-09,2330.0
2004-11-10,2170.0
2004-11-11,2090.0
2004-11-12,3140.0
2004-11-13,4600.0
2004-11-14,3480.0
2004-11-15,2850.0
2004-11-16,2610.0
2004-11-17,2460.0
2004-11-18,2330.0
2004-11-19,2230.0
2004-11-20,2140.0
2004-11-21,2090.0
2004-11-22,2020.0
2004-11-23,2180.0
2004-11-24,3110.0
2004-11-25,4900.0
2004-11-26,4000.0
2004-11-27,3170.0
2004-11-28,3140.0
2004-11-29,2950.0
2004-11-30,2660.0
2004-12-01,3130.0
2004-12-02,3400.0
2004-12-03,2930.0
2004-12-04,2710.0
2004-12-05,2540.0
2004-12-06,2470.0
2004-12-07,2870.0
2004-12-08,3060.0
2004-12-09,3510.0
2004-12-10,5750.0
2004-12-11,5170.0
2004-12-12,3860.0
2004-12-13,3310.0
2004-12-14,2980.0
2004-12-15,2760.0
2004-12-16,2630.0
2004-12-17,2530.0
2004-12-18,2460.0
2004-12-19,2390.0
2004-12-20,2270.0
2004-12-21,2180.0
2004-12-22,2160.0
2004-12-23,4570.0
2004-12-24,6580.0
2004-12-25,6270.0
2004-12-26,4430.0
2004-12-27,3360.0
2004-12-28,3030.0
2004-12-29,2850.0
2004-12-30,2730.0
2004-12-31,2640.0
2005-01-01,2530.0
2005-01-02,2440.0
2005-01-03,2370.0
2005-01-04,2310.0
2005-01-05,2270.0
2005-01-06,2230.0
2005-01-07,2180.0
2005-01-08,2150.0
2005-01-09,2190.0
2005-01-10,2080.0
2005-01-11,2020.0
2005-01-12,1970.0
2005-01-13,2030.0
2005-01-14,5590.0
2005-01-15,4960.0
2005-01-16,3370.0
2005-01-17,2870.0
2005-01-18,2600.0
2005-01-19,2450.0
2005-01-20,2370.0
2005-01-21,2310.0
2005-01-22,2230.0
2005-01-23,2130.0
2005-01-24,1970.0
2005-01-25,2010.0
2005-01-26,1980.0
2005-01-27,1930.0
2005-01-28,1860.0
2005-01-29,1840.0
2005-01-30,2140.0
2005-01-31,2400.0
2005-02-01,2090.0
2005-02-02,1950.0
2005-02-03,2200.0
2005-02-04,2520.0
2005-02-05,2260.0
2005-02-06,2090.0
2005-02-07,1990.0
2005-02-08,1940.0
2005-02-09,1920.0
2005-02-10,1910.0
2005-02-11,1830.0
2005-02-12,1780.0
2005-02-13,1760.0
2005-02-14,1810.0
2005-02-15,1920.0
2005-02-16,1830.0
2005-02-17,1750.0
2005-02-18,1690.0
2005-02-19,1630.0
2005-02-20,1680.0
2005-02-21,2540.0
2005-02-22,3120.0
2005-02-23,2550.0
2005-02-24,2360.0
2005-02-25,2320.0
2005-02-26,2120.0
2005-02-27,1990.0
2005-02-28,2370.0
2005-03-01,2890.0
2005-03-02,2380.0
2005-03-03,2130.0
2005-03-04,2030.0
2005-03-05,1990.0
2005-03-06,1960.0
2005-03-07,1900.0
2005-03-08,2100.0
2005-03-09,2210.0
2005-03-10,2020.0
2005-03-11,1910.0
2005-03-12,1850.0
2005-03-13,1790.0
2005-03-14,1900.0
2005-03-15,1890.0
2005-03-16,1840.0
2005-03-17,2100.0
2005-03-18,2030.0
2005-03-19,1860.0
2005-03-20,1800.0
2005-03-21,1750.0
2005-03-22,1740.0
2005-03-23,2800.0
2005-03-24,3000.0
2005-03-25,2450.0
2005-03-26,2200.0
2005-03-27,2190.0
2005-03-28,6530.0
2005-03-29,7340.0
2005-03-30,5850.0
2005-03-31,3720.0
2005-04-01,3350.0
2005-04-02,3550.0
2005-04-03,3830.0
2005-04-04,3300.0
2005-04-05,3010.0
2005-04-06,2820.0
2005-04-07,2710.0
2005-04-08,3090.0
2005-04-09,3390.0
2005-04-10,2940.0
2005-04-11,2700.0
2005-04-12,2600.0
2005-04-13,3140.0
2005-04-14,3660.0
2005-04-15,3250.0
2005-04-16,2880.0
2005-04-17,2660.0
2005-04-18,2530.0
2005-04-19,2430.0
2005-04-20,2320.0
2005-04-21,2230.0
2005-04-22,2330.0
2005-04-23,2650.0
2005-04-24,2460.0
2005-04-25,2210.0
2005-04-26,2110.0
2005-04-27,2140.0
2005-04-28,2060.0
2005-04-29,2010.0
2005-04-30,2050.0
2005-05-01,2270.0
2005-05-02,2040.0
2005-05-03,1900.0
2005-05-04,1830.0
2005-05-05,1790.0
2005-05-06,1790.0
2005-05-07,1750.0
2005-05-08,1720.0
2005-05-09,1690.0
2005-05-10,1770.0
2005-05-11,1850.0
2005-05-12,1780.0
2005-05-13,1670.0
2005-05-14,1690.0
2005-05-15,1750.0
2005-05-16,1850.0
2005-05-17,1710.0
2005-05-18,1580.0
2005-05-19,1550.0
2005-05-20,2450.0
2005-05-21,2500.0
2005-05-22,2100.0
2005-05-23,1830.0
2005-05-24,1690.0
2005-05-25,1580.0
2005-05-26,1510.0
2005-05-27,1470.0
2005-05-28,1460.0
2005-05-29,1450.0
2005-05-30,1430.0
2005-05-31,1420.0
2005-06-01,1500.0
2005-06-02,3060.0
2005-06-03,4090.0
2005-06-04,3040.0
2005-06-05,2570.0
2005-06-06,2270.0
2005-06-07,2570.0
2005-06-08,2450.0
2005-06-09,2940.0
2005-06-10,2470.0
2005-06-11,2760.0
2005-06-12,3210.0
2005-06-13,7750.0
2005-06-14,7860.0
2005-06-15,7240.0
2005-06-16,6500.0
2005-06-17,3870.0
2005-06-18,3050.0
2005-06-19,3000.0
2005-06-20,3260.0
2005-06-21,3420.0
2005-06-22,2930.0
2005-06-23,2630.0
2005-06-24,2360.0
2005-06-25,2180.0
2005-06-26,2100.0
2005-06-27,6540.0
2005-06-28,9000.0
2005-06-29,6270.0
2005-06-30,4340.0
2005-07-01,3640.0
2005-07-02,3580.0
2005-07-03,3280.0
2005-07-04,3100.0
2005-07-05,3500.0
2005-07-06,3000.0
2005-07-07,7390.0
2005-07-08,9870.0
2005-07-09,8020.0
2005-07-10,4920.0
2005-07-11,4650.0
2005-07-12,7960.0
2005-07-13,7970.0
2005-07-14,7650.0
2005-07-15,7420.0
2005-07-16,6140.0
2005-07-17,4840.0
2005-07-18,4770.0
2005-07-19,4250.0
2005-07-20,4670.0
2005-07-21,4860.0
2005-07-22,4220.0
2005-07-23,3900.0
2005-07-24,3440.0
2005-07-25,3100.0
2005-07-26,2860.0
2005-07-27,2890.0
2005-07-28,3010.0
2005-07-29,3510.0
2005-07-30,3530.0
2005-07-31,3320.0
2005-08-01,3110.0
2005-08-02,2790.0
2005-08-03,2510.0
2005-08-04,2350.0
2005-08-05,2330.0
2005-08-06,2330.0
2005-08-07,2670.0
2005-08-08,4450.0
2005-08-09,4030.0
2005-08-10,3470.0
2005-08-11,3130.0
2005-08-12,2740.0
2005-08-13,2610.0
2005-08-14,2710.0
2005-08-15,2380.0
2005-08-16,2260.0
2005-08-17,2430.0
2005-08-18,3550.0
2005-08-19,4100.0
2005-08-20,2990.0
2005-08-21,2870.0
2005-08-22,2920.0
2005-08-23,3340.0
2005-08-24,3180.0
2005-08-25,2590.0
2005-08-26,2290.0
2005-08-27,2650.0
2005-08-28,2110.0
2005-08-29,1980.0
2005-08-30,4140.0
2005-08-31,5460.0
2005-09-01,3990.0
2005-09-02,2910.0
2005-09-03,2530.0
2005-09-04,2270.0
2005-09-05,2120.0
2005-09-06,1980.0
2005-09-07,1870.0
2005-09-08,1800.0
2005-09-09,1750.0
2005-09-10,1670.0
2005-09-11,1590.0
2005-09-12,1540.0
2005-09-13,1510.0
2005-09-14,1460.0
2005-09-15,1420.0
2005-09-16,1410.0
2005-09-17,1540.0
2005-09-18,1490.0
2005-09-19,1350.0
2005-09-20,1290.0
2005-09-21,1270.0
2005-09-22,1250.0
2005-09-23,1230.0
2005-09-24,1210.0
2005-09-25,1180.0
2005-09-26,1230.0
2005-09-27,1310.0
2005-09-28,1240.0
2005-09-29,1190.0
2005-09-30,1190.0
2005-10-01,1300.0
2005-10-02,1260.0
2005-10-03,1260.0
2005-10-04,1240.0
2005-10-05,1220.0
2005-10-06,1590.0
2005-10-07,3390.0
2005-10-08,2800.0
2005-10-09,2050.0
2005-10-10,1750.0
2005-10-11,1640.0
2005-10-12,1550.0
2005-10-13,1480.0
2005-10-14,1430.0
2005-10-15,1380.0
2005-10-16,1310.0
2005-10-17,1270.0
2005-10-18,1250.0
2005-10-19,1240.0
2005-10-20,1230.0
2005-10-21,1220.0
2005-10-22,1200.0
2005-10-23,1200.0
2005-10-24,1170.0
2005-10-25,1150.0
2005-10-26,1150.0
2005-10-27,1140.0
2005-10-28,1140.0
2005-10-29,1130.0
2005-10-30,1130.0
2005-10-31,1120.0
2005-11-01,1090.0
2005-11-02,1090.0
2005-11-03,1080.0
2005-11-04,1070.0
2005-11-05,1080.0
2005-11-06,1070.0
2005-11-07,1060.0
2005-11-08,1060.0
2005-11-09,1040.0
2005-11-10,1070.0
2005-11-11,1050.0
2005-11-12,1020.0
2005-11-13,1030.0
2005-11-14,1030.0
2005-11-15,1050.0
2005-11-16,1410.0
2005-11-17,1710.0
2005-11-18,1370.0
2005-11-19,1180.0
2005-11-20,1130.0
2005-11-21,1340.0
2005-11-22,3280.0
2005-11-23,2390.0
2005-11-24,1670.0
2005-11-25,1450.0
2005-11-26,1350.0
2005-11-27,1310.0
2005-11-28,1380.0
2005-11-29,4840.0
2005-11-30,6070.0
2005-12-01,5020.0
2005-12-02,2970.0
2005-12-03,2260.0
2005-12-04,2060.0
2005-12-05,2600.0
2005-12-06,3360.0
2005-12-07,2630.0
2005-12-08,2250.0
2005-12-09,3140.0
2005-12-10,3290.0
2005-12-11,2610.0
2005-12-12,2300.0
2005-12-13,2130.0
2005-12-14,1980.0
2005-12-15,2760.0
2005-12-16,4720.0
2005-12-17,3870.0
2005-12-18,2840.0
2005-12-19,2490.0
2005-12-20,2290.0
2005-12-21,2140.0
2005-12-22,2030.0
2005-12-23,1950.0
2005-12-24,1880.0
2005-12-25,1910.0
2005-12-26,2040.0
2005-12-27,1890.0
2005-12-28,1840.0
2005-12-29,2110.0
2005-12-30,2060.0
2005-12-31,1900.0
2006-01-01,1810.0
2006-01-02,2010.0
2006-01-03,2840.0
2006-01-04,2560.0
2006-01-05,2250.0
2006-01-06,2100.0
2006-01-07,1970.0
2006-01-08,1880.0
2006-01-09,1820.0
2006-01-10,1760.0
2006-01-11,1800.0
2006-01-12,1980.0
2006-01-13,1970.0
2006-01-14,2660.0
2006-01-15,2530.0
2006-01-16,2150.0
2006-01-17,2480.0
2006-01-18,6200.0
2006-01-19,5020.0
2006-01-20,3580.0
2006-01-21,3040.0
2006-01-22,2940.0
2006-01-23,2860.0
2006-01-24,2930.0
2006-01-25,2650.0
2006-01-26,2420.0
2006-01-27,2280.0
2006-01-28,2180.0
2006-01-29,2190.0
2006-01-30,2350.0
2006-01-31,2250.0
2006-02-01,2120.0
2006-02-02,2030.0
2006-02-03,2110.0
2006-02-04,3800.0
2006-02-05,4570.0
2006-02-06,3210.0
2006-02-07,2670.0
2006-02-08,2450.0
2006-02-09,2310.0
2006-02-10,2190.0
2006-02-11,2160.0
2006-02-12,2200.0
2006-02-13,2070.0
2006-02-14,1970.0
2006-02-15,1920.0
2006-02-16,1900.0
2006-02-17,1870.0
2006-02-18,1880.0
2006-02-19,1890.0
2006-02-20,1840.0
2006-02-21,1800.0
2006-02-22,1800.0
2006-02-23,1820.0
2006-02-24,1770.0
2006-02-25,1720.0
2006-02-26,1680.0
2006-02-27,1640.0
2006-02-28,1620.0
2006-03-01,1610.0
2006-03-02,1590.0
2006-03-03,1580.0
2006-03-04,1530.0
2006-03-05,1500.0
2006-03-06,1510.0
2006-03-07,1500.0
2006-03-08,1460.0
2006-03-09,1440.0
2006-03-10,1480.0
2006-03-11,1570.0
2006-03-12,1480.0
2006-03-13,1450.0
2006-03-14,1490.0
2006-03-15,1410.0
2006-03-16,1380.0
2006-03-17,1370.0
2006-03-18,1350.0
2006-03-19,1330.0
2006-03-20,1370.0
2006-03-21,1690.0
2006-03-22,1770.0
2006-03-23,1580.0
2006-03-24,1530.0
2006-03-25,1500.0
2006-03-26,1450.0
2006-03-27,1400.0
2006-03-28,1370.0
2006-03-29,1350.0
2006-03-30,1330.0
2006-03-31,1320.0
2006-04-01,1330.0
2006-04-02,1340.0
2006-04-03,1510.0
2006-04-04,1460.0
2006-04-05,1330.0
2006-04-06,1270.0
2006-04-07,1260.0
2006-04-08,1440.0
2006-04-09,1350.0
2006-04-10,1280.0
2006-04-11,1230.0
2006-04-12,1190.0
2006-04-13,1180.0
2006-04-14,1170.0
2006-04-15,1160.0
2006-04-16,1150.0
2006-04-17,1120.0
2006-04-18,1100.0
2006-04-19,1540.0
2006-04-20,1610.0
2006-04-21,1510.0
2006-04-22,3710.0
2006-04-23,3210.0
2006-04-24,2190.0
2006-04-25,1830.0
2006-04-26,1960.0
2006-04-27,2590.0
2006-04-28,2180.0
2006-04-29,1840.0
2006-04-30,1680.0
2006-05-01,1590.0
2006-05-02,1510.0
2006-05-03,1450.0
2006-05-04,1390.0
2006-05-05,1420.0
2006-05-06,1650.0
2006-05-07,1700.0
2006-05-08,1520.0
2006-05-09,1460.0
2006-05-10,1400.0
2006-05-11,1380.0
2006-05-12,1320.0
2006-05-13,1260.0
2006-05-14,1230.0
2006-05-15,1200.0
2006-05-16,1150.0
2006-05-17,1120.0
2006-05-18,1130.0
2006-05-19,1130.0
2006-05-20,1530.0
2006-05-21,1610.0
2006-05-22,1400.0
2006-05-23,1290.0
2006-05-24,1190.0
2006-05-25,1130.0
2006-05-26,1170.0
2006-05-27,1190.0
2006-05-28,1140.0
2006-05-29,1110.0
2006-05-30,1000.0
2006-05-31,1040.0
2006-06-01,1060.0
2006-06-02,1260.0
2006-06-03,1500.0
2006-06-04,1260.0
2006-06-05,1070.0
2006-06-06,994.0
2006-06-07,941.0
2006-06-08,913.0
2006-06-09,872.0
2006-06-10,853.0
2006-06-11,992.0
2006-06-12,974.0
2006-06-13,898.0
2006-06-14,885.0
2006-06-15,845.0
2006-06-16,957.0
2006-06-17,807.0
2006-06-18,758.0
2006-06-19,727.0
2006-06-20,845.0
2006-06-21,731.0
2006-06-22,641.0
2006-06-23,696.0
2006-06-24,1180.0
2006-06-25,1480.0
2006-06-26,3760.0
2006-06-27,6560.0
2006-06-28,4750.0
2006-06-29,2250.0
2006-06-30,1530.0
2006-07-01,1310.0
2006-07-02,1200.0
2006-07-03,1150.0
2006-07-04,1150.0
2006-07-05,1680.0
2006-07-06,1990.0
2006-07-07,1430.0
2006-07-08,1230.0
2006-07-09,1130.0
2006-07-10,1080.0
2006-07-11,1190.0
2006-07-12,1250.0
2006-07-13,1120.0
2006-07-14,1250.0
2006-07-15,1450.0
2006-07-16,1370.0
2006-07-17,1060.0
2006-07-18,963.0
2006-07-19,906.0
2006-07-20,891.0
2006-07-21,1070.0
2006-07-22,1310.0
2006-07-23,1350.0
2006-07-24,1220.0
2006-07-25,1280.0
2006-07-26,1550.0
2006-07-27,1220.0
2006-07-28,1030.0
2006-07-29,951.0
2006-07-30,957.0
2006-07-31,907.0
2006-08-01,847.0
2006-08-02,804.0
2006-08-03,796.0
2006-08-04,874.0
2006-08-05,866.0
2006-08-06,909.0
2006-08-07,881.0
2006-08-08,841.0
2006-08-09,807.0
2006-08-10,872.0
2006-08-11,1020.0
2006-08-12,2690.0
2006-08-13,2180.0
2006-08-14,1370.0
2006-08-15,1110.0
2006-08-16,1150.0
2006-08-17,1140.0
2006-08-18,974.0
2006-08-19,939.0
2006-08-20,1430.0
2006-08-21,1320.0
2006-08-22,1190.0
2006-08-23,1340.0
2006-08-24,1100.0
2006-08-25,1010.0
2006-08-26,943.0
2006-08-27,873.0
2006-08-28,823.0
2006-08-29,805.0
2006-08-30,1370.0
2006-08-31,1800.0
2006-09-01,2020.0
2006-09-02,2040.0
2006-09-03,2070.0
2006-09-04,2570.0
2006-09-05,5120.0
2006-09-06,5130.0
2006-09-07,3360.0
2006-09-08,2340.0
2006-09-09,1850.0
2006-09-10,1800.0
2006-09-11,1620.0
2006-09-12,1410.0
2006-09-13,1620.0
2006-09-14,2220.0
2006-09-15,1930.0
2006-09-16,1580.0
2006-09-17,1420.0
2006-09-18,1330.0
2006-09-19,1520.0
2006-09-20,1570.0
2006-09-21,1290.0
2006-09-22,1220.0
2006-09-23,1220.0
2006-09-24,1750.0
2006-09-25,1820.0
2006-09-26,1530.0
2006-09-27,1350.0
2006-09-28,1270.0
2006-09-29,1310.0
2006-09-30,1220.0
2006-10-01,902.0
2006-10-02,861.0
2006-10-03,827.0
2006-10-04,818.0
2006-10-05,785.0
2006-10-06,884.0
2006-10-07,785.0
2006-10-08,774.0
2006-10-09,802.0
2006-10-10,794.0
2006-10-11,879.0
2006-10-12,962.0
2006-10-13,951.0
2006-10-14,781.0
2006-10-15,726.0
2006-10-16,721.0
2006-10-17,1180.0
2006-10-18,3190.0
2006-10-19,2170.0
2006-10-20,1650.0
2006-10-21,1560.0
2006-10-22,1290.0
2006-10-23,1150.0
2006-10-24,1070.0
2006-10-25,1010.0
2006-10-26,978.0
2006-10-27,1060.0
2006-10-28,1760.0
2006-10-29,2100.0
2006-10-30,1480.0
2006-10-31,1300.0
2006-11-01,1220.0
2006-11-02,1200.0
2006-11-03,1110.0
2006-11-04,1050.0
2006-11-05,1020.0
2006-11-06,997.0
2006-11-07,1210.0
2006-11-08,2720.0
2006-11-09,2150.0
2006-11-10,1590.0
2006-11-11,1470.0
2006-11-12,1550.0
2006-11-13,1360.0
2006-11-14,1280.0
2006-11-15,1530.0
2006-11-16,5490.0
2006-11-17,5100.0
2006-11-18,3600.0
2006-11-19,2440.0
2006-11-20,2050.0
2006-11-21,1830.0
2006-11-22,1730.0
2006-11-23,1560.0
2006-11-24,1420.0
2006-11-25,1340.0
2006-11-26,1280.0
2006-11-27,1230.0
2006-11-28,1210.0
2006-11-29,1190.0
2006-11-30,1360.0
2006-12-01,2840.0
2006-12-02,3780.0
2006-12-03,2700.0
2006-12-04,2080.0
2006-12-05,1890.0
2006-12-06,1750.0
2006-12-07,1630.0
2006-12-08,1540.0
2006-12-09,1450.0
2006-12-10,1420.0
2006-12-11,1360.0
2006-12-12,1270.0
2006-12-13,1240.0
2006-12-14,1230.0
2006-12-15,1190.0
2006-12-16,1160.0
2006-12-17,1130.0
2006-12-18,1120.0
2006-12-19,1110.0
2006-12-20,1090.0
2006-12-21,1070.0
2006-12-22,2160.0
2006-12-23,4800.0
2006-12-24,3950.0
2006-12-25,3130.0
2006-12-26,4660.0
2006-12-27,3570.0
2006-12-28,2650.0
2006-12-29,2290.0
2006-12-30,2070.0
2006-12-31,2690.0
2007-01-01,8980.0
2007-01-02,8600.0
2007-01-03,7690.0
2007-01-04,6180.0
2007-01-05,4350.0
2007-01-06,5200.0
2007-01-07,5010.0
2007-01-08,8630.0
2007-01-09,7510.0
2007-01-10,6420.0
2007-01-11,4900.0
2007-01-12,3810.0
2007-01-13,3460.0
2007-01-14,3210.0
2007-01-15,3000.0
2007-01-16,2820.0
2007-01-17,2470.0
2007-01-18,2410.0
2007-01-19,2390.0
2007-01-20,2210.0
2007-01-21,2090.0
2007-01-22,2520.0
2007-01-23,2520.0
2007-01-24,2230.0
2007-01-25,2090.0
2007-01-26,1980.0
2007-01-27,1870.0
2007-01-28,1810.0
2007-01-29,1740.0
2007-01-30,1680.0
2007-01-31,1640.0
2007-02-01,1620.0
2007-02-02,1700.0
2007-02-03,1680.0
2007-02-04,1580.0
2007-02-05,1520.0
2007-02-06,1460.0
2007-02-07,1470.0
2007-02-08,1440.0
2007-02-09,1390.0
2007-02-10,1350.0
2007-02-11,1330.0
2007-02-12,1320.0
2007-02-13,1340.0
2007-02-14,1510.0
2007-02-15,1430.0
2007-02-16,1310.0
2007-02-17,1280.0
2007-02-18,1260.0
2007-02-19,1230.0
2007-02-20,1220.0
2007-02-21,1300.0
2007-02-22,1380.0
2007-02-23,1260.0
2007-02-24,1190.0
2007-02-25,1450.0
2007-02-26,2020.0
2007-02-27,1640.0
2007-02-28,1430.0
2007-03-01,1710.0
2007-03-02,6940.0
2007-03-03,6440.0
2007-03-04,5280.0
2007-03-05,2940.0
2007-03-06,2350.0
2007-03-07,2110.0
2007-03-08,1940.0
2007-03-09,1830.0
2007-03-10,1740.0
2007-03-11,1670.0
2007-03-12,1600.0
2007-03-13,1560.0
2007-03-14,1520.0
2007-03-15,1480.0
2007-03-16,3380.0
2007-03-17,3330.0
2007-03-18,2340.0
2007-03-19,1990.0
2007-03-20,1850.0
2007-03-21,1820.0
2007-03-22,1700.0
2007-03-23,1630.0
2007-03-24,1580.0
2007-03-25,1510.0
2007-03-26,1460.0
2007-03-27,1440.0
2007-03-28,1410.0
2007-03-29,1430.0
2007-03-30,1430.0
2007-03-31,1390.0
2007-04-01,1370.0
2007-04-02,1430.0
2007-04-03,1480.0
2007-04-04,1410.0
2007-04-05,1380.0
2007-04-06,1290.0
2007-04-07,1260.0
2007-04-08,1230.0
2007-04-09,1210.0
2007-04-10,1200.0
2007-04-11,1190.0
2007-04-12,1340.0
2007-04-13,1270.0
2007-04-14,1300.0
2007-04-15,1820.0
2007-04-16,2360.0
2007-04-17,1630.0
2007-04-18,1430.0
2007-04-19,1400.0
2007-04-20,1460.0
2007-04-21,1320.0
2007-04-22,1260.0
2007-04-23,1200.0
2007-04-24,1180.0
2007-04-25,1160.0
2007-04-26,1140.0
2007-04-27,1150.0
2007-04-28,1150.0
2007-04-29,1100.0
2007-04-30,1060.0
2007-05-01,1030.0
2007-05-02,1010.0
2007-05-03,1010.0
2007-05-04,1600.0
2007-05-05,1320.0
2007-05-06,1510.0
2007-05-07,1320.0
2007-05-08,1140.0
2007-05-09,1080.0
2007-05-10,1050.0
2007-05-11,1150.0
2007-05-12,1190.0
2007-05-13,1180.0
2007-05-14,1090.0
2007-05-15,1000.0
2007-05-16,962.0
2007-05-17,945.0
2007-05-18,917.0
2007-05-19,894.0
2007-05-20,872.0
2007-05-21,847.0
2007-05-22,805.0
2007-05-23,786.0
2007-05-24,791.0
2007-05-25,783.0
2007-05-26,763.0
2007-05-27,739.0
2007-05-28,718.0
2007-05-29,698.0
2007-05-30,688.0
2007-05-31,679.0
2007-06-01,704.0
2007-06-02,733.0
2007-06-03,728.0
2007-06-04,710.0
2007-06-05,669.0
2007-06-06,636.0
2007-06-07,610.0
2007-06-08,586.0
2007-06-09,607.0
2007-06-10,590.0
2007-06-11,565.0
2007-06-12,631.0
2007-06-13,701.0
2007-06-14,803.0
2007-06-15,805.0
2007-06-16,811.0
2007-06-17,768.0
2007-06-18,660.0
2007-06-19,682.0
2007-06-20,686.0
2007-06-21,634.0
2007-06-22,578.0
2007-06-23,540.0
2007-06-24,672.0
2007-06-25,802.0
2007-06-26,827.0
2007-06-27,782.0
2007-06-28,722.0
2007-06-29,708.0
2007-06-30,681.0
2007-07-01,663.0
2007-07-02,694.0
2007-07-03,697.0
2007-07-04,640.0
2007-07-05,577.0
2007-07-06,535.0
2007-07-07,577.0
2007-07-08,628.0
2007-07-09,604.0
2007-07-10,613.0
2007-07-11,607.0
2007-07-12,566.0
2007-07-13,519.0
2007-07-14,496.0
2007-07-15,486.0
2007-07-16,490.0
2007-07-17,557.0
2007-07-18,503.0
2007-07-19,525.0
2007-07-20,562.0
2007-07-21,481.0
2007-07-22,446.0
2007-07-23,438.0
2007-07-24,442.0
2007-07-25,690.0
2007-07-26,1070.0
2007-07-27,624.0
2007-07-28,802.0
2007-07-29,711.0
2007-07-30,938.0
2007-07-31,1140.0
2007-08-01,802.0
2007-08-02,653.0
2007-08-03,571.0
2007-08-04,527.0
2007-08-05,511.0
2007-08-06,553.0
2007-08-07,581.0
2007-08-08,542.0
2007-08-09,503.0
2007-08-10,455.0
2007-08-11,437.0
2007-08-12,497.0
2007-08-13,726.0
2007-08-14,456.0
2007-08-15,395.0
2007-08-16,368.0
2007-08-17,398.0
2007-08-18,371.0
2007-08-19,350.0
2007-08-20,342.0
2007-08-21,319.0
2007-08-22,324.0
2007-08-23,324.0
2007-08-24,456.0
2007-08-25,608.0
2007-08-26,450.0
2007-08-27,729.0
2007-08-28,713.0
2007-08-29,531.0
2007-08-30,572.0
2007-08-31,689.0
2007-09-01,720.0
2007-09-02,660.0
2007-09-03,534.0
2007-09-04,444.0
2007-09-05,400.0
2007-09-06,379.0
2007-09-07,359.0
2007-09-08,339.0
2007-09-09,333.0
2007-09-10,323.0
2007-09-11,315.0
2007-09-12,322.0
2007-09-13,310.0
2007-09-14,1450.0
2007-09-15,2530.0
2007-09-16,1210.0
2007-09-17,723.0
2007-09-18,615.0
2007-09-19,506.0
2007-09-20,479.0
2007-09-21,455.0
2007-09-22,463.0
2007-09-23,458.0
2007-09-24,437.0
2007-09-25,422.0
2007-09-26,409.0
2007-09-27,393.0
2007-09-28,376.0
2007-09-29,364.0
2007-09-30,357.0
2007-10-01,363.0
2007-10-02,356.0
2007-10-03,353.0
2007-10-04,391.0
2007-10-05,592.0
2007-10-06,610.0
2007-10-07,539.0
2007-10-08,458.0
2007-10-09,430.0
2007-10-10,450.0
2007-10-11,474.0
2007-10-12,409.0
2007-10-13,387.0
2007-10-14,373.0
2007-10-15,372.0
2007-10-16,372.0
2007-10-17,372.0
2007-10-18,371.0
2007-10-19,400.0
2007-10-20,410.0
2007-10-21,474.0
2007-10-22,422.0
2007-10-23,543.0
2007-10-24,1670.0
2007-10-25,1740.0
2007-10-26,1070.0
2007-10-27,785.0
2007-10-28,683.0
2007-10-29,615.0
2007-10-30,570.0
2007-10-31,539.0
2007-11-01,518.0
2007-11-02,505.0
2007-11-03,479.0
2007-11-04,459.0
2007-11-05,449.0
2007-11-06,441.0
2007-11-07,430.0
2007-11-08,425.0
2007-11-09,424.0
2007-11-10,421.0
2007-11-11,422.0
2007-11-12,417.0
2007-11-13,422.0
2007-11-14,421.0
2007-11-15,664.0
2007-11-16,653.0
2007-11-17,575.0
2007-11-18,488.0
2007-11-19,470.0
2007-11-20,460.0
2007-11-21,449.0
2007-11-22,486.0
2007-11-23,706.0
2007-11-24,709.0
2007-11-25,593.0
2007-11-26,626.0
2007-11-27,838.0
2007-11-28,894.0
2007-11-29,722.0
2007-11-30,659.0
2007-12-01,614.0
2007-12-02,571.0
2007-12-03,550.0
2007-12-04,522.0
2007-12-05,510.0
2007-12-06,499.0
2007-12-07,484.0
2007-12-08,485.0
2007-12-09,500.0
2007-12-10,509.0
2007-12-11,498.0
2007-12-12,489.0
2007-12-13,482.0
2007-12-14,471.0
2007-12-15,478.0
2007-12-16,759.0
2007-12-17,857.0
2007-12-18,710.0
2007-12-19,626.0
2007-12-20,598.0
2007-12-21,631.0
2007-12-22,715.0
2007-12-23,1250.0
2007-12-24,2730.0
2007-12-25,1750.0
2007-12-26,1270.0
2007-12-27,1220.0
2007-12-28,1210.0
2007-12-29,2490.0
2007-12-30,2590.0
2007-12-31,2980.0
2008-01-01,2210.0
2008-01-02,1590.0
2008-01-03,1250.0
2008-01-04,1110.0
2008-01-05,1040.0
2008-01-06,985.0
2008-01-07,925.0
2008-01-08,879.0
2008-01-09,849.0
2008-01-10,856.0
2008-01-11,1660.0
2008-01-12,2140.0
2008-01-13,1510.0
2008-01-14,1240.0
2008-01-15,1080.0
2008-01-16,1000.0
2008-01-17,1080.0
2008-01-18,1340.0
2008-01-19,1310.0
2008-01-20,1150.0
2008-01-21,969.0
2008-01-22,943.0
2008-01-23,972.0
2008-01-24,968.0
2008-01-25,921.0
2008-01-26,889.0
2008-01-27,847.0
2008-01-28,830.0
2008-01-29,807.0
2008-01-30,858.0
2008-01-31,997.0
2008-02-01,3050.0
2008-02-02,4330.0
2008-02-03,2900.0
2008-02-04,2120.0
2008-02-05,1820.0
2008-02-06,1640.0
2008-02-07,2130.0
2008-02-08,1980.0
2008-02-09,1590.0
2008-02-10,1400.0
2008-02-11,1250.0
2008-02-12,1160.0
2008-02-13,1180.0
2008-02-14,1280.0
2008-02-15,1150.0
2008-02-16,1060.0
2008-02-17,1170.0
2008-02-18,2730.0
2008-02-19,2570.0
2008-02-20,1800.0
2008-02-21,1530.0
2008-02-22,1420.0
2008-02-23,1430.0
2008-02-24,1320.0
2008-02-25,1210.0
2008-02-26,1480.0
2008-02-27,1700.0
2008-02-28,1400.0
2008-02-29,1240.0
2008-03-01,1180.0
2008-03-02,1130.0
2008-03-03,1070.0
2008-03-04,2240.0
2008-03-05,6610.0
2008-03-06,5680.0
2008-03-07,5070.0
2008-03-08,5010.0
2008-03-09,4410.0
2008-03-10,3340.0
2008-03-11,2780.0
2008-03-12,2450.0
2008-03-13,2200.0
2008-03-14,2000.0
2008-03-15,2020.0
2008-03-16,2700.0
2008-03-17,2280.0
2008-03-18,1930.0
2008-03-19,2050.0
2008-03-20,4090.0
2008-03-21,3610.0
2008-03-22,2700.0
2008-03-23,2330.0
2008-03-24,2090.0
2008-03-25,1890.0
2008-03-26,1740.0
2008-03-27,1650.0
2008-03-28,1580.0
2008-03-29,1650.0
2008-03-30,1630.0
2008-03-31,1530.0
2008-04-01,1450.0
2008-04-02,1420.0
2008-04-03,1420.0
2008-04-04,1510.0
2008-04-05,2160.0
2008-04-06,2850.0
2008-04-07,2620.0
2008-04-08,2170.0
2008-04-09,1910.0
2008-04-10,1740.0
2008-04-11,1730.0
2008-04-12,1600.0
2008-04-13,1520.0
2008-04-14,1410.0
2008-04-15,1440.0
2008-04-16,1370.0
2008-04-17,1330.0
2008-04-18,1200.0
2008-04-19,1180.0
2008-04-20,1230.0
2008-04-21,1150.0
2008-04-22,1100.0
2008-04-23,1080.0
2008-04-24,1050.0
2008-04-25,1020.0
2008-04-26,1030.0
2008-04-27,1270.0
2008-04-28,1570.0
2008-04-29,1720.0
2008-04-30,1330.0
2008-05-01,1160.0
2008-05-02,1090.0
2008-05-03,1060.0
2008-05-04,1030.0
2008-05-05,986.0
2008-05-06,957.0
2008-05-07,940.0
2008-05-08,914.0
2008-05-09,947.0
2008-05-10,992.0
2008-05-11,996.0
2008-05-12,1080.0
2008-05-13,1000.0
2008-05-14,895.0
2008-05-15,877.0
2008-05-16,933.0
2008-05-17,997.0
2008-05-18,895.0
2008-05-19,871.0
2008-05-20,848.0
2008-05-21,821.0
2008-05-22,798.0
2008-05-23,755.0
2008-05-24,735.0
2008-05-25,737.0
2008-05-26,725.0
2008-05-27,712.0
2008-05-28,1120.0
2008-05-29,1220.0
2008-05-30,988.0
2008-05-31,786.0
2008-06-01,722.0
2008-06-02,709.0
2008-06-03,700.0
2008-06-04,665.0
2008-06-05,635.0
2008-06-06,609.0
2008-06-07,598.0
2008-06-08,617.0
2008-06-09,593.0
2008-06-10,701.0
2008-06-11,787.0
2008-06-12,649.0
2008-06-13,570.0
2008-06-14,634.0
2008-06-15,643.0
2008-06-16,579.0
2008-06-17,509.0
2008-06-18,465.0
2008-06-19,430.0
2008-06-20,423.0
2008-06-21,418.0
2008-06-22,468.0
2008-06-23,486.0
2008-06-24,468.0
2008-06-25,416.0
2008-06-26,386.0
2008-06-27,390.0
2008-06-28,433.0
2008-06-29,483.0
2008-06-30,465.0
2008-07-01,459.0
2008-07-02,402.0
2008-07-03,363.0
2008-07-04,341.0
2008-07-05,375.0
2008-07-06,414.0
2008-07-07,671.0
2008-07-08,783.0
2008-07-09,954.0
2008-07-10,766.0
2008-07-11,593.0
2008-07-12,494.0
2008-07-13,461.0
2008-07-14,639.0
2008-07-15,444.0
2008-07-16,388.0
2008-07-17,355.0
2008-07-18,347.0
2008-07-19,315.0
2008-07-20,301.0
2008-07-21,306.0
2008-07-22,288.0
2008-07-23,292.0
2008-07-24,353.0
2008-07-25,364.0
2008-07-26,332.0
2008-07-27,338.0
2008-07-28,364.0
2008-07-29,339.0
2008-07-30,367.0
2008-07-31,418.0
2008-08-01,325.0
2008-08-02,286.0
2008-08-03,266.0
2008-08-04,256.0
2008-08-05,230.0
2008-08-06,216.0
2008-08-07,206.0
2008-08-08,210.0
2008-08-09,199.0
2008-08-10,186.0
2008-08-11,177.0
2008-08-12,174.0
2008-08-13,180.0
2008-08-14,231.0
2008-08-15,343.0
2008-08-16,310.0
2008-08-17,266.0
2008-08-18,268.0
2008-08-19,258.0
2008-08-20,236.0
2008-08-21,219.0
2008-08-22,206.0
2008-08-23,198.0
2008-08-24,195.0
2008-08-25,206.0
2008-08-26,1410.0
2008-08-27,6230.0
2008-08-28,3770.0
2008-08-29,1810.0
2008-08-30,1270.0
2008-08-31,846.0
2008-09-01,732.0
2008-09-02,670.0
2008-09-03,587.0
2008-09-04,526.0
2008-09-05,476.0
2008-09-06,440.0
2008-09-07,420.0
2008-09-08,404.0
2008-09-09,421.0
2008-09-10,508.0
2008-09-11,812.0
2008-09-12,626.0
2008-09-13,676.0
2008-09-14,603.0
2008-09-15,485.0
2008-09-16,453.0
2008-09-17,464.0
2008-09-18,466.0
2008-09-19,444.0
2008-09-20,414.0
2008-09-21,399.0
2008-09-22,398.0
2008-09-23,387.0
2008-09-24,370.0
2008-09-25,355.0
2008-09-26,367.0
2008-09-27,667.0
2008-09-28,521.0
2008-09-29,439.0
2008-09-30,423.0
2008-10-01,420.0
2008-10-02,383.0
2008-10-03,371.0
2008-10-04,369.0
2008-10-05,363.0
2008-10-06,353.0
2008-10-07,345.0
2008-10-08,372.0
2008-10-09,488.0
2008-10-10,618.0
2008-10-11,521.0
2008-10-12,439.0
2008-10-13,400.0
2008-10-14,371.0
2008-10-15,360.0
2008-10-16,350.0
2008-10-17,354.0
2008-10-18,366.0
2008-10-19,360.0
2008-10-20,353.0
2008-10-21,345.0
2008-10-22,344.0
2008-10-23,343.0
2008-10-24,378.0
2008-10-25,655.0
2008-10-26,969.0
2008-10-27,694.0
2008-10-28,503.0
2008-10-29,447.0
2008-10-30,425.0
2008-10-31,408.0
2008-11-01,403.0
2008-11-02,400.0
2008-11-03,396.0
2008-11-04,396.0
2008-11-05,401.0
2008-11-06,398.0
2008-11-07,401.0
2008-11-08,401.0
2008-11-09,400.0
2008-11-10,406.0
2008-11-11,399.0
2008-11-12,392.0
2008-11-13,645.0
2008-11-14,1150.0
2008-11-15,1000.0
2008-11-16,778.0
2008-11-17,753.0
2008-11-18,638.0
2008-11-19,558.0
2008-11-20,516.0
2008-11-21,482.0
2008-11-22,472.0
2008-11-23,459.0
2008-11-24,466.0
2008-11-25,469.0
2008-11-26,482.0
2008-11-27,478.0
2008-11-28,461.0
2008-11-29,457.0
2008-11-30,512.0
2008-12-01,753.0
2008-12-02,779.0
2008-12-03,705.0
2008-12-04,635.0
2008-12-05,565.0
2008-12-06,537.0
2008-12-07,521.0
2008-12-08,506.0
2008-12-09,500.0
2008-12-10,1400.0
2008-12-11,3320.0
2008-12-12,5420.0
2008-12-13,3610.0
2008-12-14,1850.0
2008-12-15,1420.0
2008-12-16,1470.0
2008-12-17,1780.0
2008-12-18,1920.0
2008-12-19,1570.0
2008-12-20,1330.0
2008-12-21,1300.0
2008-12-22,1240.0
2008-12-23,1090.0
2008-12-24,1020.0
2008-12-25,1120.0
2008-12-26,1120.0
2008-12-27,1050.0
2008-12-28,1060.0
2008-12-29,1230.0
2008-12-30,1190.0
2008-12-31,1040.0
2009-01-01,968.0
2009-01-02,907.0
2009-01-03,905.0
2009-01-04,870.0
2009-01-05,883.0
2009-01-06,1440.0
2009-01-07,5010.0
2009-01-08,5220.0
2009-01-09,3610.0
2009-01-10,2360.0
2009-01-11,2000.0
2009-01-12,1760.0
2009-01-13,1560.0
2009-01-14,1300.0
2009-01-15,1200.0
2009-01-16,1100.0
2009-01-17,1040.0
2009-01-18,1020.0
2009-01-19,1030.0
2009-01-20,979.0
2009-01-21,928.0
2009-01-22,1010.0
2009-01-23,881.0
2009-01-24,882.0
2009-01-25,849.0
2009-01-26,825.0
2009-01-27,909.0
2009-01-28,841.0
2009-01-29,860.0
2009-01-30,865.0
2009-01-31,801.0
2009-02-01,769.0
2009-02-02,754.0
2009-02-03,764.0
2009-02-04,749.0
2009-02-05,741.0
2009-02-06,783.0
2009-02-07,747.0
2009-02-08,743.0
2009-02-09,738.0
2009-02-10,729.0
2009-02-11,733.0
2009-02-12,857.0
2009-02-13,963.0
2009-02-14,831.0
2009-02-15,788.0
2009-02-16,753.0
2009-02-17,740.0
2009-02-18,825.0
2009-02-19,951.0
2009-02-20,919.0
2009-02-21,804.0
2009-02-22,756.0
2009-02-23,742.0
2009-02-24,722.0
2009-02-25,725.0
2009-02-26,716.0
2009-02-27,743.0
2009-02-28,986.0
2009-03-01,1580.0
2009-03-02,2090.0
2009-03-03,1580.0
2009-03-04,1280.0
2009-03-05,1190.0
2009-03-06,1130.0
2009-03-07,1110.0
2009-03-08,1080.0
2009-03-09,1040.0
2009-03-10,977.0
2009-03-11,928.0
2009-03-12,907.0
2009-03-13,885.0
2009-03-14,937.0
2009-03-15,1600.0
2009-03-16,2400.0
2009-03-17,1870.0
2009-03-18,1530.0
2009-03-19,1460.0
2009-03-20,1340.0
2009-03-21,1240.0
2009-03-22,1180.0
2009-03-23,1120.0
2009-03-24,980.0
2009-03-25,995.0
2009-03-26,1290.0
2009-03-27,2040.0
2009-03-28,3700.0
2009-03-29,4360.0
2009-03-30,3880.0
2009-03-31,3010.0
2009-04-01,2580.0
2009-04-02,2570.0
2009-04-03,2690.0
2009-04-04,2630.0
2009-04-05,2210.0
2009-04-06,1980.0
2009-04-07,1970.0
2009-04-08,1810.0
2009-04-09,1680.0
2009-04-10,1630.0
2009-04-11,3250.0
2009-04-12,2890.0
2009-04-13,2300.0
2009-04-14,2310.0
2009-04-15,2430.0
2009-04-16,2240.0
2009-04-17,2030.0
2009-04-18,1900.0
2009-04-19,1830.0
2009-04-20,2830.0
2009-04-21,3360.0
2009-04-22,2530.0
2009-04-23,2170.0
2009-04-24,1960.0
2009-04-25,1690.0
2009-04-26,1560.0
2009-04-27,1470.0
2009-04-28,1370.0
2009-04-29,1310.0
2009-04-30,1270.0
2009-05-01,1250.0
2009-05-02,1240.0
2009-05-03,1340.0
2009-05-04,1770.0
2009-05-05,1550.0
2009-05-06,1990.0
2009-05-07,2520.0
2009-05-08,2280.0
2009-05-09,2290.0
2009-05-10,2090.0
2009-05-11,1760.0
2009-05-12,1520.0
2009-05-13,1380.0
2009-05-14,1300.0
2009-05-15,2230.0
2009-05-16,1860.0
2009-05-17,3450.0
2009-05-18,2580.0
2009-05-19,2130.0
2009-05-20,1810.0
2009-05-21,1630.0
2009-05-22,1510.0
2009-05-23,1300.0
2009-05-24,1320.0
2009-05-25,1910.0
2009-05-26,2750.0
2009-05-27,6200.0
2009-05-28,6820.0
2009-05-29,6390.0
2009-05-30,4410.0
2009-05-31,3590.0
2009-06-01,3110.0
2009-06-02,2470.0
2009-06-03,2360.0
2009-06-04,2390.0
2009-06-05,2780.0
2009-06-06,2870.0
2009-06-07,2520.0
2009-06-08,2270.0
2009-06-09,2690.0
2009-06-10,1920.0
2009-06-11,3280.0
2009-06-12,2660.0
2009-06-13,1860.0
2009-06-14,1600.0
2009-06-15,1500.0
2009-06-16,1660.0
2009-06-17,2740.0
2009-06-18,2380.0
2009-06-19,1860.0
2009-06-20,1520.0
2009-06-21,1410.0
2009-06-22,1430.0
2009-06-23,1290.0
2009-06-24,1160.0
2009-06-25,1080.0
2009-06-26,1060.0
2009-06-27,1060.0
2009-06-28,984.0
2009-06-29,934.0
2009-06-30,880.0
2009-07-01,881.0
2009-07-02,846.0
2009-07-03,807.0
2009-07-04,775.0
2009-07-05,784.0
2009-07-06,832.0
2009-07-07,822.0
2009-07-08,887.0
2009-07-09,928.0
2009-07-10,1010.0
2009-07-11,880.0
2009-07-12,895.0
2009-07-13,886.0
2009-07-14,896.0
2009-07-15,792.0
2009-07-16,719.0
2009-07-17,696.0
2009-07-18,690.0
2009-07-19,646.0
2009-07-20,630.0
2009-07-21,624.0
2009-07-22,633.0
2009-07-23,698.0
2009-07-24,684.0
2009-07-25,628.0
2009-07-26,799.0
2009-07-27,647.0
2009-07-28,776.0
2009-07-29,876.0
2009-07-30,760.0
2009-07-31,783.0
2009-08-01,742.0
2009-08-02,799.0
2009-08-03,764.0
2009-08-04,670.0
2009-08-05,906.0
2009-08-06,914.0
2009-08-07,713.0
2009-08-08,605.0
2009-08-09,590.0
2009-08-10,607.0
2009-08-11,806.0
2009-08-12,847.0
2009-08-13,776.0
2009-08-14,756.0
2009-08-15,695.0
2009-08-16,605.0
2009-08-17,771.0
2009-08-18,760.0
2009-08-19,695.0
2009-08-20,881.0
2009-08-21,968.0
2009-08-22,1070.0
2009-08-23,999.0
2009-08-24,723.0
2009-08-25,673.0
2009-08-26,608.0
2009-08-27,635.0
2009-08-28,656.0
2009-08-29,734.0
2009-08-30,732.0
2009-08-31,809.0
2009-09-01,798.0
2009-09-02,694.0
2009-09-03,621.0
2009-09-04,582.0
2009-09-05,566.0
2009-09-06,535.0
2009-09-07,524.0
2009-09-08,612.0
2009-09-09,983.0
2009-09-10,1460.0
2009-09-11,977.0
2009-09-12,756.0
2009-09-13,692.0
2009-09-14,644.0
2009-09-15,599.0
2009-09-16,644.0
2009-09-17,807.0
2009-09-18,1290.0
2009-09-19,1480.0
2009-09-20,5600.0
2009-09-21,11100.0
2009-09-22,15200.0
2009-09-23,13400.0
2009-09-24,11200.0
2009-09-25,7540.0
2009-09-26,4160.0
2009-09-27,5120.0
2009-09-28,3910.0
2009-09-29,2850.0
2009-09-30,2380.0
2009-10-01,2120.0
2009-10-02,1930.0
2009-10-03,1690.0
2009-10-04,1540.0
2009-10-05,2060.0
2009-10-06,2120.0
2009-10-07,1780.0
2009-10-08,1710.0
2009-10-09,1430.0
2009-10-10,1420.0
2009-10-11,1450.0
2009-10-12,1410.0
2009-10-13,1600.0
2009-10-14,1650.0
2009-10-15,1950.0
2009-10-16,1990.0
2009-10-17,1910.0
2009-10-18,1720.0
2009-10-19,1550.0
2009-10-20,1450.0
2009-10-21,1380.0
2009-10-22,1320.0
2009-10-23,1320.0
2009-10-24,2460.0
2009-10-25,3440.0
2009-10-26,2510.0
2009-10-27,2550.0
2009-10-28,4700.0
2009-10-29,4300.0
2009-10-30,3200.0
2009-10-31,2690.0
2009-11-01,4300.0
2009-11-02,4040.0
2009-11-03,3190.0
2009-11-04,2690.0
2009-11-05,2410.0
2009-11-06,2210.0
2009-11-07,2060.0
2009-11-08,1960.0
2009-11-09,1860.0
2009-11-10,2580.0
2009-11-11,11700.0
2009-11-12,10900.0
2009-11-13,8970.0
2009-11-14,6660.0
2009-11-15,4090.0
2009-11-16,3370.0
2009-11-17,3050.0
2009-11-18,3880.0
2009-11-19,4990.0
2009-11-20,4660.0
2009-11-21,3750.0
2009-11-22,3310.0
2009-11-23,3590.0
2009-11-24,3480.0
2009-11-25,3110.0
2009-11-26,2750.0
2009-11-27,2560.0
2009-11-28,2430.0
2009-11-29,2330.0
2009-11-30,2280.0
2009-12-01,2230.0
2009-12-02,3720.0
2009-12-03,7020.0
2009-12-04,6530.0
2009-12-05,4980.0
2009-12-06,3540.0
2009-12-07,3090.0
2009-12-08,3060.0
2009-12-09,7880.0
2009-12-10,7580.0
2009-12-11,6390.0
2009-12-12,4610.0
2009-12-13,4030.0
2009-12-14,4400.0
2009-12-15,4050.0
2009-12-16,3640.0
2009-12-17,3330.0
2009-12-18,3140.0
2009-12-19,3570.0
2009-12-20,3360.0
2009-12-21,3040.0
2009-12-22,2980.0
2009-12-23,2920.0
2009-12-24,2820.0
2009-12-25,11200.0
2009-12-26,12900.0
2009-12-27,10400.0
2009-12-28,8410.0
2009-12-29,5920.0
2009-12-30,4240.0
2009-12-31,3870.0
2010-01-01,3780.0
2010-01-02,3500.0
2010-01-03,3170.0
2010-01-04,2930.0
2010-01-05,2760.0
2010-01-06,2620.0
2010-01-07,2510.0
2010-01-08,2330.0
2010-01-09,2160.0
2010-01-10,2120.0
2010-01-11,2080.0
2010-01-12,2040.0
2010-01-13,1960.0
2010-01-14,1900.0
2010-01-15,1860.0
2010-01-16,1810.0
2010-01-17,5280.0
2010-01-18,6240.0
2010-01-19,4880.0
2010-01-20,3530.0
2010-01-21,3590.0
2010-01-22,4460.0
2010-01-23,3940.0
2010-01-24,5320.0
2010-01-25,15900.0
2010-01-26,13500.0
2010-01-27,11100.0
2010-01-28,8430.0
2010-01-29,5830.0
2010-01-30,4700.0
2010-01-31,4290.0
2010-02-01,3880.0
2010-02-02,4390.0
2010-02-03,5280.0
2010-02-04,4980.0
2010-02-05,7150.0
2010-02-06,9410.0
2010-02-07,8490.0
2010-02-08,7240.0
2010-02-09,5850.0
2010-02-10,5070.0
2010-02-11,4570.0
2010-02-12,4220.0
2010-02-13,3950.0
2010-02-14,3720.0
2010-02-15,3600.0
2010-02-16,3610.0
2010-02-17,3400.0
2010-02-18,3240.0
2010-02-19,3040.0
2010-02-20,2960.0
2010-02-21,2920.0
2010-02-22,3200.0
2010-02-23,3670.0
2010-02-24,3570.0
2010-02-25,3390.0
2010-02-26,3050.0
2010-02-27,2930.0
2010-02-28,2840.0
2010-03-01,2730.0
2010-03-02,2720.0
2010-03-03,2780.0
2010-03-04,2660.0
2010-03-05,2580.0
2010-03-06,2500.0
2010-03-07,2450.0
2010-03-08,2420.0
2010-03-09,2420.0
2010-03-10,2570.0
2010-03-11,2560.0
2010-03-12,3210.0
2010-03-13,5160.0
2010-03-14,4690.0
2010-03-15,3780.0
2010-03-16,3420.0
2010-03-17,3160.0
2010-03-18,3000.0
2010-03-19,2860.0
2010-03-20,2600.0
2010-03-21,2540.0
2010-03-22,4700.0
2010-03-23,4660.0
2010-03-24,3700.0
2010-03-25,3330.0
2010-03-26,3160.0
2010-03-27,2790.0
2010-03-28,2940.0
2010-03-29,3750.0
2010-03-30,3530.0
2010-03-31,3150.0
2010-04-01,2930.0
2010-04-02,2610.0
2010-04-03,2480.0
2010-04-04,2400.0
2010-04-05,2360.0
2010-04-06,2440.0
2010-04-07,2220.0
2010-04-08,2280.0
2010-04-09,2860.0
2010-04-10,2470.0
2010-04-11,2200.0
2010-04-12,2130.0
2010-04-13,2050.0
2010-04-14,2000.0
2010-04-15,1950.0
2010-04-16,1910.0
2010-04-17,1890.0
2010-04-18,1820.0
2010-04-19,1770.0
2010-04-20,1760.0
2010-04-21,1800.0
2010-04-22,1750.0
2010-04-23,1720.0
2010-04-24,1710.0
2010-04-25,3290.0
2010-04-26,3920.0
2010-04-27,2970.0
2010-04-28,2530.0
2010-04-29,2200.0
2010-04-30,2020.0
2010-05-01,1900.0
2010-05-02,1880.0
2010-05-03,2560.0
2010-05-04,3180.0
2010-05-05,2540.0
2010-05-06,2240.0
2010-05-07,2200.0
2010-05-08,2040.0
2010-05-09,1800.0
2010-05-10,1710.0
2010-05-11,1690.0
2010-05-12,1720.0
2010-05-13,1670.0
2010-05-14,1600.0
2010-05-15,1800.0
2010-05-16,1770.0
2010-05-17,2200.0
2010-05-18,2290.0
2010-05-19,1970.0
2010-05-20,1740.0
2010-05-21,1740.0
2010-05-22,2020.0
2010-05-23,1780.0
2010-05-24,1590.0
2010-05-25,1650.0
2010-05-26,1580.0
2010-05-27,1510.0
2010-05-28,1470.0
2010-05-29,1480.0
2010-05-30,1360.0
2010-05-31,1650.0
2010-06-01,2680.0
2010-06-02,2250.0
2010-06-03,2360.0
2010-06-04,2060.0
2010-06-05,1900.0
2010-06-06,1790.0
2010-06-07,1630.0
2010-06-08,1490.0
2010-06-09,1380.0
2010-06-10,1400.0
2010-06-11,1410.0
2010-06-12,1420.0
2010-06-13,1360.0
2010-06-14,1310.0
2010-06-15,1250.0
2010-06-16,1780.0
2010-06-17,1870.0
2010-06-18,1580.0
2010-06-19,1290.0
2010-06-20,1210.0
2010-06-21,1200.0
2010-06-22,1150.0
2010-06-23,1080.0
2010-06-24,1180.0
2010-06-25,1180.0
2010-06-26,1440.0
2010-06-27,1550.0
2010-06-28,1420.0
2010-06-29,1330.0
2010-06-30,1370.0
2010-07-01,1210.0
2010-07-02,1080.0
2010-07-03,1030.0
2010-07-04,992.0
2010-07-05,952.0
2010-07-06,900.0
2010-07-07,859.0
2010-07-08,828.0
2010-07-09,826.0
2010-07-10,828.0
2010-07-11,844.0
2010-07-12,1170.0
2010-07-13,1050.0
2010-07-14,952.0
2010-07-15,862.0
2010-07-16,865.0
2010-07-17,938.0
2010-07-18,1610.0
2010-07-19,1240.0
2010-07-20,1170.0
2010-07-21,1100.0
2010-07-22,871.0
2010-07-23,880.0
2010-07-24,898.0
2010-07-25,906.0
2010-07-26,1020.0
2010-07-27,955.0
2010-07-28,1300.0
2010-07-29,1210.0
2010-07-30,982.0
2010-07-31,877.0
2010-08-01,990.0
2010-08-02,926.0
2010-08-03,869.0
2010-08-04,819.0
2010-08-05,914.0
2010-08-06,946.0
2010-08-07,1370.0
2010-08-08,994.0
2010-08-09,838.0
2010-08-10,819.0
2010-08-11,834.0
2010-08-12,842.0
2010-08-13,906.0
2010-08-14,918.0
2010-08-15,1800.0
2010-08-16,1880.0
2010-08-17,1310.0
2010-08-18,1370.0
2010-08-19,1380.0
2010-08-20,1370.0
2010-08-21,1310.0
2010-08-22,2550.0
2010-08-23,2040.0
2010-08-24,1330.0
2010-08-25,1180.0
2010-08-26,1090.0
2010-08-27,1120.0
2010-08-28,1080.0
2010-08-29,963.0
2010-08-30,886.0
2010-08-31,832.0
2010-09-01,789.0
2010-09-02,755.0
2010-09-03,722.0
2010-09-04,696.0
2010-09-05,668.0
2010-09-06,655.0
2010-09-07,636.0
2010-09-08,641.0
2010-09-09,667.0
2010-09-10,656.0
2010-09-11,739.0
2010-09-12,1020.0
2010-09-13,979.0
2010-09-14,744.0
2010-09-15,664.0
2010-09-16,633.0
2010-09-17,619.0
2010-09-18,608.0
2010-09-19,592.0
2010-09-20,588.0
2010-09-21,567.0
2010-09-22,554.0
2010-09-23,565.0
2010-09-24,607.0
2010-09-25,554.0
2010-09-26,903.0
2010-09-27,1270.0
2010-09-28,2070.0
2010-09-29,1370.0
2010-09-30,1180.0
2010-10-01,1130.0
2010-10-02,901.0
2010-10-03,794.0
2010-10-04,749.0
2010-10-05,730.0
2010-10-06,702.0
2010-10-07,684.0
2010-10-08,654.0
2010-10-09,643.0
2010-10-10,636.0
2010-10-11,630.0
2010-10-12,618.0
2010-10-13,631.0
2010-10-14,670.0
2010-10-15,658.0
2010-10-16,616.0
2010-10-17,589.0
2010-10-18,596.0
2010-10-19,596.0
2010-10-20,600.0
2010-10-21,593.0
2010-10-22,589.0
2010-10-23,569.0
2010-10-24,562.0
2010-10-25,630.0
2010-10-26,792.0
2010-10-27,3260.0
2010-10-28,4550.0
2010-10-29,3490.0
2010-10-30,1710.0
2010-10-31,1310.0
2010-11-01,1150.0
2010-11-02,1040.0
2010-11-03,980.0
2010-11-04,1010.0
2010-11-05,1060.0
2010-11-06,967.0
2010-11-07,885.0
2010-11-08,856.0
2010-11-09,837.0
2010-11-10,822.0
2010-11-11,807.0
2010-11-12,788.0
2010-11-13,772.0
2010-11-14,758.0
2010-11-15,767.0
2010-11-16,845.0
2010-11-17,1150.0
2010-11-18,1210.0
2010-11-19,968.0
2010-11-20,892.0
2010-11-21,854.0
2010-11-22,837.0
2010-11-23,824.0
2010-11-24,834.0
2010-11-25,821.0
2010-11-26,819.0
2010-11-27,840.0
2010-11-28,803.0
2010-11-29,776.0
2010-11-30,3310.0
2010-12-01,12100.0
2010-12-02,11800.0
2010-12-03,9920.0
2010-12-04,5660.0
2010-12-05,2610.0
2010-12-06,2090.0
2010-12-07,1830.0
2010-12-08,1640.0
2010-12-09,1550.0
2010-12-10,1460.0
2010-12-11,1390.0
2010-12-12,1420.0
2010-12-13,1450.0
2010-12-14,1300.0
2010-12-15,1200.0
2010-12-16,1220.0
2010-12-17,1310.0
2010-12-18,1300.0
2010-12-19,1230.0
2010-12-20,1170.0
2010-12-21,1130.0
2010-12-22,1120.0
2010-12-23,1110.0
2010-12-24,1070.0
2010-12-25,1080.0
2010-12-26,1140.0
2010-12-27,1080.0
2010-12-28,1030.0
2010-12-29,1030.0
2010-12-30,1030.0
2010-12-31,1040.0
2011-01-01,1170.0
2011-01-02,1700.0
2011-01-03,1730.0
2011-01-04,1410.0
2011-01-05,1300.0
2011-01-06,1250.0
2011-01-07,1230.0
2011-01-08,1200.0
2011-01-09,1160.0
2011-01-10,1150.0
2011-01-11,1160.0
2011-01-12,1130.0
2011-01-13,1060.0
2011-01-14,1060.0
2011-01-15,1060.0
2011-01-16,1060.0
2011-01-17,1060.0
2011-01-18,1070.0
2011-01-19,1170.0
2011-01-20,1210.0
2011-01-21,1170.0
2011-01-22,1100.0
2011-01-23,1040.0
2011-01-24,1020.0
2011-01-25,1030.0
2011-01-26,1340.0
2011-01-27,1680.0
2011-01-28,1400.0
2011-01-29,1230.0
2011-01-30,1180.0
2011-01-31,1140.0
2011-02-01,1150.0
2011-02-02,3080.0
2011-02-03,3060.0
2011-02-04,2240.0
2011-02-05,2900.0
2011-02-06,2600.0
2011-02-07,2150.0
2011-02-08,1890.0
2011-02-09,1680.0
2011-02-10,1550.0
2011-02-11,1460.0
2011-02-12,1380.0
2011-02-13,1320.0
2011-02-14,1270.0
2011-02-15,1240.0
2011-02-16,1200.0
2011-02-17,1180.0
2011-02-18,1160.0
2011-02-19,1130.0
2011-02-20,1090.0
2011-02-21,1080.0
2011-02-22,1070.0
2011-02-23,1050.0
2011-02-24,1030.0
2011-02-25,1110.0
2011-02-26,1160.0
2011-02-27,1060.0
2011-02-28,1150.0
2011-03-01,1730.0
2011-03-02,1500.0
2011-03-03,1240.0
2011-03-04,1170.0
2011-03-05,1160.0
2011-03-06,6170.0
2011-03-07,7990.0
2011-03-08,7660.0
2011-03-09,7970.0
2011-03-10,8810.0
2011-03-11,8520.0
2011-03-12,7170.0
2011-03-13,5340.0
2011-03-14,3500.0
2011-03-15,3380.0
2011-03-16,3730.0
2011-03-17,3170.0
2011-03-18,2770.0
2011-03-19,2550.0
2011-03-20,2390.0
2011-03-21,2260.0
2011-03-22,2160.0
2011-03-23,2070.0
2011-03-24,2160.0
2011-03-25,1980.0
2011-03-26,1880.0
2011-03-27,2600.0
2011-03-28,2780.0
2011-03-29,2570.0
2011-03-30,2950.0
2011-03-31,3340.0
2011-04-01,2850.0
2011-04-02,2530.0
2011-04-03,2300.0
2011-04-04,2150.0
2011-04-05,3380.0
2011-04-06,3370.0
2011-04-07,2710.0
2011-04-08,2460.0
2011-04-09,2300.0
2011-04-10,2300.0
2011-04-11,2150.0
2011-04-12,2180.0
2011-04-13,2120.0
2011-04-14,1950.0
2011-04-15,1880.0
2011-04-16,6960.0
2011-04-17,8080.0
2011-04-18,7380.0
2011-04-19,6190.0
2011-04-20,3840.0
2011-04-21,3210.0
2011-04-22,3270.0
2011-04-23,3440.0
2011-04-24,2980.0
2011-04-25,2690.0
2011-04-26,2560.0
2011-04-27,2580.0
2011-04-28,3610.0
2011-04-29,3580.0
2011-04-30,2890.0
2011-05-01,2570.0
2011-05-02,2390.0
2011-05-03,2420.0
2011-05-04,3050.0
2011-05-05,2600.0
2011-05-06,2340.0
2011-05-07,2210.0
2011-05-08,2100.0
2011-05-09,2000.0
2011-05-10,1900.0
2011-05-11,1990.0
2011-05-12,1830.0
2011-05-13,1950.0
2011-05-14,1920.0
2011-05-15,1740.0
2011-05-16,1660.0
2011-05-17,1750.0
2011-05-18,1840.0
2011-05-19,1660.0
2011-05-20,1590.0
2011-05-21,1540.0
2011-05-22,1530.0
2011-05-23,1530.0
2011-05-24,1390.0
2011-05-25,1330.0
2011-05-26,1260.0
2011-05-27,1470.0
2011-05-28,1480.0
2011-05-29,1330.0
2011-05-30,1230.0
2011-05-31,1160.0
2011-06-01,1110.0
2011-06-02,1080.0
2011-06-03,1380.0
2011-06-04,1180.0
2011-06-05,1070.0
2011-06-06,1040.0
2011-06-07,1020.0
2011-06-08,1110.0
2011-06-09,1100.0
2011-06-10,1120.0
2011-06-11,1070.0
2011-06-12,1170.0
2011-06-13,1350.0
2011-06-14,1060.0
2011-06-15,1090.0
2011-06-16,2040.0
2011-06-17,1310.0
2011-06-18,1090.0
2011-06-19,1380.0
2011-06-20,1310.0
2011-06-21,1080.0
2011-06-22,1080.0
2011-06-23,1140.0
2011-06-24,1330.0
2011-06-25,1160.0
2011-06-26,975.0
2011-06-27,936.0
2011-06-28,1020.0
2011-06-29,1500.0
2011-06-30,1030.0
2011-07-01,891.0
2011-07-02,829.0
2011-07-03,781.0
2011-07-04,770.0
2011-07-05,961.0
2011-07-06,1210.0
2011-07-07,1380.0
2011-07-08,1630.0
2011-07-09,2110.0
2011-07-10,2130.0
2011-07-11,1980.0
2011-07-12,1360.0
2011-07-13,1140.0
2011-07-14,1410.0
2011-07-15,1250.0
2011-07-16,1220.0
2011-07-17,1130.0
2011-07-18,1030.0
2011-07-19,975.0
2011-07-20,939.0
2011-07-21,911.0
2011-07-22,921.0
2011-07-23,898.0
2011-07-24,874.0
2011-07-25,1110.0
2011-07-26,1760.0
2011-07-27,1420.0
2011-07-28,970.0
2011-07-29,834.0
2011-07-30,769.0
2011-07-31,735.0
2011-08-01,865.0
2011-08-02,902.0
2011-08-03,735.0
2011-08-04,674.0
2011-08-05,660.0
2011-08-06,788.0
2011-08-07,1060.0
2011-08-08,866.0
2011-08-09,814.0
2011-08-10,675.0
2011-08-11,612.0
2011-08-12,666.0
2011-08-13,849.0
2011-08-14,1530.0
2011-08-15,1050.0
2011-08-16,745.0
2011-08-17,656.0
2011-08-18,632.0
2011-08-19,697.0
2011-08-20,765.0
2011-08-21,995.0
2011-08-22,1000.0
2011-08-23,735.0
2011-08-24,639.0
2011-08-25,598.0
2011-08-26,590.0
2011-08-27,596.0
2011-08-28,580.0
2011-08-29,536.0
2011-08-30,500.0
2011-08-31,498.0
2011-09-01,481.0
2011-09-02,502.0
2011-09-03,523.0
2011-09-04,565.0
2011-09-05,884.0
2011-09-06,2530.0
2011-09-07,2380.0
2011-09-08,1380.0
2011-09-09,1000.0
2011-09-10,858.0
2011-09-11,760.0
2011-09-12,700.0
2011-09-13,662.0
2011-09-14,631.0
2011-09-15,598.0
2011-09-16,568.0
2011-09-17,549.0
2011-09-18,546.0
2011-09-19,557.0
2011-09-20,558.0
2011-09-21,738.0
2011-09-22,1280.0
2011-09-23,2190.0
2011-09-24,3360.0
2011-09-25,1800.0
2011-09-26,1260.0
2011-09-27,1120.0
2011-09-28,1050.0
2011-09-29,917.0
2011-09-30,833.0
2011-10-01,778.0
2011-10-02,739.0
2011-10-03,713.0
2011-10-04,692.0
2011-10-05,678.0
2011-10-06,664.0
2011-10-07,643.0
2011-10-08,620.0
2011-10-09,606.0
2011-10-10,609.0
2011-10-11,626.0
2011-10-12,987.0
2011-10-13,988.0
2011-10-14,830.0
2011-10-15,742.0
2011-10-16,681.0
2011-10-17,651.0
2011-10-18,652.0
2011-10-19,871.0
2011-10-20,1310.0
2011-10-21,1060.0
2011-10-22,840.0
2011-10-23,766.0
2011-10-24,733.0
2011-10-25,708.0
2011-10-26,688.0
2011-10-27,667.0
2011-10-28,657.0
2011-10-29,691.0
2011-10-30,751.0
2011-10-31,699.0
2011-11-01,656.0
2011-11-02,638.0
2011-11-03,654.0
2011-11-04,1270.0
2011-11-05,1400.0
2011-11-06,1000.0
2011-11-07,857.0
2011-11-08,812.0
2011-11-09,782.0
2011-11-10,755.0
2011-11-11,727.0
2011-11-12,702.0
2011-11-13,687.0
2011-11-14,677.0
2011-11-15,670.0
2011-11-16,857.0
2011-11-17,1400.0
2011-11-18,1330.0
2011-11-19,1020.0
2011-11-20,913.0
2011-11-21,908.0
2011-11-22,999.0
2011-11-23,1520.0
2011-11-24,1520.0
2011-11-25,1160.0
2011-11-26,1030.0
2011-11-27,962.0
2011-11-28,2700.0
2011-11-29,8460.0
2011-11-30,7190.0
2011-12-01,7070.0
2011-12-02,4720.0
2011-12-03,2440.0
2011-12-04,2030.0
2011-12-05,1830.0
2011-12-06,1910.0
2011-12-07,4240.0
2011-12-08,5390.0
2011-12-09,4050.0
2011-12-10,2780.0
2011-12-11,2340.0
2011-12-12,2090.0
2011-12-13,1910.0
2011-12-14,1760.0
2011-12-15,1640.0
2011-12-16,1710.0
2011-12-17,1800.0
2011-12-18,1560.0
2011-12-19,1450.0
2011-12-20,1380.0
2011-12-21,1500.0
2011-12-22,2130.0
2011-12-23,5400.0
2011-12-24,4830.0
2011-12-25,3300.0
2011-12-26,2440.0
2011-12-27,3110.0
2011-12-28,4210.0
2011-12-29,3310.0
2011-12-30,2740.0
2011-12-31,2380.0
2012-01-01,2180.0
2012-01-02,2030.0
2012-01-03,1900.0
2012-01-04,1770.0
2012-01-05,1730.0
2012-01-06,1680.0
2012-01-07,1570.0
2012-01-08,1520.0
2012-01-09,1530.0
2012-01-10,1580.0
2012-01-11,2710.0
2012-01-12,5100.0
2012-01-13,3660.0
2012-01-14,2690.0
2012-01-15,2360.0
2012-01-16,2150.0
2012-01-17,2050.0
2012-01-18,2390.0
2012-01-19,2360.0
2012-01-20,2090.0
2012-01-21,2290.0
2012-01-22,2650.0
2012-01-23,2810.0
2012-01-24,3740.0
2012-01-25,3080.0
2012-01-26,2660.0
2012-01-27,3380.0
2012-01-28,3400.0
2012-01-29,2820.0
2012-01-30,2530.0
2012-01-31,2360.0
2012-02-01,2250.0
2012-02-02,2310.0
2012-02-03,2180.0
2012-02-04,1980.0
2012-02-05,2190.0
2012-02-06,2220.0
2012-02-07,2000.0
2012-02-08,1890.0
2012-02-09,1880.0
2012-02-10,1820.0
2012-02-11,1770.0
2012-02-12,1670.0
2012-02-13,1620.0
2012-02-14,1600.0
2012-02-15,1590.0
2012-02-16,1540.0
2012-02-17,1520.0
2012-02-18,1450.0
2012-02-19,1470.0
2012-02-20,1750.0
2012-02-21,1590.0
2012-02-22,1460.0
2012-02-23,1530.0
2012-02-24,1460.0
2012-02-25,1410.0
2012-02-26,1350.0
2012-02-27,1320.0
2012-02-28,1310.0
2012-02-29,1300.0
2012-03-01,1360.0
2012-03-02,1340.0
2012-03-03,2200.0
2012-03-04,2530.0
2012-03-05,1870.0
2012-03-06,1620.0
2012-03-07,1510.0
2012-03-08,1470.0
2012-03-09,2070.0
2012-03-10,1860.0
2012-03-11,1590.0
2012-03-12,1490.0
2012-03-13,1500.0
2012-03-14,1500.0
2012-03-15,1430.0
2012-03-16,1780.0
2012-03-17,1820.0
2012-03-18,1660.0
2012-03-19,1730.0
2012-03-20,1740.0
2012-03-21,1990.0
2012-03-22,1700.0
2012-03-23,1670.0
2012-03-24,2090.0
2012-03-25,2190.0
2012-03-26,1850.0
2012-03-27,1660.0
2012-03-28,1540.0
2012-03-29,1520.0
2012-03-30,1500.0
2012-03-31,1540.0
2012-04-01,1540.0
2012-04-02,1450.0
2012-04-03,1600.0
2012-04-04,1920.0
2012-04-05,1900.0
2012-04-06,4200.0
2012-04-07,3970.0
2012-04-08,2660.0
2012-04-09,2220.0
2012-04-10,1970.0
2012-04-11,1860.0
2012-04-12,1740.0
2012-04-13,1660.0
2012-04-14,1530.0
2012-04-15,1460.0
2012-04-16,1410.0
2012-04-17,1530.0
2012-04-18,4080.0
2012-04-19,4380.0
2012-04-20,3040.0
2012-04-21,2440.0
2012-04-22,2280.0
2012-04-23,2110.0
2012-04-24,1930.0
2012-04-25,1880.0
2012-04-26,2080.0
2012-04-27,2530.0
2012-04-28,2180.0
2012-04-29,1950.0
2012-04-30,1800.0
2012-05-01,1720.0
2012-05-02,1690.0
2012-05-03,1490.0
2012-05-04,1410.0
2012-05-05,1370.0
2012-05-06,1330.0
2012-05-07,1290.0
2012-05-08,1580.0
2012-05-09,2680.0
2012-05-10,2190.0
2012-05-11,1720.0
2012-05-12,1400.0
2012-05-13,1370.0
2012-05-14,3070.0
2012-05-15,4830.0
2012-05-16,3200.0
2012-05-17,2510.0
2012-05-18,2430.0
2012-05-19,2100.0
2012-05-20,1920.0
2012-05-21,1720.0
2012-05-22,1850.0
2012-05-23,2350.0
2012-05-24,2130.0
2012-05-25,1800.0
2012-05-26,1500.0
2012-05-27,1380.0
2012-05-28,1300.0
2012-05-29,1340.0
2012-05-30,1720.0
2012-05-31,1410.0
2012-06-01,1640.0
2012-06-02,1430.0
2012-06-03,1230.0
2012-06-04,1150.0
2012-06-05,1140.0
2012-06-06,1290.0
2012-06-07,1250.0
2012-06-08,1200.0
2012-06-09,1080.0
2012-06-10,1020.0
2012-06-11,1090.0
2012-06-12,1430.0
2012-06-13,1400.0
2012-06-14,1340.0
2012-06-15,1230.0
2012-06-16,1090.0
2012-06-17,1030.0
2012-06-18,995.0
2012-06-19,964.0
2012-06-20,939.0
2012-06-21,995.0
2012-06-22,1030.0
2012-06-23,1080.0
2012-06-24,1120.0
2012-06-25,1020.0
2012-06-26,908.0
2012-06-27,799.0
2012-06-28,743.0
2012-06-29,707.0
2012-06-30,681.0
2012-07-01,658.0
2012-07-02,1100.0
2012-07-03,941.0
2012-07-04,834.0
2012-07-05,813.0
2012-07-06,800.0
2012-07-07,769.0
2012-07-08,679.0
2012-07-09,655.0
2012-07-10,745.0
2012-07-11,1880.0
2012-07-12,2470.0
2012-07-13,1700.0
2012-07-14,3200.0
2012-07-15,2770.0
2012-07-16,2020.0
2012-07-17,1610.0
2012-07-18,1610.0
2012-07-19,1440.0
2012-07-20,1750.0
2012-07-21,1670.0
2012-07-22,1520.0
2012-07-23,1270.0
2012-07-24,1200.0
2012-07-25,1030.0
2012-07-26,1030.0
2012-07-27,952.0
2012-07-28,945.0
2012-07-29,858.0
2012-07-30,794.0
2012-07-31,1190.0
2012-08-01,1940.0
2012-08-02,1230.0
2012-08-03,1150.0
2012-08-04,2090.0
2012-08-05,2520.0
2012-08-06,1550.0
2012-08-07,1590.0
2012-08-08,1710.0
2012-08-09,1620.0
2012-08-10,2180.0
2012-08-11,1920.0
2012-08-12,1540.0
2012-08-13,1350.0
2012-08-14,1160.0
2012-08-15,1180.0
2012-08-16,1020.0
2012-08-17,939.0
2012-08-18,913.0
2012-08-19,1100.0
2012-08-20,1170.0
2012-08-21,1170.0
2012-08-22,1150.0
2012-08-23,1190.0
2012-08-24,1080.0
2012-08-25,1010.0
2012-08-26,979.0
2012-08-27,938.0
2012-08-28,827.0
2012-08-29,812.0
2012-08-30,957.0
2012-08-31,974.0
2012-09-01,856.0
2012-09-02,893.0
2012-09-03,1050.0
2012-09-04,1540.0
2012-09-05,1450.0
2012-09-06,1230.0
2012-09-07,1020.0
2012-09-08,934.0
2012-09-09,869.0
2012-09-10,819.0
2012-09-11,776.0
2012-09-12,753.0
2012-09-13,735.0
2012-09-14,721.0
2012-09-15,713.0
2012-09-16,731.0
2012-09-17,893.0
2012-09-18,5210.0
2012-09-19,5650.0
2012-09-20,4400.0
2012-09-21,2650.0
2012-09-22,1750.0
2012-09-23,1420.0
2012-09-24,1240.0
2012-09-25,1140.0
2012-09-26,1080.0
2012-09-27,1030.0
2012-09-28,1000.0
2012-09-29,991.0
2012-09-30,1040.0
2012-10-01,1010.0
2012-10-02,4290.0
2012-10-03,5180.0
2012-10-04,3230.0
2012-10-05,2120.0
2012-10-06,1730.0
2012-10-07,1650.0
2012-10-08,1540.0
2012-10-09,1390.0
2012-10-10,1310.0
2012-10-11,1230.0
2012-10-12,1170.0
2012-10-13,1130.0
2012-10-14,1100.0
2012-10-15,1520.0
2012-10-16,1760.0
2012-10-17,1440.0
2012-10-18,1210.0
2012-10-19,1120.0
2012-10-20,1080.0
2012-10-21,1040.0
2012-10-22,1020.0
2012-10-23,994.0
2012-10-24,983.0
2012-10-25,954.0
2012-10-26,951.0
2012-10-27,939.0
2012-10-28,939.0
2012-10-29,935.0
2012-10-30,920.0
2012-10-31,895.0
2012-11-01,886.0
2012-11-02,870.0
2012-11-03,856.0
2012-11-04,847.0
2012-11-05,847.0
2012-11-06,847.0
2012-11-07,946.0
2012-11-08,1000.0
2012-11-09,898.0
2012-11-10,832.0
2012-11-11,815.0
2012-11-12,809.0
2012-11-13,881.0
2012-11-14,933.0
2012-11-15,878.0
2012-11-16,860.0
2012-11-17,843.0
2012-11-18,813.0
2012-11-19,802.0
2012-11-20,802.0
2012-11-21,795.0
2012-11-22,781.0
2012-11-23,769.0
2012-11-24,759.0
2012-11-25,751.0
2012-11-26,741.0
2012-11-27,743.0
2012-11-28,748.0
2012-11-29,746.0
2012-11-30,738.0
2012-12-01,738.0
2012-12-02,738.0
2012-12-03,738.0
2012-12-04,813.0
2012-12-05,813.0
2012-12-06,753.0
2012-12-07,720.0
2012-12-08,727.0
2012-12-09,723.0
2012-12-10,736.0
2012-12-11,790.0
2012-12-12,791.0
2012-12-13,730.0
2012-12-14,705.0
2012-12-15,688.0
2012-12-16,737.0
2012-12-17,967.0
2012-12-18,1030.0
2012-12-19,927.0
2012-12-20,890.0
2012-12-21,1910.0
2012-12-22,1650.0
2012-12-23,1140.0
2012-12-24,1150.0
2012-12-25,1210.0
2012-12-26,4310.0
2012-12-27,5090.0
2012-12-28,4180.0
2012-12-29,2660.0
2012-12-30,2290.0
2012-12-31,1930.0
2013-01-01,1800.0
2013-01-02,1950.0
2013-01-03,1980.0
2013-01-04,1790.0
2013-01-05,1590.0
2013-01-06,1440.0
2013-01-07,1370.0
2013-01-08,1420.0
2013-01-09,1420.0
2013-01-10,1340.0
2013-01-11,1270.0
2013-01-12,1600.0
2013-01-13,1670.0
2013-01-14,1800.0
2013-01-15,4280.0
2013-01-16,7450.0
2013-01-17,10900.0
2013-01-18,13500.0
2013-01-19,10100.0
2013-01-20,7700.0
2013-01-21,5040.0
2013-01-22,3530.0
2013-01-23,3110.0
2013-01-24,2950.0
2013-01-25,2690.0
2013-01-26,2400.0
2013-01-27,2250.0
2013-01-28,2150.0
2013-01-29,2160.0
2013-01-30,4380.0
2013-01-31,11000.0
2013-02-01,7910.0
2013-02-02,7110.0
2013-02-03,5100.0
2013-02-04,3630.0
2013-02-05,3260.0
2013-02-06,2990.0
2013-02-07,2830.0
2013-02-08,3060.0
2013-02-09,2600.0
2013-02-10,2480.0
2013-02-11,2970.0
2013-02-12,3190.0
2013-02-13,3000.0
2013-02-14,2680.0
2013-02-15,2460.0
2013-02-16,2320.0
2013-02-17,2190.0
2013-02-18,2090.0
2013-02-19,2160.0
2013-02-20,2140.0
2013-02-21,2040.0
2013-02-22,2560.0
2013-02-23,2760.0
2013-02-24,2600.0
2013-02-25,2360.0
2013-02-26,4330.0
2013-02-27,6260.0
2013-02-28,5390.0
2013-03-01,3790.0
2013-03-02,3270.0
2013-03-03,2970.0
2013-03-04,2720.0
2013-03-05,2610.0
2013-03-06,3300.0
2013-03-07,2740.0
2013-03-08,2450.0
2013-03-09,2450.0
2013-03-10,2370.0
2013-03-11,2370.0
2013-03-12,4030.0
2013-03-13,4110.0
2013-03-14,3380.0
2013-03-15,3010.0
2013-03-16,2730.0
2013-03-17,2570.0
2013-03-18,2500.0
2013-03-19,2700.0
2013-03-20,2460.0
2013-03-21,2270.0
2013-03-22,2170.0
2013-03-23,2220.0
2013-03-24,2720.0
2013-03-25,3140.0
2013-03-26,2670.0
2013-03-27,2320.0
2013-03-28,2190.0
2013-03-29,2140.0
2013-03-30,2190.0
2013-03-31,2250.0
2013-04-01,2310.0
2013-04-02,2130.0
2013-04-03,2150.0
2013-04-04,2200.0
2013-04-05,2680.0
2013-04-06,2340.0
2013-04-07,2120.0
2013-04-08,2040.0
2013-04-09,2120.0
2013-04-10,2070.0
2013-04-11,1900.0
2013-04-12,5920.0
2013-04-13,5540.0
2013-04-14,4100.0
2013-04-15,3370.0
2013-04-16,3230.0
2013-04-17,2940.0
2013-04-18,3440.0
2013-04-19,3250.0
2013-04-20,4370.0
2013-04-21,3870.0
2013-04-22,3200.0
2013-04-23,3090.0
2013-04-24,2920.0
2013-04-25,2790.0
2013-04-26,2490.0
2013-04-27,2470.0
2013-04-28,4620.0
2013-04-29,8180.0
2013-04-30,7030.0
2013-05-01,4790.0
2013-05-02,3810.0
2013-05-03,3480.0
2013-05-04,3430.0
2013-05-05,10500.0
2013-05-06,22000.0
2013-05-07,17100.0
2013-05-08,13000.0
2013-05-09,9350.0
2013-05-10,6440.0
2013-05-11,4920.0
2013-05-12,4570.0
2013-05-13,4000.0
2013-05-14,3550.0
2013-05-15,3340.0
2013-05-16,3160.0
2013-05-17,3000.0
2013-05-18,3930.0
2013-05-19,4130.0
2013-05-20,3540.0
2013-05-21,3340.0
2013-05-22,3760.0
2013-05-23,4200.0
2013-05-24,3580.0
2013-05-25,3000.0
2013-05-26,2760.0
2013-05-27,2670.0
2013-05-28,2550.0
2013-05-29,2440.0
2013-05-30,2300.0
2013-05-31,2210.0
2013-06-01,2130.0
2013-06-02,2450.0
2013-06-03,3820.0
2013-06-04,2720.0
2013-06-05,2350.0
2013-06-06,3030.0
2013-06-07,3220.0
2013-06-08,5330.0
2013-06-09,3690.0
2013-06-10,8670.0
2013-06-11,8320.0
2013-06-12,6480.0
2013-06-13,4350.0
2013-06-14,3520.0
2013-06-15,3110.0
2013-06-16,2820.0
2013-06-17,2700.0
2013-06-18,3060.0
2013-06-19,2850.0
2013-06-20,2540.0
2013-06-21,2400.0
2013-06-22,2250.0
2013-06-23,2150.0
2013-06-24,2470.0
2013-06-25,3090.0
2013-06-26,2620.0
2013-06-27,2510.0
2013-06-28,2340.0
2013-06-29,2170.0
2013-06-30,2090.0
2013-07-01,2510.0
2013-07-02,4260.0
2013-07-03,7310.0
2013-07-04,15200.0
2013-07-05,16400.0
2013-07-06,17000.0
2013-07-07,16600.0
2013-07-08,14000.0
2013-07-09,10400.0
2013-07-10,9010.0
2013-07-11,10300.0
2013-07-12,7450.0
2013-07-13,5980.0
2013-07-14,6920.0
2013-07-15,8500.0
2013-07-16,6510.0
2013-07-17,5370.0
2013-07-18,4960.0
2013-07-19,4330.0
2013-07-20,4040.0
2013-07-21,4260.0
2013-07-22,4910.0
2013-07-23,4670.0
2013-07-24,4030.0
2013-07-25,3710.0
2013-07-26,3750.0
2013-07-27,5200.0
2013-07-28,5700.0
2013-07-29,3970.0
2013-07-30,3370.0
2013-07-31,3420.0
2013-08-01,3440.0
2013-08-02,3490.0
2013-08-03,3030.0
2013-08-04,2770.0
2013-08-05,2600.0
2013-08-06,2560.0
2013-08-07,2950.0
2013-08-08,5320.0
2013-08-09,5300.0
2013-08-10,4230.0
2013-08-11,5020.0
2013-08-12,5100.0
2013-08-13,5180.0
2013-08-14,3470.0
2013-08-15,3040.0
2013-08-16,2770.0
2013-08-17,2590.0
2013-08-18,2640.0
2013-08-19,4020.0
2013-08-20,5100.0
2013-08-21,3740.0
2013-08-22,3250.0
2013-08-23,3030.0
2013-08-24,2860.0
2013-08-25,2800.0
2013-08-26,2510.0
2013-08-27,2390.0
2013-08-28,2290.0
2013-08-29,2200.0
2013-08-30,2230.0
2013-08-31,2250.0
2013-09-01,2470.0
2013-09-02,2660.0
2013-09-03,2300.0
2013-09-04,2170.0
2013-09-05,1990.0
2013-09-06,1870.0
2013-09-07,1800.0
2013-09-08,1760.0
2013-09-09,1710.0
2013-09-10,1660.0
2013-09-11,1630.0
2013-09-12,1670.0
2013-09-13,1780.0
2013-09-14,1610.0
2013-09-15,1510.0
2013-09-16,1480.0
2013-09-17,1440.0
2013-09-18,1400.0
2013-09-19,1400.0
2013-09-20,1410.0
2013-09-21,1700.0
2013-09-22,2840.0
2013-09-23,2070.0
2013-09-24,1580.0
2013-09-25,2320.0
2013-09-26,2920.0
2013-09-27,2080.0
2013-09-28,1730.0
2013-09-29,1580.0
2013-09-30,1510.0
2013-10-01,1460.0
2013-10-02,1410.0
2013-10-03,1370.0
2013-10-04,1340.0
2013-10-05,1300.0
2013-10-06,1270.0
2013-10-07,2770.0
2013-10-08,2590.0
2013-10-09,1760.0
2013-10-10,1510.0
2013-10-11,1420.0
2013-10-12,1350.0
2013-10-13,1340.0
2013-10-14,1390.0
2013-10-15,1330.0
2013-10-16,1290.0
2013-10-17,1280.0
2013-10-18,1260.0
2013-10-19,1250.0
2013-10-20,1220.0
2013-10-21,1180.0
2013-10-22,1160.0
2013-10-23,1140.0
2013-10-24,1110.0
2013-10-25,1090.0
2013-10-26,1080.0
2013-10-27,1080.0
2013-10-28,1090.0
2013-10-29,1100.0
2013-10-30,1090.0
2013-10-31,1070.0
2013-11-01,1070.0
2013-11-02,1150.0
2013-11-03,1130.0
2013-11-04,1040.0
2013-11-05,1010.0
2013-11-06,1010.0
2013-11-07,1040.0
2013-11-08,1040.0
2013-11-09,1000.0
2013-11-10,987.0
2013-11-11,976.0
2013-11-12,967.0
2013-11-13,955.0
2013-11-14,940.0
2013-11-15,951.0
2013-11-16,995.0
2013-11-17,1060.0
2013-11-18,1220.0
2013-11-19,1230.0
2013-11-20,1070.0
2013-11-21,1010.0
2013-11-22,1050.0
2013-11-23,1130.0
2013-11-24,1060.0
2013-11-25,1010.0
2013-11-26,2510.0
2013-11-27,6430.0
2013-11-28,5800.0
2013-11-29,3910.0
2013-11-30,2240.0
2013-12-01,1920.0
2013-12-02,1750.0
2013-12-03,1690.0
2013-12-04,1620.0
2013-12-05,1570.0
2013-12-06,1980.0
2013-12-07,3390.0
2013-12-08,3110.0
2013-12-09,3790.0
2013-12-10,5050.0
2013-12-11,4280.0
2013-12-12,3170.0
2013-12-13,2660.0
2013-12-14,2870.0
2013-12-15,4090.0
2013-12-16,3200.0
2013-12-17,2640.0
2013-12-18,2370.0
2013-12-19,2110.0
2013-12-20,1980.0
2013-12-21,1920.0
2013-12-22,5510.0
2013-12-23,11100.0
2013-12-24,9350.0
2013-12-25,7470.0
2013-12-26,5220.0
2013-12-27,3690.0
2013-12-28,3150.0
2013-12-29,4590.0
2013-12-30,5220.0
2013-12-31,4000.0
2014-01-01,3360.0
2014-01-02,3080.0
2014-01-03,2830.0
2014-01-04,2590.0
2014-01-05,2490.0
2014-01-06,2500.0
2014-01-07,2330.0
2014-01-08,2190.0
2014-01-09,2190.0
2014-01-10,2410.0
2014-01-11,5230.0
2014-01-12,7000.0
2014-01-13,5840.0
2014-01-14,4230.0
2014-01-15,3650.0
2014-01-16,3290.0
2014-01-17,3030.0
2014-01-18,2710.0
2014-01-19,2550.0
2014-01-20,2450.0
2014-01-21,2370.0
2014-01-22,2300.0
2014-01-23,2180.0
2014-01-24,2050.0
2014-01-25,1970.0
2014-01-26,2030.0
2014-01-27,2030.0
2014-01-28,1950.0
2014-01-29,1870.0
2014-01-30,1740.0
2014-01-31,1710.0
2014-02-01,1750.0
2014-02-02,1780.0
2014-02-03,2350.0
2014-02-04,2500.0
2014-02-05,2510.0
2014-02-06,2600.0
2014-02-07,2270.0
2014-02-08,2130.0
2014-02-09,2050.0
2014-02-10,2000.0
2014-02-11,1990.0
2014-02-12,1920.0
2014-02-13,2040.0
2014-02-14,2050.0
2014-02-15,2200.0
2014-02-16,2180.0
2014-02-17,2120.0
2014-02-18,2090.0
2014-02-19,2240.0
2014-02-20,2610.0
2014-02-21,3310.0
2014-02-22,3750.0
2014-02-23,2970.0
2014-02-24,2600.0
2014-02-25,2390.0
2014-02-26,2250.0
2014-02-27,2150.0
2014-02-28,2070.0
2014-03-01,1970.0
2014-03-02,1910.0
2014-03-03,1920.0
2014-03-04,1990.0
2014-03-05,1860.0
2014-03-06,1790.0
2014-03-07,2120.0
2014-03-08,2250.0
2014-03-09,1970.0
2014-03-10,1840.0
2014-03-11,1800.0
2014-03-12,1760.0
2014-03-13,1700.0
2014-03-14,1620.0
2014-03-15,1590.0
2014-03-16,1690.0
2014-03-17,2160.0
2014-03-18,2300.0
2014-03-19,2050.0
2014-03-20,1930.0
2014-03-21,1810.0
2014-03-22,1720.0
2014-03-23,1770.0
2014-03-24,1780.0
2014-03-25,1680.0
2014-03-26,1640.0
2014-03-27,1580.0
2014-03-28,1560.0
2014-03-29,1670.0
2014-03-30,2030.0
2014-03-31,1830.0
2014-04-01,1640.0
2014-04-02,1580.0
2014-04-03,1540.0
2014-04-04,1510.0
2014-04-05,1510.0
2014-04-06,1470.0
2014-04-07,3590.0
2014-04-08,5330.0
2014-04-09,4000.0
2014-04-10,2940.0
2014-04-11,2460.0
2014-04-12,2250.0
2014-04-13,2100.0
2014-04-14,2020.0
2014-04-15,2610.0
2014-04-16,2950.0
2014-04-17,2390.0
2014-04-18,2160.0
2014-04-19,2720.0
2014-04-20,3700.0
2014-04-21,2970.0
2014-04-22,2650.0
2014-04-23,2450.0
2014-04-24,2240.0
2014-04-25,2100.0
2014-04-26,2020.0
2014-04-27,1900.0
2014-04-28,1870.0
2014-04-29,4880.0
2014-04-30,3250.0
2014-05-01,2590.0
2014-05-02,2290.0
2014-05-03,2120.0
2014-05-04,1980.0
2014-05-05,1870.0
2014-05-06,1760.0
2014-05-07,1660.0
2014-05-08,1600.0
2014-05-09,1550.0
2014-05-10,1650.0
2014-05-11,1630.0
2014-05-12,1520.0
2014-05-13,1520.0
2014-05-14,1430.0
2014-05-15,4230.0
2014-05-16,5030.0
2014-05-17,3430.0
2014-05-18,2580.0
2014-05-19,2360.0
2014-05-20,2160.0
2014-05-21,1940.0
2014-05-22,1790.0
2014-05-23,1730.0
2014-05-24,1630.0
2014-05-25,1550.0
2014-05-26,1960.0
2014-05-27,1920.0
2014-05-28,2010.0
2014-05-29,1890.0
2014-05-30,1830.0
2014-05-31,2180.0
2014-06-01,1750.0
2014-06-02,1610.0
2014-06-03,1520.0
2014-06-04,1450.0
2014-06-05,1410.0
2014-06-06,1370.0
2014-06-07,1330.0
2014-06-08,1620.0
2014-06-09,1630.0
2014-06-10,1360.0
2014-06-11,1320.0
2014-06-12,1400.0
2014-06-13,1870.0
2014-06-14,2290.0
2014-06-15,1610.0
2014-06-16,1370.0
2014-06-17,1370.0
2014-06-18,1320.0
2014-06-19,1360.0
2014-06-20,1730.0
2014-06-21,2080.0
2014-06-22,1490.0
2014-06-23,1310.0
2014-06-24,1550.0
2014-06-25,1780.0
2014-06-26,1470.0
2014-06-27,1290.0
2014-06-28,1320.0
2014-06-29,1580.0
2014-06-30,3130.0
2014-07-01,2250.0
2014-07-02,1760.0
2014-07-03,1460.0
2014-07-04,1440.0
2014-07-05,1280.0
2014-07-06,1180.0
2014-07-07,1140.0
2014-07-08,1080.0
2014-07-09,1090.0
2014-07-10,1930.0
2014-07-11,1710.0
2014-07-12,1300.0
2014-07-13,1200.0
2014-07-14,1140.0
2014-07-15,1120.0
2014-07-16,1100.0
2014-07-17,1030.0
2014-07-18,1230.0
2014-07-19,2160.0
2014-07-20,3230.0
2014-07-21,2350.0
2014-07-22,3240.0
2014-07-23,2340.0
2014-07-24,2470.0
2014-07-25,2680.0
2014-07-26,1860.0
2014-07-27,1600.0
2014-07-28,1940.0
2014-07-29,1530.0
2014-07-30,1320.0
2014-07-31,1240.0
2014-08-01,1370.0
2014-08-02,1310.0
2014-08-03,1230.0
2014-08-04,1190.0
2014-08-05,1260.0
2014-08-06,1300.0
2014-08-07,1210.0
2014-08-08,1320.0
2014-08-09,1620.0
2014-08-10,2860.0
2014-08-11,2230.0
2014-08-12,1940.0
2014-08-13,1620.0
2014-08-14,1380.0
2014-08-15,1220.0
2014-08-16,1130.0
2014-08-17,1080.0
2014-08-18,1080.0
2014-08-19,1040.0
2014-08-20,992.0
2014-08-21,1000.0
2014-08-22,1130.0
2014-08-23,987.0
2014-08-24,924.0
2014-08-25,916.0
2014-08-26,888.0
2014-08-27,855.0
2014-08-28,834.0
2014-08-29,800.0
2014-08-30,777.0
2014-08-31,1040.0
2014-09-01,1060.0
2014-09-02,945.0
2014-09-03,1060.0
2014-09-04,1380.0
2014-09-05,2040.0
2014-09-06,1130.0
2014-09-07,1500.0
2014-09-08,4510.0
2014-09-09,2350.0
2014-09-10,1420.0
2014-09-11,1220.0
2014-09-12,1320.0
2014-09-13,2030.0
2014-09-14,1210.0
2014-09-15,1110.0
2014-09-16,1380.0
2014-09-17,1110.0
2014-09-18,1010.0
2014-09-19,952.0
2014-09-20,916.0
2014-09-21,891.0
2014-09-22,838.0
2014-09-23,794.0
2014-09-24,777.0
2014-09-25,752.0
2014-09-26,749.0
2014-09-27,748.0
2014-09-28,735.0
2014-09-29,727.0
2014-09-30,768.0
2014-10-01,737.0
2014-10-02,717.0
2014-10-03,745.0
2014-10-04,880.0
2014-10-05,817.0
2014-10-06,731.0
2014-10-07,852.0
2014-10-08,845.0
2014-10-09,779.0
2014-10-10,736.0
2014-10-11,713.0
2014-10-12,755.0
2014-10-13,870.0
2014-10-14,2120.0
2014-10-15,7780.0
2014-10-16,6430.0
2014-10-17,3770.0
2014-10-18,2170.0
2014-10-19,1810.0
2014-10-20,1600.0
2014-10-21,1490.0
2014-10-22,1330.0
2014-10-23,1200.0
2014-10-24,1130.0
2014-10-25,1090.0
2014-10-26,1050.0
2014-10-27,1020.0
2014-10-28,998.0
2014-10-29,984.0
2014-10-30,971.0
2014-10-31,951.0
2014-11-01,965.0
2014-11-02,970.0
2014-11-03,937.0
2014-11-04,908.0
2014-11-05,906.0
2014-11-06,897.0
2014-11-07,878.0
2014-11-08,863.0
2014-11-09,853.0
2014-11-10,838.0
2014-11-11,819.0
2014-11-12,819.0
2014-11-13,820.0
2014-11-14,814.0
2014-11-15,804.0
2014-11-16,792.0
2014-11-17,1230.0
2014-11-18,2030.0
2014-11-19,1360.0
2014-11-20,1050.0
2014-11-21,960.0
2014-11-22,907.0
2014-11-23,1290.0
2014-11-24,5540.0
2014-11-25,4910.0
2014-11-26,3050.0
2014-11-27,2460.0
2014-11-28,1930.0
2014-11-29,1670.0
2014-11-30,1520.0
2014-12-01,1420.0
2014-12-02,1400.0
2014-12-03,1350.0
2014-12-04,1280.0
2014-12-05,1260.0
2014-12-06,1210.0
2014-12-07,1220.0
2014-12-08,1150.0
2014-12-09,1150.0
2014-12-10,1100.0
2014-12-11,1050.0
2014-12-12,1020.0
2014-12-13,1040.0
2014-12-14,1050.0
2014-12-15,1020.0
2014-12-16,1010.0
2014-12-17,1030.0
2014-12-18,980.0
2014-12-19,947.0
2014-12-20,939.0
2014-12-21,939.0
2014-12-22,937.0
2014-12-23,996.0
2014-12-24,3610.0
2014-12-25,4140.0
2014-12-26,2600.0
2014-12-27,2000.0
2014-12-28,1750.0
2014-12-29,1850.0
2014-12-30,1930.0
2014-12-31,1730.0
2015-01-01,1610.0
2015-01-02,1540.0
2015-01-03,1560.0
2015-01-04,4590.0
2015-01-05,5840.0
2015-01-06,4190.0
2015-01-07,2840.0
2015-01-08,2320.0
2015-01-09,2110.0
2015-01-10,2040.0
2015-01-11,1900.0
2015-01-12,1950.0
2015-01-13,2090.0
2015-01-14,1910.0
2015-01-15,1800.0
2015-01-16,1700.0
2015-01-17,1590.0
2015-01-18,1520.0
2015-01-19,1480.0
2015-01-20,1450.0
2015-01-21,1410.0
2015-01-22,1380.0
2015-01-23,1500.0
2015-01-24,2130.0
2015-01-25,1990.0
2015-01-26,1710.0
2015-01-27,1580.0
2015-01-28,1480.0
2015-01-29,1420.0
2015-01-30,1410.0
2015-01-31,1390.0
2015-02-01,1370.0
2015-02-02,1820.0
2015-02-03,2130.0
2015-02-04,1760.0
2015-02-05,1680.0
2015-02-06,1560.0
2015-02-07,1380.0
2015-02-08,1410.0
2015-02-09,1410.0
2015-02-10,1520.0
2015-02-11,1380.0
2015-02-12,1320.0
2015-02-13,1270.0
2015-02-14,1250.0
2015-02-15,1210.0
2015-02-16,1200.0
2015-02-17,1350.0
2015-02-18,1520.0
2015-02-19,1320.0
2015-02-20,1210.0
2015-02-21,1160.0
2015-02-22,1290.0
2015-02-23,1650.0
2015-02-24,1540.0
2015-02-25,1530.0
2015-02-26,1570.0
2015-02-27,1550.0
2015-02-28,1470.0
2015-03-01,1420.0
2015-03-02,1530.0
2015-03-03,1700.0
2015-03-04,1790.0
2015-03-05,1860.0
2015-03-06,2010.0
2015-03-07,1790.0
2015-03-08,1630.0
2015-03-09,1600.0
2015-03-10,1570.0
2015-03-11,1560.0
2015-03-12,1640.0
2015-03-13,1520.0
2015-03-14,1740.0
2015-03-15,2160.0
2015-03-16,1860.0
2015-03-17,1680.0
2015-03-18,1610.0
2015-03-19,1590.0
2015-03-20,1640.0
2015-03-21,1580.0
2015-03-22,1490.0
2015-03-23,1520.0
2015-03-24,1440.0
2015-03-25,1320.0
2015-03-26,1300.0
2015-03-27,1310.0
2015-03-28,1320.0
2015-03-29,1250.0
2015-03-30,1250.0
2015-03-31,1280.0
2015-04-01,1230.0
2015-04-02,1170.0
2015-04-03,1200.0
2015-04-04,1450.0
2015-04-05,1360.0
2015-04-06,1230.0
2015-04-07,1820.0
2015-04-08,3050.0
2015-04-09,2360.0
2015-04-10,1890.0
2015-04-11,1700.0
2015-04-12,1550.0
2015-04-13,1490.0
2015-04-14,1710.0
2015-04-15,2750.0
2015-04-16,4130.0
2015-04-17,3430.0
2015-04-18,2850.0
2015-04-19,3270.0
2015-04-20,5990.0
2015-04-21,5790.0
2015-04-22,5180.0
2015-04-23,3650.0
2015-04-24,2920.0
2015-04-25,2640.0
2015-04-26,2570.0
2015-04-27,2310.0
2015-04-28,2100.0
2015-04-29,2000.0
2015-04-30,1940.0
2015-05-01,1840.0
2015-05-02,1750.0
2015-05-03,1670.0
2015-05-04,1600.0
2015-05-05,1500.0
2015-05-06,1450.0
2015-05-07,1390.0
2015-05-08,1370.0
2015-05-09,1350.0
2015-05-10,1320.0
2015-05-11,1310.0
2015-05-12,1430.0
2015-05-13,1290.0
2015-05-14,1200.0
2015-05-15,1180.0
2015-05-16,1220.0
2015-05-17,1210.0
2015-05-18,1150.0
2015-05-19,1250.0
2015-05-20,1210.0
2015-05-21,1160.0
2015-05-22,1080.0
2015-05-23,1030.0
2015-05-24,1000.0
2015-05-25,993.0
2015-05-26,1260.0
2015-05-27,1600.0
2015-05-28,1350.0
2015-05-29,1210.0
2015-05-30,1180.0
2015-05-31,1090.0
2015-06-01,1120.0
2015-06-02,1380.0
2015-06-03,1390.0
2015-06-04,1370.0
2015-06-05,1540.0
2015-06-06,1320.0
2015-06-07,1210.0
2015-06-08,1250.0
2015-06-09,2520.0
2015-06-10,2090.0
2015-06-11,1460.0
2015-06-12,1590.0
2015-06-13,1580.0
2015-06-14,1360.0
2015-06-15,1290.0
2015-06-16,1300.0
2015-06-17,1280.0
2015-06-18,1160.0
2015-06-19,1120.0
2015-06-20,1250.0
2015-06-21,1080.0
2015-06-22,1140.0
2015-06-23,1160.0
2015-06-24,994.0
2015-06-25,919.0
2015-06-26,896.0
2015-06-27,1060.0
2015-06-28,951.0
2015-06-29,925.0
2015-06-30,840.0
2015-07-01,821.0
2015-07-02,831.0
2015-07-03,845.0
2015-07-04,879.0
2015-07-05,920.0
2015-07-06,848.0
2015-07-07,831.0
2015-07-08,778.0
2015-07-09,729.0
2015-07-10,675.0
2015-07-11,648.0
2015-07-12,632.0
2015-07-13,632.0
2015-07-14,849.0
2015-07-15,879.0
2015-07-16,777.0
2015-07-17,691.0
2015-07-18,629.0
2015-07-19,795.0
2015-07-20,715.0
2015-07-21,776.0
2015-07-22,712.0
2015-07-23,809.0
2015-07-24,660.0
2015-07-25,693.0
2015-07-26,697.0
2015-07-27,668.0
2015-07-28,626.0
2015-07-29,614.0
2015-07-30,714.0
2015-07-31,678.0
2015-08-01,571.0
2015-08-02,526.0
2015-08-03,505.0
2015-08-04,478.0
2015-08-05,486.0
2015-08-06,489.0
2015-08-07,544.0
2015-08-08,545.0
2015-08-09,511.0
2015-08-10,566.0
2015-08-11,753.0
2015-08-12,585.0
2015-08-13,548.0
2015-08-14,560.0
2015-08-15,580.0
2015-08-16,581.0
2015-08-17,528.0
2015-08-18,555.0
2015-08-19,656.0
2015-08-20,1010.0
2015-08-21,1190.0
2015-08-22,799.0
2015-08-23,751.0
2015-08-24,881.0
2015-08-25,705.0
2015-08-26,610.0
2015-08-27,536.0
2015-08-28,493.0
2015-08-29,471.0
2015-08-30,459.0
2015-08-31,470.0
2015-09-01,496.0
2015-09-02,488.0
2015-09-03,469.0
2015-09-04,451.0
2015-09-05,439.0
2015-09-06,436.0
2015-09-07,433.0
2015-09-08,426.0
2015-09-09,429.0
2015-09-10,483.0
2015-09-11,479.0
2015-09-12,465.0
2015-09-13,452.0
2015-09-14,409.0
2015-09-15,387.0
2015-09-16,369.0
2015-09-17,361.0
2015-09-18,349.0
2015-09-19,341.0
2015-09-20,346.0
2015-09-21,344.0
2015-09-22,350.0
2015-09-23,355.0
2015-09-24,347.0
2015-09-25,730.0
2015-09-26,2400.0
2015-09-27,1910.0
2015-09-28,1460.0
2015-09-29,2850.0
2015-09-30,2980.0
2015-10-01,2940.0
2015-10-02,4260.0
2015-10-03,7220.0
2015-10-04,9540.0
2015-10-05,8300.0
2015-10-06,7100.0
2015-10-07,4490.0
2015-10-08,2470.0
2015-10-09,2010.0
2015-10-10,1980.0
2015-10-11,2580.0
2015-10-12,2120.0
2015-10-13,1810.0
2015-10-14,1600.0
2015-10-15,1410.0
2015-10-16,1300.0
2015-10-17,1210.0
2015-10-18,1140.0
2015-10-19,1090.0
2015-10-20,1060.0
2015-10-21,1030.0
2015-10-22,1000.0
2015-10-23,976.0
2015-10-24,952.0
2015-10-25,939.0
2015-10-26,982.0
2015-10-27,1230.0
2015-10-28,4630.0
2015-10-29,5550.0
2015-10-30,4430.0
2015-10-31,2750.0
2015-11-01,2280.0
2015-11-02,4270.0
2015-11-03,6230.0
2015-11-04,5210.0
2015-11-05,3610.0
2015-11-06,2960.0
2015-11-07,2860.0
2015-11-08,2710.0
2015-11-09,6230.0
2015-11-10,7390.0
2015-11-11,6110.0
2015-11-12,4440.0
2015-11-13,3310.0
2015-11-14,2880.0
2015-11-15,2590.0
2015-11-16,2400.0
2015-11-17,2290.0
2015-11-18,2920.0
2015-11-19,8510.0
2015-11-20,7230.0
2015-11-21,6370.0
2015-11-22,4890.0
2015-11-23,3420.0
2015-11-24,3010.0
2015-11-25,2750.0
2015-11-26,2560.0
2015-11-27,2420.0
2015-11-28,2330.0
2015-11-29,2300.0
2015-11-30,4270.0
2015-12-01,5030.0
2015-12-02,11300.0
2015-12-03,9170.0
2015-12-04,6620.0
2015-12-05,4810.0
2015-12-06,3780.0
2015-12-07,3420.0
2015-12-08,3080.0
2015-12-09,2860.0
2015-12-10,2810.0
2015-12-11,2590.0
2015-12-12,2470.0
2015-12-13,2360.0
2015-12-14,2430.0
2015-12-15,2920.0
2015-12-16,2630.0
2015-12-17,2660.0
2015-12-18,3100.0
2015-12-19,2630.0
2015-12-20,2360.0
2015-12-21,2260.0
2015-12-22,2610.0
2015-12-23,2990.0
2015-12-24,9840.0
2015-12-25,11800.0
2015-12-26,10700.0
2015-12-27,9900.0
2015-12-28,8480.0
2015-12-29,14300.0
2015-12-30,10700.0
2015-12-31,10600.0
2016-01-01,9670.0
2016-01-02,7840.0
2016-01-03,6050.0
2016-01-04,4790.0
2016-01-05,4220.0
2016-01-06,3850.0
2016-01-07,3680.0
2016-01-08,3560.0
2016-01-09,3430.0
2016-01-10,3670.0
2016-01-11,3540.0
2016-01-12,3210.0
2016-01-13,3040.0
2016-01-14,2900.0
2016-01-15,3610.0
2016-01-16,5560.0
2016-01-17,4270.0
2016-01-18,3540.0
2016-01-19,3200.0
2016-01-20,3010.0
2016-01-21,2930.0
2016-01-22,3110.0
2016-01-23,3220.0
2016-01-24,2900.0
2016-01-25,2760.0
2016-01-26,2780.0
2016-01-27,3300.0
2016-01-28,3410.0
2016-01-29,3150.0
2016-01-30,2950.0
2016-01-31,2860.0
2016-02-01,2950.0
2016-02-02,3140.0
2016-02-03,9580.0
2016-02-04,11200.0
2016-02-05,9940.0
2016-02-06,8730.0
2016-02-07,6110.0
2016-02-08,4360.0
2016-02-09,3970.0
2016-02-10,3680.0
2016-02-11,3450.0
2016-02-12,3200.0
2016-02-13,3020.0
2016-02-14,2850.0
2016-02-15,2770.0
2016-02-16,4130.0
2016-02-17,4080.0
2016-02-18,3420.0
2016-02-19,3140.0
2016-02-20,3060.0
2016-02-21,2980.0
2016-02-22,2950.0
2016-02-23,4340.0
2016-02-24,7540.0
2016-02-25,7750.0
2016-02-26,6930.0
2016-02-27,5980.0
2016-02-28,4420.0
2016-02-29,3940.0
2016-03-01,3710.0
2016-03-02,3730.0
2016-03-03,3490.0
2016-03-04,3260.0
2016-03-05,3130.0
2016-03-06,3020.0
2016-03-07,2880.0
2016-03-08,2770.0
2016-03-09,2690.0
2016-03-10,2600.0
2016-03-11,2540.0
2016-03-12,2440.0
2016-03-13,2570.0
2016-03-14,2900.0
2016-03-15,2640.0
2016-03-16,2450.0
2016-03-17,2320.0
2016-03-18,2250.0
2016-03-19,2230.0
2016-03-20,2200.0
2016-03-21,2180.0
2016-03-22,2090.0
2016-03-23,2040.0
2016-03-24,2010.0
2016-03-25,1990.0
2016-03-26,1940.0
2016-03-27,1900.0
2016-03-28,1950.0
2016-03-29,1870.0
2016-03-30,1790.0
2016-03-31,1790.0
2016-04-01,2500.0
2016-04-02,2570.0
2016-04-03,2160.0
2016-04-04,1980.0
2016-04-05,1880.0
2016-04-06,1800.0
2016-04-07,2130.0
2016-04-08,2190.0
2016-04-09,1870.0
2016-04-10,1750.0
2016-04-11,1720.0
2016-04-12,1730.0
2016-04-13,1690.0
2016-04-14,1630.0
2016-04-15,1590.0
2016-04-16,1550.0
2016-04-17,1510.0
2016-04-18,1480.0
2016-04-19,1460.0
2016-04-20,1480.0
2016-04-21,1440.0
2016-04-22,1480.0
2016-04-23,1570.0
2016-04-24,1460.0
2016-04-25,1390.0
2016-04-26,1340.0
2016-04-27,1320.0
2016-04-28,1340.0
2016-04-29,1290.0
2016-04-30,1250.0
2016-05-01,2450.0
2016-05-02,2440.0
2016-05-03,2260.0
2016-05-04,1770.0
2016-05-05,1690.0
2016-05-06,1610.0
2016-05-07,1440.0
2016-05-08,1390.0
2016-05-09,1340.0
2016-05-10,1290.0
2016-05-11,1240.0
2016-05-12,1270.0
2016-05-13,1320.0
2016-05-14,1240.0
2016-05-15,1150.0
2016-05-16,1120.0
2016-05-17,1110.0
2016-05-18,1270.0
2016-05-19,1390.0
2016-05-20,1250.0
2016-05-21,1540.0
2016-05-22,1390.0
2016-05-23,1190.0
2016-05-24,1100.0
2016-05-25,1050.0
2016-05-26,1030.0
2016-05-27,1130.0
2016-05-28,1080.0
2016-05-29,1010.0
2016-05-30,997.0
2016-05-31,1020.0
2016-06-01,1080.0
2016-06-02,1200.0
2016-06-03,1120.0
2016-06-04,1370.0
2016-06-05,1080.0
2016-06-06,1020.0
2016-06-07,1030.0
2016-06-08,941.0
2016-06-09,872.0
2016-06-10,839.0
2016-06-11,815.0
2016-06-12,843.0
2016-06-13,785.0
2016-06-14,768.0
2016-06-15,889.0
2016-06-16,1250.0
2016-06-17,970.0
2016-06-18,798.0
2016-06-19,740.0
2016-06-20,725.0
2016-06-21,716.0
2016-06-22,679.0
2016-06-23,665.0
2016-06-24,645.0
2016-06-25,625.0
2016-06-26,612.0
2016-06-27,656.0
2016-06-28,981.0
2016-06-29,804.0
2016-06-30,714.0
2016-07-01,1100.0
2016-07-02,969.0
2016-07-03,738.0
2016-07-04,786.0
2016-07-05,734.0
2016-07-06,742.0
2016-07-07,1030.0
2016-07-08,1050.0
2016-07-09,732.0
2016-07-10,657.0
2016-07-11,690.0
2016-07-12,1720.0
2016-07-13,1500.0
2016-07-14,984.0
2016-07-15,986.0
2016-07-16,929.0
2016-07-17,1380.0
2016-07-18,1050.0
2016-07-19,931.0
2016-07-20,1050.0
2016-07-21,954.0
2016-07-22,1050.0
2016-07-23,972.0
2016-07-24,817.0
2016-07-25,750.0
2016-07-26,744.0
2016-07-27,717.0
2016-07-28,756.0
2016-07-29,658.0
2016-07-30,703.0
2016-07-31,986.0
2016-08-01,869.0
2016-08-02,877.0
2016-08-03,1370.0
2016-08-04,1610.0
2016-08-05,2010.0
2016-08-06,2480.0
2016-08-07,1680.0
2016-08-08,2220.0
2016-08-09,2810.0
2016-08-10,2450.0
2016-08-11,2470.0
2016-08-12,2250.0
2016-08-13,1760.0
2016-08-14,1450.0
2016-08-15,1280.0
2016-08-16,1110.0
2016-08-17,1080.0
2016-08-18,1200.0
2016-08-19,1410.0
2016-08-20,2400.0
2016-08-21,2510.0
2016-08-22,2060.0
2016-08-23,1460.0
2016-08-24,1230.0
2016-08-25,1120.0
2016-08-26,1050.0
2016-08-27,977.0
2016-08-28,980.0
2016-08-29,998.0
2016-08-30,902.0
2016-08-31,856.0
2016-09-01,840.0
2016-09-02,966.0
2016-09-03,931.0
2016-09-04,826.0
2016-09-05,801.0
2016-09-06,760.0
2016-09-07,731.0
2016-09-08,700.0
2016-09-09,686.0
2016-09-10,676.0
2016-09-11,657.0
2016-09-12,635.0
2016-09-13,674.0
2016-09-14,720.0
2016-09-15,648.0
2016-09-16,605.0
2016-09-17,589.0
2016-09-18,589.0
2016-09-19,601.0
2016-09-20,593.0
2016-09-21,575.0
2016-09-22,545.0
2016-09-23,536.0
2016-09-24,529.0
2016-09-25,528.0
2016-09-26,573.0
2016-09-27,962.0
2016-09-28,810.0
2016-09-29,666.0
2016-09-30,584.0
2016-10-01,547.0
2016-10-02,524.0
2016-10-03,517.0
2016-10-04,522.0
2016-10-05,514.0
2016-10-06,510.0
2016-10-07,515.0
2016-10-08,629.0
2016-10-09,611.0
2016-10-10,538.0
2016-10-11,500.0
2016-10-12,496.0
2016-10-13,496.0
2016-10-14,498.0
2016-10-15,490.0
2016-10-16,506.0
2016-10-17,510.0
2016-10-18,501.0
2016-10-19,495.0
2016-10-20,492.0
2016-10-21,497.0
2016-10-22,484.0
2016-10-23,476.0
2016-10-24,477.0
2016-10-25,483.0
2016-10-26,478.0
2016-10-27,482.0
2016-10-28,490.0
2016-10-29,496.0
2016-10-30,490.0
2016-10-31,489.0
2016-11-01,492.0
2016-11-02,483.0
2016-11-03,478.0
2016-11-04,480.0
2016-11-05,480.0
2016-11-06,478.0
2016-11-07,479.0
2016-11-08,485.0
2016-11-09,490.0
2016-11-10,482.0
2016-11-11,485.0
2016-11-12,484.0
2016-11-13,481.0
2016-11-14,485.0
2016-11-15,492.0
2016-11-16,493.0
2016-11-17,492.0
2016-11-18,494.0
2016-11-19,489.0
2016-11-20,481.0
2016-11-21,479.0
2016-11-22,479.0
2016-11-23,480.0
2016-11-24,484.0
2016-11-25,492.0
2016-11-26,503.0
2016-11-27,497.0
2016-11-28,499.0
2016-11-29,755.0
2016-11-30,1690.0
2016-12-01,1660.0
2016-12-02,1290.0
2016-12-03,857.0
2016-12-04,901.0
2016-12-05,1330.0
2016-12-06,1670.0
2016-12-07,2120.0
2016-12-08,1490.0
2016-12-09,1080.0
2016-12-10,922.0
2016-12-11,840.0
2016-12-12,822.0
2016-12-13,806.0
2016-12-14,783.0
2016-12-15,743.0
2016-12-16,720.0
2016-12-17,706.0
2016-12-18,717.0
2016-12-19,779.0
2016-12-20,787.0
2016-12-21,724.0
2016-12-22,708.0
2016-12-23,700.0
2016-12-24,685.0
2016-12-25,665.0
2016-12-26,665.0
2016-12-27,664.0
2016-12-28,670.0
2016-12-29,722.0
2016-12-30,742.0
2016-12-31,722.0
2017-01-01,668.0
2017-01-02,787.0
2017-01-03,1260.0
2017-01-04,1490.0
2017-01-05,1140.0
2017-01-06,964.0
2017-01-07,944.0
2017-01-08,880.0
2017-01-09,835.0
2017-01-10,813.0
2017-01-11,828.0
2017-01-12,922.0
2017-01-13,936.0
2017-01-14,882.0
2017-01-15,853.0
2017-01-16,823.0
2017-01-17,801.0
2017-01-18,782.0
2017-01-19,758.0
2017-01-20,757.0
2017-01-21,829.0
2017-01-22,993.0
2017-01-23,4330.0
2017-01-24,3960.0
2017-01-25,2210.0
2017-01-26,1640.0
2017-01-27,1380.0
2017-01-28,1230.0
2017-01-29,1130.0
2017-01-30,1060.0
2017-01-31,1000.0
2017-02-01,957.0
2017-02-02,930.0
2017-02-03,896.0
2017-02-04,857.0
2017-02-05,843.0
2017-02-06,824.0
2017-02-07,814.0
2017-02-08,821.0
2017-02-09,907.0
2017-02-10,965.0
2017-02-11,855.0
2017-02-12,820.0
2017-02-13,786.0
2017-02-14,756.0
2017-02-15,803.0
2017-02-16,811.0
2017-02-17,780.0
2017-02-18,754.0
2017-02-19,743.0
2017-02-20,740.0
2017-02-21,733.0
2017-02-22,745.0
2017-02-23,787.0
2017-02-24,791.0
2017-02-25,752.0
2017-02-26,704.0
2017-02-27,680.0
2017-02-28,675.0
2017-03-01,768.0
2017-03-02,993.0
2017-03-03,913.0
2017-03-04,798.0
2017-03-05,750.0
2017-03-06,734.0
2017-03-07,735.0
2017-03-08,752.0
2017-03-09,750.0
2017-03-10,758.0
2017-03-11,769.0
2017-03-12,779.0
2017-03-13,793.0
2017-03-14,831.0
2017-03-15,798.0
2017-03-16,752.0
2017-03-17,717.0
2017-03-18,819.0
2017-03-19,788.0
2017-03-20,759.0
2017-03-21,735.0
2017-03-22,1040.0
2017-03-23,1090.0
2017-03-24,881.0
2017-03-25,808.0
2017-03-26,821.0
2017-03-27,979.0
2017-03-28,1190.0
2017-03-29,1190.0
2017-03-30,1050.0
2017-03-31,4260.0
2017-04-01,5080.0
2017-04-02,2760.0
2017-04-03,2880.0
2017-04-04,5450.0
2017-04-05,4600.0
2017-04-06,5420.0
2017-04-07,4350.0
2017-04-08,3130.0
2017-04-09,2520.0
2017-04-10,2180.0
2017-04-11,1950.0
2017-04-12,1790.0
2017-04-13,1680.0
2017-04-14,1560.0
2017-04-15,1520.0
2017-04-16,1500.0
2017-04-17,1420.0
2017-04-18,1450.0
2017-04-19,1490.0
2017-04-20,1700.0
2017-04-21,1930.0
2017-04-22,2120.0
2017-04-23,3390.0
2017-04-24,8620.0
2017-04-25,8070.0
2017-04-26,5550.0
2017-04-27,3400.0
2017-04-28,2890.0
2017-04-29,2390.0
2017-04-30,2130.0
2017-05-01,2370.0
2017-05-02,3450.0
2017-05-03,2910.0
2017-05-04,2640.0
2017-05-05,6360.0
2017-05-06,5920.0
2017-05-07,4060.0
2017-05-08,3200.0
2017-05-09,2760.0
2017-05-10,2470.0
2017-05-11,2250.0
2017-05-12,2100.0
2017-05-13,2280.0
2017-05-14,2050.0
2017-05-15,1840.0
2017-05-16,1660.0
2017-05-17,1550.0
2017-05-18,1480.0
2017-05-19,1440.0
2017-05-20,1660.0
2017-05-21,3770.0
2017-05-22,5600.0
2017-05-23,4700.0
2017-05-24,4580.0
2017-05-25,5430.0
2017-05-26,4740.0
2017-05-27,3360.0
2017-05-28,2970.0
2017-05-29,2630.0
2017-05-30,2340.0
2017-05-31,2030.0
2017-06-01,1860.0
2017-06-02,1730.0
2017-06-03,1640.0
2017-06-04,1660.0
2017-06-05,1870.0
2017-06-06,1860.0
2017-06-07,1640.0
2017-06-08,1530.0
2017-06-09,1620.0
2017-06-10,1450.0
2017-06-11,1370.0
2017-06-12,1310.0
2017-06-13,1310.0
2017-06-14,1520.0
2017-06-15,1510.0
2017-06-16,1640.0
2017-06-17,1680.0
2017-06-18,1600.0
2017-06-19,1380.0
2017-06-20,1400.0
2017-06-21,1330.0
2017-06-22,1280.0
2017-06-23,1580.0
2017-06-24,1870.0
2017-06-25,1660.0
2017-06-26,1410.0
2017-06-27,1270.0
2017-06-28,1190.0
2017-06-29,1120.0
2017-06-30,1270.0
2017-07-01,1590.0
2017-07-02,2010.0
2017-07-03,1640.0
2017-07-04,2150.0
2017-07-05,1570.0
2017-07-06,1400.0
2017-07-07,1280.0
2017-07-08,1270.0
2017-07-09,2170.0
2017-07-10,1500.0
2017-07-11,1150.0
2017-07-12,1120.0
2017-07-13,1230.0
2017-07-14,1750.0
2017-07-15,2520.0
2017-07-16,2690.0
2017-07-17,2180.0
2017-07-18,1940.0
2017-07-19,1900.0
2017-07-20,1510.0
2017-07-21,1270.0
2017-07-22,1160.0
2017-07-23,1120.0
2017-07-24,1330.0
2017-07-25,1180.0
2017-07-26,1290.0
2017-07-27,1220.0
2017-07-28,1410.0
2017-07-29,1240.0
2017-07-30,1070.0
2017-07-31,970.0
2017-08-01,916.0
2017-08-02,891.0
2017-08-03,848.0
2017-08-04,821.0
2017-08-05,970.0
2017-08-06,867.0
2017-08-07,968.0
2017-08-08,1590.0
2017-08-09,1310.0
2017-08-10,1120.0
2017-08-11,1120.0
2017-08-12,2200.0
2017-08-13,2460.0
2017-08-14,1970.0
2017-08-15,1760.0
2017-08-16,1350.0
2017-08-17,1540.0
2017-08-18,1540.0
2017-08-19,1140.0
2017-08-20,1010.0
2017-08-21,929.0
2017-08-22,883.0
2017-08-23,850.0
2017-08-24,812.0
2017-08-25,778.0
2017-08-26,751.0
2017-08-27,748.0
2017-08-28,755.0
2017-08-29,734.0
2017-08-30,731.0
2017-08-31,955.0
2017-09-01,1410.0
2017-09-02,1730.0
2017-09-03,1430.0
2017-09-04,1020.0
2017-09-05,922.0
2017-09-06,1960.0
2017-09-07,2260.0
2017-09-08,1590.0
2017-09-09,1200.0
2017-09-10,1040.0
2017-09-11,1020.0
2017-09-12,5880.0
2017-09-13,5750.0
2017-09-14,3160.0
2017-09-15,2290.0
2017-09-16,1930.0
2017-09-17,1690.0
2017-09-18,1490.0
2017-09-19,1270.0
2017-09-20,1180.0
2017-09-21,1130.0
2017-09-22,1140.0
2017-09-23,1140.0
2017-09-24,1090.0
2017-09-25,988.0
2017-09-26,942.0
2017-09-27,913.0
2017-09-28,890.0
2017-09-29,856.0
2017-09-30,829.0
2017-10-01,808.0
2017-10-02,785.0
2017-10-03,760.0
2017-10-04,757.0
2017-10-05,747.0
2017-10-06,757.0
2017-10-07,840.0
2017-10-08,1120.0
2017-10-09,4040.0
2017-10-10,3870.0
2017-10-11,2700.0
2017-10-12,1960.0
2017-10-13,1650.0
2017-10-14,1380.0
2017-10-15,1280.0
2017-10-16,1290.0
2017-10-17,1250.0
2017-10-18,1140.0
2017-10-19,1080.0
2017-10-20,1040.0
2017-10-21,1010.0
2017-10-22,985.0
2017-10-23,6730.0
2017-10-24,11200.0
2017-10-25,9430.0
2017-10-26,8160.0
2017-10-27,4520.0
2017-10-28,2980.0
2017-10-29,8520.0
2017-10-30,6970.0
2017-10-31,4800.0
2017-11-01,3280.0
2017-11-02,2900.0
2017-11-03,2660.0
2017-11-04,2420.0
2017-11-05,2210.0
2017-11-06,2070.0
2017-11-07,2570.0
2017-11-08,2950.0
2017-11-09,2400.0
2017-11-10,2280.0
2017-11-11,2140.0
2017-11-12,1900.0
2017-11-13,1830.0
2017-11-14,1770.0
2017-11-15,1740.0
2017-11-16,1830.0
2017-11-17,1710.0
2017-11-18,1580.0
2017-11-19,1600.0
2017-11-20,1550.0
2017-11-21,1480.0
2017-11-22,1450.0
2017-11-23,1410.0
2017-11-24,1380.0
2017-11-25,1370.0
2017-11-26,1330.0
2017-11-27,1300.0
2017-11-28,1270.0
2017-11-29,1260.0
2017-11-30,1250.0
2017-12-01,1250.0
2017-12-02,1250.0
2017-12-03,1220.0
2017-12-04,1200.0
2017-12-05,1210.0
2017-12-06,1470.0
2017-12-07,1330.0
2017-12-08,1250.0
2017-12-09,1380.0
2017-12-10,1380.0
2017-12-11,1260.0
2017-12-12,1290.0
2017-12-13,1330.0
2017-12-14,1270.0
2017-12-15,1240.0
2017-12-16,1210.0
2017-12-17,1180.0
2017-12-18,1180.0
2017-12-19,1200.0
2017-12-20,1610.0
2017-12-21,2570.0
2017-12-22,2020.0
2017-12-23,1740.0
2017-12-24,1800.0
2017-12-25,1750.0
2017-12-26,1540.0
2017-12-27,1450.0
2017-12-28,1380.0
2017-12-29,1320.0
2017-12-30,1280.0
2017-12-31,1260.0
2018-01-01,1220.0
2018-01-02,1200.0
2018-01-03,1190.0
2018-01-04,1190.0
2018-01-05,1180.0
2018-01-06,1170.0
2018-01-07,1160.0
2018-01-08,1160.0
2018-01-09,1200.0
2018-01-10,1250.0
2018-01-11,1740.0
2018-01-12,7390.0
2018-01-13,7470.0
2018-01-14,6680.0
2018-01-15,5150.0
2018-01-16,3030.0
2018-01-17,2500.0
2018-01-18,2190.0
2018-01-19,2080.0
2018-01-20,2000.0
2018-01-21,1910.0
2018-01-22,1850.0
2018-01-23,2980.0
2018-01-24,3120.0
2018-01-25,2490.0
2018-01-26,2250.0
2018-01-27,2140.0
2018-01-28,2340.0
2018-01-29,3070.0
2018-01-30,2730.0
2018-01-31,2400.0
2018-02-01,2190.0
2018-02-02,2140.0
2018-02-03,2000.0
2018-02-04,2510.0
2018-02-05,3660.0
2018-02-06,2790.0
2018-02-07,3810.0
2018-02-08,5600.0
2018-02-09,4360.0
2018-02-10,3460.0
2018-02-11,8270.0
2018-02-12,9080.0
2018-02-13,8440.0
2018-02-14,7900.0
2018-02-15,6740.0
2018-02-16,4660.0
2018-02-17,3800.0
2018-02-18,3520.0
2018-02-19,3200.0
2018-02-20,3050.0
2018-02-21,2850.0
2018-02-22,2910.0
2018-02-23,2770.0
2018-02-24,2620.0
2018-02-25,2560.0
2018-02-26,2530.0
2018-02-27,2400.0
2018-02-28,2320.0
2018-03-01,3690.0
2018-03-02,3850.0
2018-03-03,3030.0
2018-03-04,2680.0
2018-03-05,2520.0
2018-03-06,2500.0
2018-03-07,2830.0
2018-03-08,2530.0
2018-03-09,2340.0
2018-03-10,2260.0
2018-03-11,2210.0
2018-03-12,2440.0
2018-03-13,2460.0
2018-03-14,2320.0
2018-03-15,2220.0
2018-03-16,2160.0
2018-03-17,2100.0
2018-03-18,2070.0
2018-03-19,2030.0
2018-03-20,2300.0
2018-03-21,2420.0
2018-03-22,2130.0
2018-03-23,2000.0
2018-03-24,1920.0
2018-03-25,2270.0
2018-03-26,2310.0
2018-03-27,2150.0
2018-03-28,2100.0
2018-03-29,2050.0
2018-03-30,2110.0
2018-03-31,1990.0
2018-04-01,1840.0
2018-04-02,1810.0
2018-04-03,1830.0
2018-04-04,1840.0
2018-04-05,1740.0
2018-04-06,1660.0
2018-04-07,1760.0
2018-04-08,1780.0
2018-04-09,1680.0
2018-04-10,1630.0
2018-04-11,1570.0
2018-04-12,1530.0
2018-04-13,1500.0
2018-04-14,1480.0
2018-04-15,2390.0
2018-04-16,4480.0
2018-04-17,3450.0
2018-04-18,2590.0
2018-04-19,2290.0
2018-04-20,2110.0
2018-04-21,1990.0
2018-04-22,1900.0
2018-04-23,2450.0
2018-04-24,6920.0
2018-04-25,7510.0
2018-04-26,6660.0
2018-04-27,4950.0
2018-04-28,3730.0
2018-04-29,3160.0
2018-04-30,2850.0
2018-05-01,2660.0
2018-05-02,2510.0
2018-05-03,2390.0
2018-05-04,2280.0
2018-05-05,2140.0
2018-05-06,2120.0
2018-05-07,2010.0
2018-05-08,1970.0
2018-05-09,2000.0
2018-05-10,1990.0
2018-05-11,2020.0
2018-05-12,2240.0
2018-05-13,1920.0
2018-05-14,1770.0
2018-05-15,1700.0
2018-05-16,6300.0
2018-05-17,8660.0
2018-05-18,12500.0
2018-05-19,16000.0
2018-05-20,13100.0
2018-05-21,9330.0
2018-05-22,6770.0
2018-05-23,4770.0
2018-05-24,4000.0
2018-05-25,3610.0
2018-05-26,3510.0
2018-05-27,5610.0
2018-05-28,5860.0
2018-05-29,10400.0
2018-05-30,18900.0
2018-05-31,17800.0
2018-06-01,15800.0
2018-06-02,13300.0
2018-06-03,10600.0
2018-06-04,8250.0
2018-06-05,6470.0
2018-06-06,4960.0
2018-06-07,4190.0
2018-06-08,3820.0
2018-06-09,3560.0
2018-06-10,3420.0
2018-06-11,3450.0
2018-06-12,3560.0
2018-06-13,3370.0
2018-06-14,3430.0
2018-06-15,2850.0
2018-06-16,2670.0
2018-06-17,2720.0
2018-06-18,2700.0
2018-06-19,2620.0
2018-06-20,2650.0
2018-06-21,2580.0
2018-06-22,2400.0
2018-06-23,2260.0
2018-06-24,2210.0
2018-06-25,2220.0
2018-06-26,2690.0
2018-06-27,2940.0
2018-06-28,2580.0
2018-06-29,2370.0
2018-06-30,2090.0
2018-07-01,1980.0
2018-07-02,2130.0
2018-07-03,2020.0
2018-07-04,1850.0
2018-07-05,1820.0
2018-07-06,1890.0
2018-07-07,2110.0
2018-07-08,2280.0
2018-07-09,1890.0
2018-07-10,1690.0
2018-07-11,1600.0
2018-07-12,1580.0
2018-07-13,1990.0
2018-07-14,1770.0
2018-07-15,1720.0
2018-07-16,1670.0
2018-07-17,2190.0
2018-07-18,2020.0
2018-07-19,1680.0
2018-07-20,1550.0
2018-07-21,1710.0
2018-07-22,2040.0
2018-07-23,2090.0
2018-07-24,2040.0
2018-07-25,2520.0
2018-07-26,2160.0
2018-07-27,1830.0
2018-07-28,1630.0
2018-07-29,1460.0
2018-07-30,1430.0
2018-07-31,1970.0
2018-08-01,2630.0
2018-08-02,7250.0
2018-08-03,8970.0
2018-08-04,8880.0
2018-08-05,7290.0
2018-08-06,6130.0
2018-08-07,4030.0
2018-08-08,3550.0
2018-08-09,3750.0
2018-08-10,3260.0
2018-08-11,4380.0
2018-08-12,3390.0
2018-08-13,2910.0
2018-08-14,2570.0
2018-08-15,2320.0
2018-08-16,2090.0
2018-08-17,2080.0
2018-08-18,2120.0
2018-08-19,2080.0
2018-08-20,2290.0
2018-08-21,2370.0
2018-08-22,2020.0
2018-08-23,1780.0
2018-08-24,1610.0
2018-08-25,1520.0
2018-08-26,1490.0
2018-08-27,1630.0
2018-08-28,1430.0
2018-08-29,1370.0
2018-08-30,1400.0
2018-08-31,1540.0
2018-09-01,1380.0
2018-09-02,1300.0
2018-09-03,1280.0
2018-09-04,1230.0
2018-09-05,1230.0
2018-09-06,1230.0
2018-09-07,1200.0
2018-09-08,1210.0
2018-09-09,1230.0
2018-09-10,1420.0
2018-09-11,1870.0
2018-09-12,2320.0
2018-09-13,2130.0
2018-09-14,1940.0
2018-09-15,1860.0
2018-09-16,4280.0
2018-09-17,8010.0
2018-09-18,4240.0
2018-09-19,2770.0
2018-09-20,2150.0
2018-09-21,1870.0
2018-09-22,1720.0
2018-09-23,1630.0
2018-09-24,1580.0
2018-09-25,1910.0
2018-09-26,2080.0
2018-09-27,1920.0
2018-09-28,2260.0
2018-09-29,2140.0
2018-09-30,2110.0
2018-10-01,2150.0
2018-10-02,1910.0
2018-10-03,1690.0
2018-10-04,1780.0
2018-10-05,1670.0
2018-10-06,1520.0
2018-10-07,1470.0
2018-10-08,1520.0
2018-10-09,1480.0
2018-10-10,1930.0
2018-10-11,10600.0
2018-10-12,11500.0
2018-10-13,8370.0
2018-10-14,4050.0
2018-10-15,3090.0
2018-10-16,2600.0
2018-10-17,2890.0
2018-10-18,2450.0
2018-10-19,2130.0
2018-10-20,2010.0
2018-10-21,1850.0
2018-10-22,1740.0
2018-10-23,1680.0
2018-10-24,1640.0
2018-10-25,1570.0
2018-10-26,3590.0
2018-10-27,5510.0
2018-10-28,3650.0
2018-10-29,2640.0
2018-10-30,2430.0
2018-10-31,2250.0
2018-11-01,2170.0
2018-11-02,2500.0
2018-11-03,2680.0
2018-11-04,2300.0
2018-11-05,2150.0
2018-11-06,2630.0
2018-11-07,2990.0
2018-11-08,2550.0
2018-11-09,2560.0
2018-11-10,3080.0
2018-11-11,2620.0
2018-11-12,3440.0
2018-11-13,7180.0
2018-11-14,6390.0
2018-11-15,7850.0
2018-11-16,7540.0
2018-11-17,6300.0
2018-11-18,4510.0
2018-11-19,3770.0
2018-11-20,3410.0
2018-11-21,3090.0
2018-11-22,2770.0
2018-11-23,2630.0
2018-11-24,5290.0
2018-11-25,5790.0
2018-11-26,4300.0
2018-11-27,3570.0
2018-11-28,3210.0
2018-11-29,2890.0
2018-11-30,2710.0
2018-12-01,2860.0
2018-12-02,3600.0
2018-12-03,3490.0
2018-12-04,3110.0
2018-12-05,2770.0
2018-12-06,2620.0
2018-12-07,2490.0
2018-12-08,2420.0
2018-12-09,2760.0
2018-12-10,3440.0
2018-12-11,3580.0
2018-12-12,3080.0
2018-12-13,2870.0
2018-12-14,3510.0
2018-12-15,6550.0
2018-12-16,7170.0
2018-12-17,6290.0
2018-12-18,5030.0
2018-12-19,4270.0
2018-12-20,4710.0
2018-12-21,9720.0
2018-12-22,10500.0
2018-12-23,8980.0
2018-12-24,7450.0
2018-12-25,5520.0
2018-12-26,4420.0
2018-12-27,4070.0
2018-12-28,16800.0
2018-12-29,21600.0
2018-12-30,18300.0
2018-12-31,13300.0
2019-01-01,9720.0
2019-01-02,7870.0
2019-01-03,7860.0
2019-01-04,7620.0
2019-01-05,8430.0
2019-01-06,7960.0
2019-01-07,7340.0
2019-01-08,6350.0
2019-01-09,5430.0
2019-01-10,4880.0
2019-01-11,4510.0
2019-01-12,4170.0
2019-01-13,5150.0
2019-01-14,5110.0
2019-01-15,4520.0
2019-01-16,4190.0
2019-01-17,4000.0
2019-01-18,3890.0
2019-01-19,3970.0
2019-01-20,6590.0
2019-01-21,6210.0
2019-01-22,5410.0
2019-01-23,4610.0
2019-01-24,7350.0
2019-01-25,7260.0
2019-01-26,6720.0
2019-01-27,5760.0
2019-01-28,4750.0
2019-01-29,4440.0
2019-01-30,4180.0
2019-01-31,3920.0
2019-02-01,3770.0
2019-02-02,3580.0
2019-02-03,3480.0
2019-02-04,3390.0
2019-02-05,3310.0
2019-02-06,3240.0
2019-02-07,3160.0
2019-02-08,3080.0
2019-02-09,2940.0
2019-02-10,2860.0
2019-02-11,3000.0
2019-02-12,3560.0
2019-02-13,4350.0
2019-02-14,3660.0
2019-02-15,3320.0
2019-02-16,3510.0
2019-02-17,3560.0
2019-02-18,6300.0
2019-02-19,5770.0
2019-02-20,7370.0
2019-02-21,9170.0
2019-02-22,11600.0
2019-02-23,12900.0
2019-02-24,12500.0
2019-02-25,10700.0
2019-02-26,8910.0
2019-02-27,7390.0
2019-02-28,6110.0
2019-03-01,5630.0
2019-03-02,5630.0
2019-03-03,5230.0
2019-03-04,5630.0
2019-03-05,5020.0
2019-03-06,4410.0
2019-03-07,4120.0
2019-03-08,4040.0
2019-03-09,4410.0
2019-03-10,4520.0
2019-03-11,4240.0
2019-03-12,3970.0
2019-03-13,3800.0
2019-03-14,3790.0
2019-03-15,4550.0
2019-03-16,5220.0
2019-03-17,4690.0
2019-03-18,4050.0
2019-03-19,3810.0
2019-03-20,3640.0
2019-03-21,3510.0
2019-03-22,3460.0
2019-03-23,3240.0
2019-03-24,3110.0
2019-03-25,3070.0
2019-03-26,3130.0
2019-03-27,2970.0
2019-03-28,2850.0
2019-03-29,2810.0
2019-03-30,2770.0
2019-03-31,2850.0
2019-04-01,2740.0
2019-04-02,2620.0
2019-04-03,2580.0
2019-04-04,2540.0
2019-04-05,2670.0
2019-04-06,2820.0
2019-04-07,2620.0
2019-04-08,2760.0
2019-04-09,4150.0
2019-04-10,4030.0
2019-04-11,3380.0
2019-04-12,3010.0
2019-04-13,2980.0
2019-04-14,4770.0
2019-04-15,8080.0
2019-04-16,7100.0
2019-04-17,5530.0
2019-04-18,4080.0
2019-04-19,14000.0
2019-04-20,20500.0
2019-04-21,17000.0
2019-04-22,12700.0
2019-04-23,8760.0
2019-04-24,6490.0
2019-04-25,5050.0
2019-04-26,4600.0
2019-04-27,4130.0
2019-04-28,3850.0
2019-04-29,3640.0
2019-04-30,3580.0
2019-05-01,3420.0
2019-05-02,3220.0
2019-05-03,3130.0
2019-05-04,3270.0
2019-05-05,4080.0
2019-05-06,3660.0
2019-05-07,3150.0
2019-05-08,3010.0
2019-05-09,2920.0
2019-05-10,2850.0
2019-05-11,4160.0
2019-05-12,6010.0
2019-05-13,4880.0
2019-05-14,3760.0
2019-05-15,3320.0
2019-05-16,3090.0
2019-05-17,2920.0
2019-05-18,2720.0
2019-05-19,2580.0
2019-05-20,2460.0
2019-05-21,2380.0
2019-05-22,2290.0
2019-05-23,2260.0
2019-05-24,2250.0
2019-05-25,2150.0
2019-05-26,2090.0
2019-05-27,2010.0
2019-05-28,1950.0
2019-05-29,1880.0
2019-05-30,1810.0
2019-05-31,1740.0
2019-06-01,1720.0
2019-06-02,1690.0
2019-06-03,1670.0
2019-06-04,1580.0
2019-06-05,1620.0
2019-06-06,1910.0
2019-06-07,2280.0
2019-06-08,3270.0
2019-06-09,5110.0
2019-06-10,7790.0
2019-06-11,6090.0
2019-06-12,3570.0
2019-06-13,2870.0
2019-06-14,2520.0
2019-06-15,2200.0
2019-06-16,2100.0
2019-06-17,2050.0
2019-06-18,3630.0
2019-06-19,5120.0
2019-06-20,4540.0
2019-06-21,3140.0
2019-06-22,3110.0
2019-06-23,2840.0
2019-06-24,2600.0
2019-06-25,2750.0
2019-06-26,2390.0
2019-06-27,2210.0
2019-06-28,2090.0
2019-06-29,1980.0
2019-06-30,1870.0
2019-07-01,1780.0
2019-07-02,1680.0
2019-07-03,1840.0
2019-07-04,2050.0
2019-07-05,1810.0
2019-07-06,2160.0
2019-07-07,2230.0
2019-07-08,1770.0
2019-07-09,1620.0
2019-07-10,1540.0
2019-07-11,1780.0
2019-07-12,1820.0
2019-07-13,1890.0
2019-07-14,2100.0
2019-07-15,2200.0
2019-07-16,2150.0
2019-07-17,1860.0
2019-07-18,1910.0
2019-07-19,1710.0
2019-07-20,1480.0
2019-07-21,1410.0
2019-07-22,1550.0
2019-07-23,2540.0
2019-07-24,2300.0
2019-07-25,1720.0
2019-07-26,1460.0
2019-07-27,1370.0
2019-07-28,1330.0
2019-07-29,1290.0
2019-07-30,1230.0
2019-07-31,1250.0
2019-08-01,1360.0
2019-08-02,1550.0
2019-08-03,1430.0
2019-08-04,1560.0
2019-08-05,2300.0
2019-08-06,1800.0
2019-08-07,1570.0
2019-08-08,1380.0
2019-08-09,1210.0
2019-08-10,1250.0
2019-08-11,1230.0
2019-08-12,1190.0
2019-08-13,1230.0
2019-08-14,1170.0
2019-08-15,1430.0
2019-08-16,1210.0
2019-08-17,1170.0
2019-08-18,1130.0
2019-08-19,1180.0
2019-08-20,1240.0
2019-08-21,1160.0
2019-08-22,1490.0
2019-08-23,3040.0
2019-08-24,3640.0
2019-08-25,1970.0
2019-08-26,1520.0
2019-08-27,1400.0
2019-08-28,1450.0
2019-08-29,1320.0
2019-08-30,1180.0
2019-08-31,1100.0
2019-09-01,1060.0
2019-09-02,1030.0
2019-09-03,996.0
2019-09-04,965.0
2019-09-05,935.0
2019-09-06,896.0
2019-09-07,860.0
2019-09-08,840.0
2019-09-09,826.0
2019-09-10,815.0
2019-09-11,796.0
2019-09-12,792.0
2019-09-13,792.0
2019-09-14,959.0
2019-09-15,1380.0
2019-09-16,1210.0
2019-09-17,904.0
2019-09-18,834.0
2019-09-19,821.0
2019-09-20,813.0
2019-09-21,798.0
2019-09-22,771.0
2019-09-23,743.0
2019-09-24,723.0
2019-09-25,709.0
2019-09-26,691.0
2019-09-27,680.0
2019-09-28,737.0
2019-09-29,964.0
2019-09-30,792.0
2019-10-01,995.0
2019-10-02,797.0
2019-10-03,732.0
2019-10-04,686.0
2019-10-05,669.0
2019-10-06,673.0
2019-10-07,712.0
2019-10-08,784.0
2019-10-09,886.0
2019-10-10,859.0
2019-10-11,764.0
2019-10-12,712.0
2019-10-13,697.0
2019-10-14,798.0
2019-10-15,813.0
2019-10-16,719.0
2019-10-17,698.0
2019-10-18,682.0
2019-10-19,734.0
2019-10-20,1990.0
2019-10-21,1780.0
2019-10-22,1720.0
2019-10-23,1960.0
2019-10-24,1350.0
2019-10-25,1070.0
2019-10-26,1270.0
2019-10-27,3900.0
2019-10-28,3570.0
2019-10-29,2110.0
2019-10-30,2010.0
2019-10-31,7100.0
2019-11-01,7590.0
2019-11-02,6960.0
2019-11-03,5140.0
2019-11-04,2560.0
2019-11-05,2020.0
2019-11-06,1800.0
2019-11-07,1680.0
2019-11-08,1640.0
2019-11-09,1530.0
2019-11-10,1420.0
2019-11-11,1360.0
2019-11-12,1440.0
2019-11-13,1610.0
2019-11-14,1370.0
2019-11-15,1290.0
2019-11-16,1270.0
2019-11-17,1250.0
2019-11-18,1220.0
2019-11-19,1190.0
2019-11-20,1160.0
2019-11-21,1110.0
2019-11-22,1090.0
2019-11-23,1380.0
2019-11-24,2790.0
2019-11-25,2070.0
2019-11-26,1610.0
2019-11-27,1570.0
2019-11-28,1630.0
2019-11-29,1470.0
2019-11-30,1410.0
2019-12-01,3600.0
2019-12-02,3240.0
2019-12-03,2310.0
2019-12-04,1990.0
2019-12-05,1800.0
2019-12-06,1660.0
2019-12-07,1570.0
2019-12-08,1490.0
2019-12-09,1390.0
2019-12-10,1630.0
2019-12-11,2080.0
2019-12-12,1810.0
2019-12-13,1810.0
2019-12-14,3590.0
2019-12-15,3490.0
2019-12-16,2490.0
2019-12-17,3050.0
2019-12-18,3410.0
2019-12-19,2700.0
2019-12-20,2360.0
2019-12-21,2150.0
2019-12-22,2010.0
2019-12-23,3430.0
2019-12-24,4800.0
2019-12-25,3530.0
2019-12-26,2830.0
2019-12-27,2480.0
2019-12-28,2270.0
2019-12-29,2300.0
2019-12-30,3260.0
2019-12-31,3750.0
2020-01-01,2980.0
2020-01-02,2570.0
2020-01-03,3610.0
2020-01-04,4150.0
2020-01-05,3540.0
2020-01-06,3000.0
2020-01-07,2720.0
2020-01-08,2570.0
2020-01-09,2340.0
2020-01-10,2200.0
2020-01-11,3100.0
2020-01-12,9410.0
2020-01-13,8620.0
2020-01-14,7850.0
2020-01-15,6500.0
2020-01-16,4470.0
2020-01-17,3650.0
2020-01-18,3290.0
2020-01-19,3230.0
2020-01-20,2980.0
2020-01-21,2720.0
2020-01-22,2560.0
2020-01-23,2470.0
2020-01-24,3980.0
2020-01-25,6360.0
2020-01-26,5820.0
2020-01-27,4150.0
2020-01-28,3360.0
2020-01-29,3000.0
2020-01-30,2720.0
2020-01-31,2610.0
2020-02-01,2610.0
2020-02-02,2500.0
2020-02-03,2380.0
2020-02-04,2350.0
2020-02-05,2530.0
2020-02-06,10600.0
2020-02-07,15300.0
2020-02-08,12100.0
2020-02-09,10000.0
2020-02-10,7400.0
2020-02-11,6400.0
2020-02-12,6460.0
2020-02-13,8300.0
2020-02-14,8870.0
2020-02-15,7600.0
2020-02-16,6710.0
2020-02-17,5270.0
2020-02-18,4350.0
2020-02-19,4260.0
2020-02-20,3980.0
2020-02-21,3810.0
2020-02-22,3510.0
2020-02-23,3320.0
2020-02-24,3230.0
2020-02-25,3840.0
2020-02-26,3780.0
2020-02-27,3400.0
2020-02-28,3160.0
2020-02-29,3030.0
2020-03-01,2870.0
2020-03-02,2770.0
2020-03-03,3350.0
2020-03-04,3520.0
2020-03-05,2990.0
2020-03-06,2840.0
2020-03-07,2690.0
2020-03-08,2550.0
2020-03-09,2480.0
2020-03-10,2450.0
2020-03-11,2420.0
2020-03-12,2380.0
2020-03-13,2320.0
2020-03-14,2240.0
2020-03-15,2160.0
2020-03-16,2120.0
2020-03-17,2230.0
2020-03-18,2290.0
2020-03-19,2190.0
2020-03-20,2150.0
2020-03-21,2120.0
2020-03-22,2000.0
2020-03-23,2510.0
2020-03-24,3150.0
2020-03-25,6700.0
2020-03-26,5520.0
2020-03-27,3780.0
2020-03-28,3160.0
2020-03-29,2890.0
2020-03-30,2680.0
2020-03-31,2540.0
2020-04-01,2480.0
2020-04-02,2330.0
2020-04-03,2220.0
2020-04-04,2140.0
2020-04-05,2090.0
2020-04-06,2030.0
2020-04-07,1910.0
2020-04-08,1870.0
2020-04-09,1830.0
2020-04-10,1760.0
2020-04-11,1680.0
2020-04-12,1880.0
2020-04-13,10600.0
2020-04-14,8160.0
2020-04-15,6870.0
2020-04-16,5530.0
2020-04-17,3490.0
2020-04-18,3200.0
2020-04-19,2960.0
2020-04-20,3290.0
2020-04-21,3100.0
2020-04-22,2740.0
2020-04-23,2960.0
2020-04-24,3440.0
2020-04-25,3180.0
2020-04-26,2980.0
2020-04-27,2810.0
2020-04-28,2610.0
2020-04-29,3130.0
2020-04-30,8580.0
2020-05-01,7110.0
2020-05-02,4830.0
2020-05-03,3700.0
2020-05-04,3300.0
2020-05-05,3130.0
2020-05-06,3180.0
2020-05-07,3020.0
2020-05-08,2720.0
2020-05-09,2630.0
2020-05-10,2490.0
2020-05-11,2390.0
2020-05-12,2310.0
2020-05-13,2250.0
2020-05-14,2210.0
2020-05-15,2160.0
2020-05-16,2070.0
2020-05-17,2020.0
2020-05-18,2490.0
2020-05-19,5210.0
2020-05-20,8670.0
2020-05-21,11400.0
2020-05-22,9860.0
2020-05-23,7910.0
2020-05-24,5610.0
2020-05-25,5050.0
2020-05-26,4340.0
2020-05-27,4240.0
2020-05-28,4070.0
2020-05-29,3910.0
2020-05-30,3550.0
2020-05-31,3240.0
2020-06-01,2940.0
2020-06-02,2770.0
2020-06-03,2650.0
2020-06-04,2600.0
2020-06-05,2610.0
2020-06-06,2830.0
2020-06-07,2460.0
2020-06-08,2340.0
2020-06-09,2290.0
2020-06-10,2400.0
2020-06-11,2810.0
2020-06-12,2690.0
2020-06-13,2230.0
2020-06-14,2150.0
2020-06-15,2530.0
2020-06-16,2240.0
2020-06-17,2160.0
2020-06-18,2070.0
2020-06-19,2180.0
2020-06-20,2250.0
2020-06-21,2120.0
2020-06-22,2290.0
2020-06-23,2170.0
2020-06-24,2070.0
2020-06-25,1900.0
2020-06-26,1770.0
2020-06-27,1700.0
2020-06-28,1690.0
2020-06-29,1680.0
2020-06-30,1650.0
2020-07-01,1740.0
2020-07-02,1760.0
2020-07-03,1620.0
2020-07-04,1720.0
2020-07-05,1630.0
2020-07-06,1480.0
2020-07-07,1450.0
2020-07-08,1580.0
2020-07-09,1560.0
2020-07-10,1940.0
2020-07-11,2290.0
2020-07-12,1520.0
2020-07-13,1430.0
2020-07-14,1330.0
2020-07-15,1270.0
2020-07-16,1230.0
2020-07-17,1230.0
2020-07-18,1330.0
2020-07-19,1440.0
2020-07-20,1690.0
2020-07-21,1450.0
2020-07-22,1630.0
2020-07-23,1550.0
2020-07-24,1720.0
2020-07-25,1730.0
2020-07-26,2110.0
2020-07-27,1670.0
2020-07-28,1720.0
2020-07-29,1670.0
2020-07-30,1810.0
2020-07-31,2120.0
2020-08-01,3040.0
2020-08-02,1940.0
2020-08-03,2260.0
2020-08-04,2990.0
2020-08-05,3290.0
2020-08-06,3120.0
2020-08-07,2700.0
2020-08-08,2900.0
2020-08-09,2960.0
2020-08-10,2310.0
2020-08-11,1850.0
2020-08-12,1720.0
2020-08-13,3210.0
2020-08-14,3370.0
2020-08-15,3390.0
2020-08-16,3570.0
2020-08-17,2520.0
2020-08-18,2080.0
2020-08-19,2120.0
2020-08-20,2230.0
2020-08-21,3750.0
2020-08-22,5210.0
2020-08-23,4730.0
2020-08-24,3620.0
2020-08-25,3010.0
2020-08-26,3020.0
2020-08-27,2650.0
2020-08-28,2310.0
2020-08-29,2450.0
2020-08-30,2530.0
2020-08-31,2700.0
2020-09-01,3500.0
2020-09-02,2670.0
2020-09-03,2310.0
2020-09-04,2050.0
2020-09-05,1840.0
2020-09-06,1710.0
2020-09-07,1620.0
2020-09-08,1560.0
2020-09-09,1500.0
2020-09-10,1700.0
2020-09-11,1620.0
2020-09-12,1890.0
2020-09-13,4470.0
2020-09-14,5120.0
2020-09-15,4770.0
2020-09-16,3190.0
2020-09-17,5720.0
2020-09-18,8740.0
2020-09-19,7950.0
2020-09-20,6380.0
2020-09-21,3810.0
2020-09-22,2980.0
2020-09-23,2610.0
2020-09-24,2430.0
2020-09-25,6250.0
2020-09-26,5490.0
2020-09-27,3840.0
2020-09-28,3260.0
2020-09-29,4240.0
2020-09-30,5320.0
2020-10-01,4300.0
2020-10-02,3230.0
2020-10-03,2800.0
2020-10-04,2560.0
2020-10-05,2410.0
2020-10-06,2270.0
2020-10-07,2170.0
2020-10-08,2080.0
2020-10-09,1980.0
2020-10-10,2510.0
2020-10-11,6330.0
2020-10-12,6630.0
2020-10-13,5840.0
2020-10-14,4240.0
2020-10-15,3240.0
2020-10-16,2890.0
2020-10-17,2660.0
2020-10-18,2470.0
2020-10-19,2370.0
2020-10-20,2270.0
2020-10-21,2170.0
2020-10-22,2100.0
2020-10-23,2040.0
2020-10-24,2100.0
2020-10-25,3660.0
2020-10-26,2850.0
2020-10-27,2350.0
2020-10-28,2630.0
2020-10-29,11800.0
2020-10-30,11400.0
2020-10-31,10200.0
2020-11-01,8660.0
2020-11-02,5940.0
2020-11-03,3870.0
2020-11-04,3420.0
2020-11-05,3150.0
2020-11-06,2970.0
2020-11-07,2820.0
2020-11-08,2700.0
2020-11-09,2610.0
2020-11-10,2540.0
2020-11-11,4040.0
2020-11-12,6700.0
2020-11-13,6610.0
2020-11-14,5450.0
2020-11-15,3990.0
2020-11-16,3490.0
2020-11-17,3160.0
2020-11-18,2930.0
2020-11-19,2770.0
2020-11-20,2670.0
2020-11-21,2590.0
2020-11-22,2510.0
2020-11-23,2430.0
2020-11-24,2330.0
2020-11-25,2260.0
2020-11-26,2720.0
2020-11-27,2870.0
2020-11-28,2460.0
2020-11-29,2310.0
2020-11-30,3390.0
2020-12-01,3520.0
2020-12-02,2790.0
2020-12-03,2530.0
2020-12-04,2500.0
2020-12-05,3360.0
2020-12-06,2870.0
2020-12-07,2590.0
2020-12-08,2440.0
2020-12-09,2320.0
2020-12-10,2260.0
2020-12-11,2200.0
2020-12-12,2150.0
2020-12-13,2120.0
2020-12-14,4280.0
2020-12-15,4810.0
2020-12-16,3430.0
2020-12-17,3520.0
2020-12-18,3070.0
2020-12-19,2740.0
2020-12-20,2600.0
2020-12-21,2490.0
2020-12-22,2330.0
2020-12-23,2210.0
2020-12-24,3130.0
2020-12-25,6250.0
2020-12-26,5250.0
2020-12-27,3710.0
2020-12-28,3220.0
2020-12-29,2950.0
2020-12-30,2750.0
2020-12-31,2650.0
2021-01-01,4070.0
2021-01-02,7250.0
2021-01-03,6760.0
2021-01-04,5060.0
2021-01-05,3740.0
2021-01-06,3330.0
2021-01-07,3060.0
2021-01-08,3000.0
2021-01-09,2970.0
2021-01-10,2720.0
2021-01-11,2590.0
2021-01-12,2540.0
2021-01-13,2470.0
2021-01-14,2410.0
2021-01-15,2350.0
2021-01-16,2280.0
2021-01-17,2200.0
2021-01-18,2140.0
2021-01-19,2090.0
2021-01-20,2060.0
2021-01-21,2030.0
2021-01-22,2010.0
2021-01-23,1950.0
2021-01-24,1900.0
2021-01-25,1970.0
2021-01-26,2580.0
2021-01-27,2570.0
2021-01-28,2320.0
2021-01-29,2120.0
2021-01-30,2020.0
2021-01-31,2190.0
2021-02-01,2630.0
2021-02-02,2300.0
2021-02-03,2100.0
2021-02-04,2010.0
2021-02-05,1990.0
2021-02-06,1970.0
2021-02-07,2000.0
2021-02-08,2070.0
2021-02-09,1960.0
2021-02-10,1920.0
2021-02-11,1930.0
2021-02-12,2240.0
2021-02-13,3030.0
2021-02-14,3520.0
2021-02-15,3090.0
2021-02-16,4890.0
2021-02-17,4070.0
2021-02-18,5210.0
2021-02-19,5380.0
2021-02-20,4010.0
2021-02-21,3350.0
2021-02-22,3190.0
2021-02-23,3150.0
2021-02-24,2850.0
2021-02-25,2610.0
2021-02-26,2600.0
2021-02-27,3520.0
2021-02-28,3080.0
2021-03-01,3500.0
2021-03-02,3350.0
2021-03-03,2920.0
2021-03-04,2720.0
2021-03-05,2500.0
2021-03-06,2340.0
2021-03-07,2250.0
2021-03-08,2170.0
2021-03-09,2100.0
2021-03-10,2050.0
2021-03-11,2000.0
2021-03-12,1970.0
2021-03-13,1950.0
2021-03-14,1950.0
2021-03-15,1910.0
2021-03-16,2430.0
2021-03-17,2870.0
2021-03-18,6230.0
2021-03-19,7520.0
2021-03-20,5960.0
2021-03-21,3890.0
2021-03-22,3330.0
2021-03-23,3030.0
2021-03-24,2870.0
2021-03-25,4610.0
2021-03-26,15500.0
2021-03-27,13200.0
2021-03-28,11800.0
2021-03-29,8860.0
2021-03-30,6000.0
2021-03-31,6610.0
2021-04-01,7540.0
2021-04-02,6210.0
2021-04-03,4860.0
2021-04-04,4280.0
2021-04-05,3960.0
2021-04-06,3710.0
2021-04-07,3510.0
2021-04-08,3360.0
2021-04-09,3240.0
2021-04-10,3550.0
2021-04-11,5260.0
2021-04-12,4400.0
2021-04-13,3620.0
2021-04-14,3340.0
2021-04-15,3170.0
2021-04-16,3010.0
2021-04-17,2890.0
2021-04-18,2790.0
2021-04-19,2700.0
2021-04-20,2600.0
2021-04-21,2540.0
2021-04-22,2470.0
2021-04-23,2430.0
2021-04-24,2650.0
2021-04-25,3220.0
2021-04-26,2720.0
2021-04-27,2450.0
2021-04-28,2370.0
2021-04-29,2320.0
2021-04-30,2280.0
2021-05-01,2180.0
2021-05-02,2130.0
2021-05-03,2990.0
2021-05-04,3900.0
2021-05-05,4020.0
2021-05-06,3270.0
2021-05-07,2770.0
2021-05-08,2540.0
2021-05-09,2410.0
2021-05-10,2440.0
2021-05-11,2310.0
2021-05-12,2480.0
2021-05-13,2620.0
2021-05-14,2310.0
2021-05-15,2180.0
2021-05-16,2110.0
2021-05-17,2070.0
2021-05-18,2010.0
2021-05-19,1970.0
2021-05-20,1920.0
2021-05-21,1850.0
2021-05-22,1790.0
2021-05-23,1760.0
2021-05-24,1720.0
2021-05-25,1710.0
2021-05-26,1670.0
2021-05-27,1610.0
2021-05-28,1650.0
2021-05-29,1960.0
2021-05-30,1730.0
2021-05-31,1580.0
2021-06-01,1520.0
2021-06-02,1490.0
2021-06-03,1480.0
2021-06-04,1530.0
2021-06-05,1490.0
2021-06-06,1490.0
2021-06-07,1480.0
2021-06-08,1570.0
2021-06-09,1980.0
2021-06-10,1850.0
2021-06-11,1830.0
2021-06-12,2250.0
2021-06-13,2090.0
2021-06-14,1620.0
2021-06-15,1470.0
2021-06-16,1400.0
2021-06-17,1300.0
2021-06-18,1250.0
2021-06-19,1220.0
2021-06-20,1340.0
2021-06-21,1690.0
2021-06-22,1650.0
2021-06-23,1500.0
2021-06-24,1320.0
2021-06-25,1230.0
2021-06-26,1210.0
2021-06-27,1190.0
2021-06-28,1300.0
2021-06-29,1230.0
2021-06-30,1570.0
2021-07-01,1550.0
2021-07-02,1670.0
2021-07-03,1430.0
2021-07-04,1250.0
2021-07-05,1150.0
2021-07-06,1090.0
2021-07-07,1040.0
2021-07-08,1070.0
2021-07-09,1190.0
2021-07-10,1190.0
2021-07-11,1670.0
2021-07-12,1420.0
2021-07-13,1320.0
2021-07-14,1400.0
2021-07-15,2120.0
2021-07-16,1420.0
2021-07-17,1350.0
2021-07-18,1650.0
2021-07-19,2010.0
2021-07-20,1870.0
2021-07-21,1740.0
2021-07-22,1400.0
2021-07-23,1350.0
2021-07-24,1410.0
2021-07-25,1380.0
2021-07-26,1330.0
2021-07-27,2290.0
2021-07-28,1860.0
2021-07-29,1380.0
2021-07-30,1170.0
2021-07-31,1080.0
2021-08-01,1040.0
2021-08-02,996.0
2021-08-03,1010.0
2021-08-04,1160.0
2021-08-05,1030.0
2021-08-06,993.0
2021-08-07,970.0
2021-08-08,1040.0
2021-08-09,1010.0
2021-08-10,1040.0
2021-08-11,1120.0
2021-08-12,1080.0
2021-08-13,974.0
2021-08-14,1220.0
2021-08-15,2010.0
2021-08-16,3850.0
2021-08-17,10900.0
2021-08-18,18100.0
2021-08-19,11700.0
2021-08-20,11300.0
2021-08-21,8570.0
2021-08-22,5220.0
2021-08-23,3050.0
2021-08-24,2470.0
2021-08-25,2170.0
2021-08-26,2140.0
2021-08-27,2230.0
2021-08-28,1810.0
2021-08-29,1640.0
2021-08-30,1530.0
2021-08-31,1530.0
2021-09-01,3790.0
2021-09-02,4440.0
2021-09-03,3020.0
2021-09-04,2230.0
2021-09-05,1980.0
2021-09-06,1820.0
2021-09-07,1690.0
2021-09-08,1680.0
2021-09-09,1780.0
2021-09-10,1520.0
2021-09-11,1410.0
2021-09-12,1350.0
2021-09-13,1310.0
2021-09-14,1280.0
2021-09-15,1250.0
2021-09-16,1300.0
2021-09-17,1360.0
2021-09-18,1320.0
2021-09-19,1270.0
2021-09-20,1370.0
2021-09-21,1690.0
2021-09-22,2370.0
2021-09-23,2310.0
2021-09-24,1820.0
2021-09-25,1540.0
2021-09-26,1400.0
2021-09-27,1320.0
2021-09-28,1250.0
2021-09-29,1200.0
2021-09-30,1170.0
2021-10-01,1130.0
2021-10-02,1110.0
2021-10-03,1110.0
2021-10-04,1220.0
2021-10-05,1370.0
2021-10-06,2620.0
2021-10-07,9920.0
2021-10-08,10700.0
2021-10-09,8930.0
2021-10-10,7050.0
2021-10-11,4310.0
2021-10-12,2990.0
2021-10-13,2570.0
2021-10-14,2310.0
2021-10-15,2140.0
2021-10-16,2010.0
2021-10-17,1860.0
2021-10-18,1760.0
2021-10-19,1700.0
2021-10-20,1630.0
2021-10-21,1580.0
2021-10-22,1560.0
2021-10-23,1520.0
2021-10-24,1470.0
2021-10-25,1430.0
2021-10-26,1410.0
2021-10-27,1380.0
2021-10-28,1370.0
2021-10-29,1770.0
2021-10-30,1740.0
2021-10-31,1520.0
2021-11-01,1400.0
2021-11-02,1350.0
2021-11-03,1320.0
2021-11-04,1320.0
2021-11-05,1340.0
2021-11-06,1310.0
2021-11-07,1270.0
2021-11-08,1240.0
2021-11-09,1220.0
2021-11-10,1200.0
2021-11-11,1210.0
2021-11-12,1610.0
2021-11-13,1560.0
2021-11-14,1330.0
2021-11-15,1240.0
2021-11-16,1210.0
2021-11-17,1190.0
2021-11-18,1190.0
2021-11-19,1170.0
2021-11-20,1150.0
2021-11-21,1140.0
2021-11-22,1160.0
2021-11-23,1150.0
2021-11-24,1120.0
2021-11-25,1100.0
2021-11-26,1090.0
2021-11-27,1070.0
2021-11-28,1070.0
2021-11-29,1050.0
2021-11-30,1050.0
2021-12-01,1040.0
2021-12-02,1040.0
2021-12-03,1020.0
2021-12-04,1020.0
2021-12-05,1010.0
2021-12-06,1000.0
2021-12-07,1000.0
2021-12-08,991.0
2021-12-09,1020.0
2021-12-10,1000.0
2021-12-11,1020.0
2021-12-12,1170.0
2021-12-13,1170.0
2021-12-14,1040.0
2021-12-15,994.0
2021-12-16,987.0
2021-12-17,987.0
2021-12-18,1030.0
2021-12-19,1220.0
2021-12-20,1280.0
2021-12-21,1140.0
2021-12-22,1090.0
2021-12-23,1060.0
2021-12-24,1020.0
2021-12-25,1000.0
2021-12-26,999.0
2021-12-27,982.0
2021-12-28,969.0
2021-12-29,974.0
2021-12-30,1130.0
2021-12-31,1150.0
2022-01-01,1070.0
2022-01-02,1620.0
2022-01-03,2970.0
2022-01-04,2370.0
2022-01-05,1760.0
2022-01-06,1500.0
2022-01-07,1380.0
2022-01-08,1280.0
2022-01-09,1280.0
2022-01-10,1600.0
2022-01-11,1560.0
2022-01-12,1350.0
2022-01-13,1280.0
2022-01-14,1240.0
2022-01-15,1190.0
2022-01-16,1240.0
2022-01-17,1400.0
2022-01-18,1310.0
2022-01-19,1240.0
2022-01-20,1480.0
2022-01-21,1680.0
2022-01-22,1520.0
2022-01-23,1390.0
2022-01-24,1330.0
2022-01-25,1310.0
2022-01-26,1330.0
2022-01-27,1320.0
2022-01-28,1270.0
2022-01-29,1250.0
2022-01-30,1180.0
2022-01-31,1180.0
2022-02-01,1150.0
2022-02-02,1130.0
2022-02-03,1700.0
2022-02-04,8730.0
2022-02-05,8240.0
2022-02-06,7230.0
2022-02-07,5700.0
2022-02-08,3010.0
2022-02-09,2480.0
2022-02-10,2230.0
2022-02-11,2050.0
2022-02-12,1910.0
2022-02-13,1800.0
2022-02-14,1700.0
2022-02-15,1620.0
2022-02-16,1560.0
2022-02-17,1560.0
2022-02-18,2700.0
2022-02-19,2870.0
2022-02-20,2130.0
2022-02-21,1910.0
2022-02-22,1810.0
2022-02-23,3000.0
2022-02-24,2710.0
2022-02-25,2400.0
2022-02-26,2170.0
2022-02-27,2640.0
2022-02-28,2840.0
2022-03-01,2390.0
2022-03-02,2160.0
2022-03-03,2010.0
2022-03-04,1880.0
2022-03-05,1780.0
2022-03-06,1710.0
2022-03-07,1690.0
2022-03-08,1800.0
2022-03-09,3760.0
2022-03-10,4080.0
2022-03-11,2860.0
2022-03-12,2660.0
2022-03-13,2430.0
2022-03-14,2170.0
2022-03-15,2040.0
2022-03-16,2390.0
2022-03-17,3070.0
2022-03-18,2550.0
2022-03-19,2360.0
2022-03-20,2220.0
2022-03-21,2090.0
2022-03-22,2010.0
2022-03-23,3750.0
2022-03-24,7680.0
2022-03-25,7610.0
2022-03-26,6590.0
2022-03-27,4000.0
2022-03-28,3030.0
2022-03-29,2720.0
2022-03-30,2540.0
2022-03-31,3610.0
2022-04-01,4680.0
2022-04-02,3610.0
2022-04-03,2970.0
2022-04-04,2700.0
2022-04-05,2680.0
2022-04-06,3310.0
2022-04-07,2930.0
2022-04-08,2640.0
2022-04-09,2460.0
2022-04-10,2350.0
2022-04-11,2240.0
2022-04-12,2230.0
2022-04-13,2200.0
2022-04-14,2110.0
2022-04-15,2030.0
2022-04-16,1990.0
2022-04-17,1960.0
2022-04-18,2860.0
2022-04-19,3140.0
2022-04-20,2450.0
2022-04-21,2210.0
2022-04-22,2110.0
2022-04-23,2030.0
2022-04-24,1920.0
2022-04-25,1850.0
2022-04-26,1830.0
2022-04-27,1790.0
2022-04-28,1700.0
2022-04-29,1660.0
2022-04-30,1640.0
2022-05-01,1600.0
2022-05-02,1580.0
2022-05-03,1570.0
2022-05-04,1540.0
2022-05-05,1480.0
2022-05-06,1800.0
2022-05-07,2060.0
2022-05-08,1680.0
2022-05-09,1520.0
2022-05-10,1450.0
2022-05-11,1420.0
2022-05-12,1380.0
2022-05-13,1360.0
2022-05-14,1460.0
2022-05-15,1560.0
2022-05-16,1600.0
2022-05-17,1410.0
2022-05-18,1320.0
2022-05-19,1330.0
2022-05-20,1250.0
2022-05-21,1210.0
2022-05-22,1440.0
2022-05-23,3310.0
2022-05-24,6090.0
2022-05-25,4110.0
2022-05-26,4460.0
2022-05-27,11200.0
2022-05-28,8650.0
2022-05-29,7680.0
2022-05-30,6800.0
2022-05-31,3940.0
2022-06-01,3020.0
2022-06-02,2720.0
2022-06-03,2740.0
2022-06-04,2590.0
2022-06-05,2340.0
2022-06-06,2130.0
2022-06-07,2010.0
2022-06-08,2000.0
2022-06-09,2160.0
2022-06-10,1850.0
2022-06-11,1660.0
2022-06-12,1590.0
2022-06-13,1540.0
2022-06-14,1550.0
2022-06-15,1590.0
2022-06-16,1460.0
2022-06-17,1730.0
2022-06-18,1590.0
2022-06-19,1350.0
2022-06-20,1260.0
2022-06-21,1210.0
2022-06-22,1190.0
2022-06-23,1150.0
2022-06-24,1120.0
2022-06-25,1110.0
2022-06-26,1170.0
2022-06-27,1170.0
2022-06-28,1120.0
2022-06-29,1140.0
2022-06-30,1220.0
2022-07-01,1210.0
2022-07-02,1290.0
2022-07-03,1430.0
2022-07-04,1640.0
2022-07-05,1920.0
2022-07-06,1980.0
2022-07-07,1920.0
2022-07-08,1850.0
2022-07-09,1550.0
2022-07-10,1800.0
2022-07-11,1700.0
2022-07-12,1700.0
2022-07-13,1790.0
2022-07-14,1740.0
2022-07-15,1290.0
2022-07-16,1310.0
2022-07-17,1220.0
2022-07-18,1260.0
2022-07-19,1300.0
2022-07-20,1400.0
2022-07-21,1250.0
2022-07-22,1090.0
2022-07-23,1010.0
2022-07-24,976.0
2022-07-25,948.0
2022-07-26,1010.0
2022-07-27,1080.0
2022-07-28,978.0
2022-07-29,1850.0
2022-07-30,1240.0
2022-07-31,3330.0
2022-08-01,1770.0
2022-08-02,1360.0
2022-08-03,1180.0
2022-08-04,1270.0
2022-08-05,1390.0
2022-08-06,1720.0
2022-08-07,2400.0
2022-08-08,1850.0
2022-08-09,1430.0
2022-08-10,1400.0
2022-08-11,1350.0
2022-08-12,1890.0
2022-08-13,1650.0
2022-08-14,1250.0
2022-08-15,1140.0
2022-08-16,1080.0
2022-08-17,1200.0
2022-08-18,1190.0
2022-08-19,1120.0
2022-08-20,1310.0
2022-08-21,1400.0
2022-08-22,2020.0
2022-08-23,1650.0
2022-08-24,1250.0
2022-08-25,1260.0
2022-08-26,1210.0
2022-08-27,1480.0
2022-08-28,1220.0
2022-08-29,1080.0
2022-08-30,1020.0
2022-08-31,993.0
2022-09-01,933.0
2022-09-02,882.0
2022-09-03,884.0
2022-09-04,1140.0
2022-09-05,4980.0
2022-09-06,6830.0
2022-09-07,6140.0
2022-09-08,5570.0
2022-09-09,3200.0
2022-09-10,2880.0
2022-09-11,3770.0
2022-09-12,2730.0
2022-09-13,2210.0
2022-09-14,1870.0
2022-09-15,1670.0
2022-09-16,1540.0
2022-09-17,1430.0
2022-09-18,1360.0
2022-09-19,1300.0
2022-09-20,1250.0
2022-09-21,1190.0
2022-09-22,1140.0
2022-09-23,1080.0
2022-09-24,1040.0
2022-09-25,1030.0
2022-09-26,1030.0
2022-09-27,989.0
2022-09-28,937.0
2022-09-29,916.0
2022-09-30,932.0
2022-10-01,1130.0
2022-10-02,987.0
2022-10-03,921.0
2022-10-04,896.0
2022-10-05,875.0
2022-10-06,849.0
2022-10-07,832.0
2022-10-08,808.0
2022-10-09,796.0
2022-10-10,791.0
2022-10-11,786.0
2022-10-12,780.0
2022-10-13,781.0
2022-10-14,778.0
2022-10-15,761.0
2022-10-16,748.0
2022-10-17,834.0
2022-10-18,756.0
2022-10-19,729.0
2022-10-20,727.0
2022-10-21,727.0
2022-10-22,727.0
2022-10-23,727.0
2022-10-24,727.0
2022-10-25,721.0
2022-10-26,720.0
2022-10-27,742.0
2022-10-28,736.0
2022-10-29,717.0
2022-10-30,717.0
2022-10-31,761.0
2022-11-01,999.0
2022-11-02,921.0
2022-11-03,787.0
2022-11-04,747.0
2022-11-05,755.0
2022-11-06,979.0
2022-11-07,1070.0
2022-11-08,925.0
2022-11-09,817.0
2022-11-10,774.0
2022-11-11,3570.0
2022-11-12,5860.0
2022-11-13,3880.0
2022-11-14,1880.0
2022-11-15,1560.0
2022-11-16,2030.0
2022-11-17,1790.0
2022-11-18,1470.0
2022-11-19,1320.0
2022-11-20,1220.0
2022-11-21,1150.0
2022-11-22,1100.0
2022-11-23,1070.0
2022-11-24,1030.0
2022-11-25,1010.0
2022-11-26,994.0
2022-11-27,1050.0
2022-11-28,1280.0
2022-11-29,1160.0
2022-11-30,3110.0
2022-12-01,3520.0
2022-12-02,2160.0
2022-12-03,1720.0
2022-12-04,1540.0
2022-12-05,1420.0
2022-12-06,1660.0
2022-12-07,2030.0
2022-12-08,2090.0
2022-12-09,2460.0
2022-12-10,2270.0
2022-12-11,2010.0
2022-12-12,1800.0
2022-12-13,1640.0
2022-12-14,1530.0
2022-12-15,4250.0
2022-12-16,5670.0
2022-12-17,4470.0
2022-12-18,2760.0
2022-12-19,2270.0
2022-12-20,2030.0
2022-12-21,1850.0
2022-12-22,1770.0
2022-12-23,1790.0
2022-12-24,1600.0
2022-12-25,1480.0
2022-12-26,1470.0
2022-12-27,1420.0
2022-12-28,1370.0
2022-12-29,1330.0
2022-12-30,1300.0
2022-12-31,1340.0
2023-01-01,1400.0
2023-01-02,1350.0
2023-01-03,1330.0
2023-01-04,3350.0
2023-01-05,4450.0
2023-01-06,2910.0
2023-01-07,2260.0
2023-01-08,2080.0
2023-01-09,2290.0
2023-01-10,2080.0
2023-01-11,1900.0
2023-01-12,1940.0
2023-01-13,3280.0
2023-01-14,2740.0
2023-01-15,2240.0
2023-01-16,2040.0
2023-01-17,1910.0
2023-01-18,1820.0
2023-01-19,1770.0
2023-01-20,1820.0
2023-01-21,1740.0
2023-01-22,1770.0
2023-01-23,2130.0
2023-01-24,1920.0
2023-01-25,3290.0
2023-01-26,5210.0
2023-01-27,3620.0
2023-01-28,2700.0
2023-01-29,2380.0
2023-01-30,2320.0
2023-01-31,2220.0
2023-02-01,2100.0
2023-02-02,2150.0
2023-02-03,2490.0
2023-02-04,2240.0
2023-02-05,2040.0
2023-02-06,1930.0
2023-02-07,1820.0
2023-02-08,1730.0
2023-02-09,1700.0
2023-02-10,1660.0
2023-02-11,1610.0
2023-02-12,2580.0
2023-02-13,2960.0
2023-02-14,2280.0
2023-02-15,2030.0
2023-02-16,1920.0
2023-02-17,3890.0
2023-02-18,4620.0
2023-02-19,3270.0
2023-02-20,2710.0
2023-02-21,2520.0
2023-02-22,2320.0
2023-02-23,2170.0
2023-02-24,2070.0
2023-02-25,2020.0
2023-02-26,2020.0
2023-02-27,1920.0
2023-02-28,1940.0
2023-03-01,1900.0
2023-03-02,2220.0
2023-03-03,2470.0
2023-03-04,3810.0
2023-03-05,3230.0
2023-03-06,2590.0
2023-03-07,2340.0
2023-03-08,2150.0
2023-03-09,2030.0
2023-03-10,1940.0
2023-03-11,1860.0
2023-03-12,2170.0
2023-03-13,2450.0
2023-03-14,2100.0
2023-03-15,1910.0
2023-03-16,1830.0
2023-03-17,1790.0
2023-03-18,1830.0
2023-03-19,1780.0
2023-03-20,1670.0
2023-03-21,1620.0
2023-03-22,1630.0
2023-03-23,1680.0
2023-03-24,1620.0
2023-03-25,1720.0
2023-03-26,1730.0
2023-03-27,1620.0
2023-03-28,1560.0
2023-03-29,1500.0
2023-03-30,1460.0
2023-03-31,1420.0
2023-04-01,1530.0
2023-04-02,1550.0
2023-04-03,1440.0
2023-04-04,1410.0
2023-04-05,1400.0
2023-04-06,1380.0
2023-04-07,2430.0
2023-04-08,3740.0
2023-04-09,5020.0
2023-04-10,3390.0
2023-04-11,2500.0
2023-04-12,2140.0
2023-04-13,1910.0
2023-04-14,1870.0
2023-04-15,1960.0
2023-04-16,1800.0
2023-04-17,1670.0
2023-04-18,1560.0
2023-04-19,1470.0
2023-04-20,1420.0
2023-04-21,1360.0
2023-04-22,1760.0
2023-04-23,1750.0
2023-04-24,1460.0
2023-04-25,1350.0
2023-04-26,1340.0
2023-04-27,1600.0
2023-04-28,3400.0
2023-04-29,2970.0
2023-04-30,2280.0
2023-05-01,2050.0
2023-05-02,1780.0
2023-05-03,1620.0
2023-05-04,1520.0
2023-05-05,1450.0
2023-05-06,1400.0
2023-05-07,1430.0
2023-05-08,1640.0
2023-05-09,1510.0
2023-05-10,1360.0
2023-05-11,1270.0
2023-05-12,1290.0
2023-05-13,1290.0
2023-05-14,1240.0
2023-05-15,1410.0
2023-05-16,1450.0
2023-05-17,1410.0
2023-05-18,1270.0
2023-05-19,1220.0
2023-05-20,1200.0
2023-05-21,1170.0
2023-05-22,1140.0
2023-05-23,1090.0
2023-05-24,1050.0
2023-05-25,1020.0
2023-05-26,992.0
2023-05-27,986.0
2023-05-28,3560.0
2023-05-29,2520.0
2023-05-30,1630.0
2023-05-31,1420.0
2023-06-01,1310.0
2023-06-02,1250.0
2023-06-03,1140.0
2023-06-04,1110.0
2023-06-05,1090.0
2023-06-06,1030.0
2023-06-07,980.0
2023-06-08,960.0
2023-06-09,917.0
2023-06-10,877.0
2023-06-11,880.0
2023-06-12,1060.0
2023-06-13,1050.0
2023-06-14,898.0
2023-06-15,852.0
2023-06-16,956.0
2023-06-17,911.0
2023-06-18,815.0
2023-06-19,795.0
2023-06-20,915.0
2023-06-21,3130.0
2023-06-22,4320.0
2023-06-23,3080.0
2023-06-24,2380.0
2023-06-25,1850.0
2023-06-26,1760.0
2023-06-27,1570.0
2023-06-28,1330.0
2023-06-29,1210.0
2023-06-30,1140.0
2023-07-01,1120.0
2023-07-02,1120.0
2023-07-03,1110.0
2023-07-04,1050.0
2023-07-05,1390.0
2023-07-06,1310.0
2023-07-07,1170.0
2023-07-08,1120.0
2023-07-09,1260.0
2023-07-10,1120.0
2023-07-11,1010.0
2023-07-12,938.0
2023-07-13,881.0
2023-07-14,1200.0
2023-07-15,1250.0
2023-07-16,1330.0
2023-07-17,1180.0
2023-07-18,1070.0
2023-07-19,1500.0
2023-07-20,1610.0
2023-07-21,1340.0
2023-07-22,1180.0
2023-07-23,1150.0
2023-07-24,1280.0
2023-07-25,1040.0
2023-07-26,931.0
2023-07-27,913.0
2023-07-28,866.0
2023-07-29,975.0
2023-07-30,1070.0
2023-07-31,895.0
2023-08-01,824.0
2023-08-02,835.0
2023-08-03,954.0
2023-08-04,1180.0
2023-08-05,1030.0
2023-08-06,873.0
2023-08-07,915.0
2023-08-08,916.0
2023-08-09,820.0
2023-08-10,1040.0
2023-08-11,1310.0
2023-08-12,1110.0
2023-08-13,1370.0
2023-08-14,897.0
2023-08-15,923.0
2023-08-16,824.0
2023-08-17,767.0
2023-08-18,719.0
2023-08-19,684.0
2023-08-20,661.0
2023-08-21,650.0
2023-08-22,626.0
2023-08-23,612.0
2023-08-24,592.0
2023-08-25,582.0
2023-08-26,593.0
2023-08-27,583.0
2023-08-28,771.0
2023-08-29,1860.0
2023-08-30,2290.0
2023-08-31,1370.0
2023-09-01,957.0
2023-09-02,819.0
2023-09-03,749.0
2023-09-04,709.0
2023-09-05,681.0
2023-09-06,650.0
2023-09-07,661.0
2023-09-08,1000.0
2023-09-09,823.0
2023-09-10,952.0
2023-09-11,1150.0
2023-09-12,870.0
2023-09-13,789.0
2023-09-14,768.0
2023-09-15,739.0
2023-09-16,686.0
2023-09-17,753.0
2023-09-18,798.0
2023-09-19,724.0
2023-09-20,644.0
2023-09-21,616.0
2023-09-22,601.0
2023-09-23,592.0
2023-09-24,578.0
2023-09-25,570.0
2023-09-26,560.0
2023-09-27,560.0
2023-09-28,565.0
2023-09-29,561.0
2023-09-30,553.0
2023-10-01,530.0
2023-10-02,518.0
2023-10-03,504.0
2023-10-04,490.0
2023-10-05,482.0
2023-10-06,480.0
2023-10-07,498.0
2023-10-08,483.0
2023-10-09,468.0
2023-10-10,463.0
2023-10-11,463.0
2023-10-12,508.0
2023-10-13,558.0
2023-10-14,560.0
2023-10-15,545.0
2023-10-16,538.0
2023-10-17,501.0
2023-10-18,488.0
2023-10-19,488.0
2023-10-20,522.0
2023-10-21,517.0
2023-10-22,495.0
2023-10-23,478.0
2023-10-24,463.0
2023-10-25,463.0
2023-10-26,458.0
2023-10-27,460.0
2023-10-28,467.0
2023-10-29,469.0
2023-10-30,469.0
2023-10-31,458.0
2023-11-01,454.0
2023-11-02,454.0
2023-11-03,454.0
2023-11-04,454.0
2023-11-05,458.0
2023-11-06,457.0
2023-11-07,457.0
2023-11-08,459.0
2023-11-09,459.0
2023-11-10,463.0
2023-11-11,497.0
2023-11-12,509.0
2023-11-13,494.0
2023-11-14,479.0
2023-11-15,465.0
2023-11-16,457.0
2023-11-17,454.0
2023-11-18,459.0
2023-11-19,457.0
2023-11-20,454.0
2023-11-21,519.0
2023-11-22,975.0
2023-11-23,1080.0
2023-11-24,673.0
2023-11-25,574.0
2023-11-26,537.0
2023-11-27,521.0
2023-11-28,503.0
2023-11-29,492.0
2023-11-30,488.0
2023-12-01,490.0
2023-12-02,514.0
2023-12-03,581.0
2023-12-04,601.0
2023-12-05,593.0
2023-12-06,541.0
2023-12-07,523.0
2023-12-08,510.0
2023-12-09,563.0
2023-12-10,3540.0
2023-12-11,4070.0
2023-12-12,2040.0
2023-12-13,1230.0
2023-12-14,993.0
2023-12-15,877.0
2023-12-16,813.0
2023-12-17,796.0
2023-12-18,927.0
2023-12-19,878.0
2023-12-20,776.0
2023-12-21,733.0
2023-12-22,708.0
2023-12-23,684.0
2023-12-24,669.0
2023-12-25,744.0
2023-12-26,6490.0
2023-12-27,7810.0
2023-12-28,7030.0
2023-12-29,4150.0
2023-12-30,2070.0
2023-12-31,1670.0
2024-01-01,1450.0
2024-01-02,1300.0
2024-01-03,1200.0
2024-01-04,1140.0
2024-01-05,1070.0
2024-01-06,1520.0
2024-01-07,2620.0
2024-01-08,1790.0
2024-01-09,10300.0
2024-01-10,14800.0
2024-01-11,12300.0
2024-01-12,9470.0
2024-01-13,6920.0
2024-01-14,4400.0
2024-01-15,3260.0
2024-01-16,2810.0
2024-01-17,2480.0
2024-01-18,2230.0
2024-01-19,2100.0
2024-01-20,1940.0
2024-01-21,1700.0
2024-01-22,1680.0
2024-01-23,1640.0
2024-01-24,1700.0
2024-01-25,3060.0
2024-01-26,6410.0
2024-01-27,5780.0
2024-01-28,7460.0
2024-01-29,6480.0
2024-01-30,5430.0
2024-01-31,3850.0
2024-02-01,3220.0
2024-02-02,2880.0
2024-02-03,2640.0
2024-02-04,2440.0
2024-02-05,2300.0
2024-02-06,2170.0
2024-02-07,2040.0
2024-02-08,1920.0
2024-02-09,1850.0
2024-02-10,1800.0
2024-02-11,2020.0
2024-02-12,2130.0
2024-02-13,2900.0
2024-02-14,3020.0
2024-02-15,2410.0
2024-02-16,2180.0
2024-02-17,2070.0
2024-02-18,1950.0
2024-02-19,1850.0
2024-02-20,1760.0
2024-02-21,1690.0
2024-02-22,1640.0
2024-02-23,1650.0
2024-02-24,1630.0
2024-02-25,1560.0
2024-02-26,1490.0
2024-02-27,1460.0
2024-02-28,1480.0
2024-02-29,1500.0
2024-03-01,1990.0
2024-03-02,4520.0
2024-03-03,3350.0
2024-03-04,2500.0
2024-03-05,2220.0
2024-03-06,2920.0
2024-03-07,3900.0
2024-03-08,3140.0
2024-03-09,4180.0
2024-03-10,5000.0
2024-03-11,3810.0
2024-03-12,3110.0
2024-03-13,2750.0
2024-03-14,2520.0
2024-03-15,2620.0
2024-03-16,2870.0
2024-03-17,2460.0
2024-03-18,2250.0
2024-03-19,2090.0
2024-03-20,1980.0
2024-03-21,1900.0
2024-03-22,1860.0
2024-03-23,3230.0
2024-03-24,3070.0
2024-03-25,2400.0
2024-03-26,2280.0
2024-03-27,3080.0
2024-03-28,2980.0
2024-03-29,2520.0
2024-03-30,2310.0
2024-03-31,2180.0
2024-04-01,2090.0
2024-04-02,1990.0
2024-04-03,2150.0
2024-04-04,2300.0
2024-04-05,1980.0
2024-04-06,1850.0
2024-04-07,1780.0
2024-04-08,1720.0
2024-04-09,1820.0
2024-04-10,2000.0
2024-04-11,2130.0
2024-04-12,3710.0
2024-04-13,3490.0
2024-04-14,2680.0
2024-04-15,2390.0
2024-04-16,2270.0
2024-04-17,2140.0
2024-04-18,2010.0
2024-04-19,1970.0
2024-04-20,1910.0
2024-04-21,1940.0
2024-04-22,2010.0
2024-04-23,1800.0
2024-04-24,1680.0
2024-04-25,1630.0
2024-04-26,1600.0
2024-04-27,1590.0
2024-04-28,1550.0
2024-04-29,1490.0
2024-04-30,1470.0
2024-05-01,1710.0
2024-05-02,1480.0
2024-05-03,1390.0
2024-05-04,1480.0
2024-05-05,1870.0
2024-05-06,2630.0
2024-05-07,2660.0
2024-05-08,2090.0
2024-05-09,5030.0
2024-05-10,5740.0
2024-05-11,3550.0
2024-05-12,2600.0
2024-05-13,2230.0
2024-05-14,2100.0
2024-05-15,2340.0
2024-05-16,2770.0
2024-05-17,2120.0
2024-05-18,2170.0
2024-05-19,2850.0
2024-05-20,2220.0
2024-05-21,1920.0
2024-05-22,1750.0
2024-05-23,1650.0
2024-05-24,2830.0
2024-05-25,2280.0
2024-05-26,2000.0
2024-05-27,2330.0
2024-05-28,2370.0
2024-05-29,1830.0
2024-05-30,1590.0
2024-05-31,1480.0
2024-06-01,1420.0
2024-06-02,1400.0
2024-06-03,1500.0
2024-06-04,1770.0
2024-06-05,1600.0
2024-06-06,1590.0
2024-06-07,1480.0
2024-06-08,1340.0
2024-06-09,1330.0
2024-06-10,1480.0
2024-06-11,1250.0
2024-06-12,1180.0
2024-06-13,1150.0
2024-06-14,1120.0
2024-06-15,1090.0
2024-06-16,1100.0
2024-06-17,1760.0
2024-06-18,1360.0
2024-06-19,1160.0
2024-06-20,1090.0
2024-06-21,1050.0
2024-06-22,1010.0
2024-06-23,988.0
2024-06-24,958.0
2024-06-25,926.0
2024-06-26,888.0
2024-06-27,869.0
2024-06-28,888.0
2024-06-29,910.0
2024-06-30,1020.0
2024-07-01,986.0
2024-07-02,1040.0
2024-07-03,876.0
2024-07-04,830.0
2024-07-05,830.0
2024-07-06,892.0
2024-07-07,905.0
2024-07-08,1430.0
2024-07-09,1350.0
2024-07-10,1080.0
2024-07-11,892.0
2024-07-12,827.0
2024-07-13,909.0
2024-07-14,784.0
2024-07-15,768.0
2024-07-16,836.0
2024-07-17,1060.0
2024-07-18,1390.0
2024-07-19,1560.0
2024-07-20,1510.0
2024-07-21,1950.0
2024-07-22,4680.0
2024-07-23,2750.0
2024-07-24,1950.0
2024-07-25,3480.0
2024-07-26,2400.0
2024-07-27,1640.0
2024-07-28,1290.0
2024-07-29,1430.0
2024-07-30,1570.0
2024-07-31,2990.0
2024-08-01,1700.0
2024-08-02,1780.0
2024-08-03,2130.0
2024-08-04,2350.0
2024-08-05,1250.0
2024-08-06,1090.0
2024-08-07,1020.0
2024-08-08,992.0
2024-08-09,1040.0
2024-08-10,936.0
2024-08-11,875.0
2024-08-12,1040.0
2024-08-13,959.0
2024-08-14,1040.0
2024-08-15,977.0
2024-08-16,896.0
2024-08-17,1020.0
2024-08-18,1090.0
2024-08-19,887.0
2024-08-20,805.0
2024-08-21,765.0
2024-08-22,741.0
2024-08-23,729.0
2024-08-24,708.0
2024-08-25,689.0
2024-08-26,671.0
2024-08-27,645.0
2024-08-28,629.0
2024-08-29,616.0
2024-08-30,610.0
2024-08-31,975.0
2024-09-01,921.0
2024-09-02,965.0
2024-09-03,812.0
2024-09-04,680.0
2024-09-05,634.0
2024-09-06,616.0
2024-09-07,615.0
2024-09-08,595.0
2024-09-09,569.0
2024-09-10,552.0
2024-09-11,548.0
2024-09-12,534.0
2024-09-13,582.0
2024-09-14,658.0
2024-09-15,694.0
2024-09-16,640.0
2024-09-17,2670.0
2024-09-18,2100.0
2024-09-19,1330.0
2024-09-20,1070.0
2024-09-21,891.0
2024-09-22,789.0
2024-09-23,742.0
2024-09-24,1020.0
2024-09-25,3810.0
2024-09-26,21100.0
2024-09-27,68900.0
2024-09-28,65100.0
2024-09-29,35300.0
2024-09-30,17200.0
2024-10-01,9860.0
2024-10-02,6380.0
2024-10-03,4050.0
2024-10-04,3400.0
2024-10-05,3070.0
2024-10-06,2780.0
2024-10-07,2570.0
2024-10-08,2410.0
2024-10-09,2260.0
2024-10-10,2120.0
2024-10-11,2000.0
2024-10-12,1910.0
2024-10-13,1830.0
2024-10-14,1760.0
2024-10-15,1680.0
2024-10-16,1620.0
2024-10-17,1560.0
2024-10-18,1510.0
2024-10-19,1490.0
2024-10-20,1440.0
2024-10-21,1410.0
2024-10-22,1380.0
2024-10-23,1360.0
2024-10-24,1330.0
2024-10-25,1300.0
2024-10-26,1290.0
2024-10-27,1310.0
2024-10-28,1300.0
2024-10-29,1280.0
2024-10-30,1290.0
2024-10-31,1240.0
2024-11-01,1220.0
2024-11-02,1220.0
2024-11-03,1200.0
2024-11-04,1180.0
2024-11-05,1220.0
2024-11-06,1330.0
2024-11-07,1290.0
2024-11-08,1240.0
2024-11-09,1180.0
2024-11-10,1150.0
2024-11-11,1190.0
2024-11-12,1220.0
2024-11-13,1140.0
2024-11-14,1370.0
2024-11-15,1990.0
2024-11-16,1600.0
2024-11-17,1320.0
2024-11-18,1260.0
2024-11-19,1230.0
2024-11-20,1470.0
2024-11-21,1490.0
2024-11-22,1350.0
2024-11-23,1250.0
2024-11-24,1210.0
2024-11-25,1180.0
2024-11-26,1180.0
2024-11-27,1180.0
2024-11-28,1180.0
2024-11-29,1170.0
2024-11-30,1120.0
2024-12-01,1080.0
2024-12-02,1060.0
2024-12-03,1040.0
2024-12-04,1020.0
2024-12-05,975.0
2024-12-06,967.0
2024-12-07,959.0
2024-12-08,960.0
2024-12-09,1010.0
2024-12-10,1160.0
2024-12-11,4370.0
2024-12-12,5400.0
2024-12-13,3440.0
2024-12-14,2230.0
2024-12-15,1990.0
2024-12-16,2250.0
2024-12-17,2270.0
2024-12-18,1990.0
2024-12-19,1870.0
2024-12-20,1720.0
2024-12-21,1590.0
2024-12-22,1500.0
2024-12-23,1440.0
2024-12-24,1400.0
2024-12-25,1370.0
2024-12-26,1330.0
2024-12-27,1300.0
2024-12-28,2660.0
2024-12-29,6110.0
2024-12-30,7320.0
2024-12-31,6440.0
2025-01-01,4800.0
