station_id,station_name,sample_datetime,parameter,value,unit,basin,river,county,latitude,longitude
01001,Xindian River - Bitan,2018-02-15T00:00:00,DO,9.202,mg/L,淡水河,新店溪,New Taipei / Taipei,24.957,121.539
01001,Xindian River - Bitan,2018-02-15T00:00:00,BOD5,0.453,mg/L,淡水河,新店溪,New Taipei / Taipei,24.957,121.539
01001,Xindian River - Bitan,2018-02-15T00:00:00,SS,11.876,mg/L,淡水河,新店溪,New Taipei / Taipei,24.957,121.539
01001,Xindian River - Bitan,2018-02-15T00:00:00,NH3-N,0.184,mg/L,淡水河,新店溪,New Taipei / Taipei,24.957,121.539
01001,Xindian River - Bitan,2018-03-15T00:00:00,DO,7.629,mg/L,淡水河,新店溪,New Taipei / Taipei,24.957,121.539
01001,Xindian River - Bitan,2018-03-15T00:00:00,BOD5,0.46,mg/L,淡水河,新店溪,New Taipei / Taipei,24.957,121.539
01001,Xindian River - Bitan,2018-03-15T00:00:00,SS,10.32,mg/L,淡水河,新店溪,New Taipei / Taipei,24.957,121.539
01001,Xindian River - Bitan,2018-03-15T00:00:00,NH3-N,0.127,mg/L,淡水河,新店溪,New Taipei / Taipei,24.957,121.539
01001,Xindian River - Bitan,2018-04-15T00:00:00,DO,8.49,mg/L,淡水河,新店溪,New Taipei / Taipei,24.957,121.539
01001,Xindian River - Bitan,2018-04-15T00:00:00,BOD5,0.629,mg/L,淡水河,新店溪,New Taipei / Taipei,24.957,121.539
01001,Xindian River - Bitan,2018-04-15T00:00:00,SS,12.198,mg/L,淡水河,新店溪,New Taipei / Taipei,24.957,121.539
01001,Xindian River - Bitan,2018-04-15T00:00:00,NH3-N,0.189,mg/L,淡水河,新店溪,New Taipei / Taipei,24.957,121.539
01001,Xindian River - Bitan,2018-05-15T00:00:00,DO,8.24,mg/L,淡水河,新店溪,New Taipei / Taipei,24.957,121.539
01001,Xindian River - Bitan,2018-05-15T00:00:00,BOD5,1.105,mg/L,淡水河,新店溪,New Taipei / Taipei,24.957,121.539
01001,Xindian River - Bitan,2018-05-15T00:00:00,SS,13.419,mg/L,淡水河,新店溪,New Taipei / Taipei,24.957,121.539
01001,Xindian River - Bitan,2018-05-15T00:00:00,NH3-N,0.115,mg/L,淡水河,新店溪,New Taipei / Taipei,24.957,121.539
01001,Xindian River - Bitan,2018-06-15T00:00:00,DO,8.202,mg/L,淡水河,新店溪,New Taipei / Taipei,24.957,121.539
01001,Xindian River - Bitan,2018-06-15T00:00:00,BOD5,0.747,mg/L,淡水河,新店溪,New Taipei / Taipei,24.957,121.539
01001,Xindian River - Bitan,2018-06-15T00:00:00,SS,16.093,mg/L,淡水河,新店溪,New Taipei / Taipei,24.957,121.539
01001,Xindian River - Bitan,2018-06-15T00:00:00,NH3-N,0.16,mg/L,淡水河,新店溪,New Taipei / Taipei,24.957,121.539
01001,Xindian River - Bitan,2018-07-15T00:00:00,DO,7.789,mg/L,淡水河,新店溪,New Taipei / Taipei,24.957,121.539
01001,Xindian River - Bitan,2018-07-15T00:00:00,BOD5,0.824,mg/L,淡水河,新店溪,New Taipei / Taipei,24.957,121.539
01001,Xindian River - Bitan,2018-07-15T00:00:00,SS,17.556,mg/L,淡水河,新店溪,New Taipei / Taipei,24.957,121.539
01001,Xindian River - Bitan,2018-07-15T00:00:00,NH3-N,0.157,mg/L,淡水河,新店溪,New Taipei / Taipei,24.957,121.539
01001,Xindian River - Bitan,2018-08-15T00:00:00,DO,7.723,mg/L,淡水河,新店溪,New Taipei / Taipei,24.957,121.539
01001,Xindian River - Bitan,2018-08-15T00:00:00,BOD5,0.868,mg/L,淡水河,新店溪,New Taipei / Taipei,24.957,121.539
01001,Xindian River - Bitan,2018-08-15T00:00:00,SS,15.228,mg/L,淡水河,新店溪,New Taipei / Taipei,24.957,121.539
01001,Xindian River - Bitan,2018-08-15T00:00:00,NH3-N,0.181,mg/L,淡水河,新店溪,New Taipei / Taipei,24.957,121.539
01001,Xindian River - Bitan,2018-09-15T00:00:00,DO,8.448,mg/L,淡水河,新店溪,New Taipei / Taipei,24.957,121.539
01001,Xindian River - Bitan,2018-09-15T00:00:00,BOD5,0.966,mg/L,淡水河,新店溪,New Taipei / Taipei,24.957,121.539
01001,Xindian River - Bitan,2018-09-15T00:00:00,SS,17.604,mg/L,淡水河,新店溪,New Taipei / Taipei,24.957,121.539
01001,Xindian River - Bitan,2018-09-15T00:00:00,NH3-N,0.137,mg/L,淡水河,新店溪,New Taipei / Taipei,24.957,121.539
01001,Xindian River - Bitan,2018-10-15T00:00:00,DO,8.193,mg/L,淡水河,新店溪,New Taipei / Taipei,24.957,121.539
01001,Xindian River - Bitan,2018-10-15T00:00:00,BOD5,0.637,mg/L,淡水河,新店溪,New Taipei / Taipei,24.957,121.539
01001,Xindian River - Bitan,2018-10-15T00:00:00,SS,11.54,mg/L,淡水河,新店溪,New Taipei / Taipei,24.957,121.539
01001,Xindian River - Bitan,2018-10-15T00:00:00,NH3-N,0.206,mg/L,淡水河,新店溪,New Taipei / Taipei,24.957,121.539
01001,Xindian River - Bitan,2018-11-15T00:00:00,DO,8.732,mg/L,淡水河,新店溪,New Taipei / Taipei,24.957,121.539
01001,Xindian River - Bitan,2018-11-15T00:00:00,BOD5,0.552,mg/L,淡水河,新店溪,New Taipei / Taipei,24.957,121.539
01001,Xindian River - Bitan,2018-11-15T00:00:00,SS,7.939,mg/L,淡水河,新店溪,New Taipei / Taipei,24.957,121.539
01001,Xindian River - Bitan,2018-11-15T00:00:00,NH3-N,0.175,mg/L,淡水河,新店溪,New Taipei / Taipei,24.957,121.539
01001,Xindian River - Bitan,2018-12-15T00:00:00,DO,9.466,mg/L,淡水河,新店溪,New Taipei / Taipei,24.957,121.539
01001,Xindian River - Bitan,2018-12-15T00:00:00,BOD5,0.77,mg/L,淡水河,新店溪,New Taipei / Taipei,24.957,121.539
01001,Xindian River - Bitan,2018-12-15T00:00:00,SS,8.336,mg/L,淡水河,新店溪,New Taipei / Taipei,24.957,121.539
01001,Xindian River - Bitan,2018-12-15T00:00:00,NH3-N,0.149,mg/L,淡水河,新店溪,New Taipei / Taipei,24.957,121.539
01001,Xindian River - Bitan,2019-01-15T00:00:00,DO,9.17,mg/L,淡水河,新店溪,New Taipei / Taipei,24.957,121.539
01001,Xindian River - Bitan,2019-01-15T00:00:00,BOD5,0.684,mg/L,淡水河,新店溪,New Taipei / Taipei,24.957,121.539
01001,Xindian River - Bitan,2019-01-15T00:00:00,SS,12.179,mg/L,淡水河,新店溪,New Taipei / Taipei,24.957,121.539
01001,Xindian River - Bitan,2019-01-15T00:00:00,NH3-N,0.146,mg/L,淡水河,新店溪,New Taipei / Taipei,24.957,121.539
01001,Xindian River - Bitan,2019-02-15T00:00:00,DO,9.427,mg/L,淡水河,新店溪,New Taipei / Taipei,24.957,121.539
01001,Xindian River - Bitan,2019-02-15T00:00:00,BOD5,0.675,mg/L,淡水河,新店溪,New Taipei / Taipei,24.957,121.539
01001,Xindian River - Bitan,2019-02-15T00:00:00,SS,10.723,mg/L,淡水河,新店溪,New Taipei / Taipei,24.957,121.539
01001,Xindian River - Bitan,2019-02-15T00:00:00,NH3-N,0.169,mg/L,淡水河,新店溪,New Taipei / Taipei,24.957,121.539
01001,Xindian River - Bitan,2019-03-15T00:00:00,DO,7.926,mg/L,淡水河,新店溪,New Taipei / Taipei,24.957,121.539
01001,Xindian River - Bitan,2019-03-15T00:00:00,BOD5,0.656,mg/L,淡水河,新店溪,New Taipei / Taipei,24.957,121.539
01001,Xindian River - Bitan,2019-03-15T00:00:00,SS,8.824,mg/L,淡水河,新店溪,New Taipei / Taipei,24.957,121.539
01001,Xindian River - Bitan,2019-03-15T00:00:00,NH3-N,0.111,mg/L,淡水河,新店溪,New Taipei / Taipei,24.957,121.539
01001,Xindian River - Bitan,2019-04-15T00:00:00,DO,8.335,mg/L,淡水河,新店溪,New Taipei / Taipei,24.957,121.539
01001,Xindian River - Bitan,2019-04-15T00:00:00,BOD5,1.099,mg/L,淡水河,新店溪,New Taipei / Taipei,24.957,121.539
01001,Xindian River - Bitan,2019-04-15T00:00:00,SS,7.835,mg/L,淡水河,新店溪,New Taipei / Taipei,24.957,121.539
01001,Xindian River - Bitan,2019-04-15T00:00:00,NH3-N,0.198,mg/L,淡水河,新店溪,New Taipei / Taipei,24.957,121.539
01001,Xindian River - Bitan,2019-05-15T00:00:00,DO,7.19,mg/L,淡水河,新店溪,New Taipei / Taipei,24.957,121.539
01001,Xindian River - Bitan,2019-05-15T00:00:00,BOD5,0.813,mg/L,淡水河,新店溪,New Taipei / Taipei,24.957,121.539
01001,Xindian River - Bitan,2019-05-15T00:00:00,SS,12.657,mg/L,淡水河,新店溪,New Taipei / Taipei,24.957,121.539
01001,Xindian River - Bitan,2019-05-15T00:00:00,NH3-N,0.187,mg/L,淡水河,新店溪,New Taipei / Taipei,24.957,121.539
01001,Xindian River - Bitan,2019-06-15T00:00:00,DO,8.407,mg/L,淡水河,新店溪,New Taipei / Taipei,24.957,121.539
01001,Xindian River - Bitan,2019-06-15T00:00:00,BOD5,1.097,mg/L,淡水河,新店溪,New Taipei / Taipei,24.957,121.539
01001,Xindian River - Bitan,2019-06-15T00:00:00,SS,13.025,mg/L,淡水河,新店溪,New Taipei / Taipei,24.957,121.539
01001,Xindian River - Bitan,2019-06-15T00:00:00,NH3-N,0.14,mg/L,淡水河,新店溪,New Taipei / Taipei,24.957,121.539
01001,Xindian River - Bitan,2019-07-15T00:00:00,DO,8.415,mg/L,淡水河,新店溪,New Taipei / Taipei,24.957,121.539
01001,Xindian River - Bitan,2019-07-15T00:00:00,BOD5,0.922,mg/L,淡水河,新店溪,New Taipei / Taipei,24.957,121.539
01001,Xindian River - Bitan,2019-07-15T00:00:00,SS,11.311,mg/L,淡水河,新店溪,New Taipei / Taipei,24.957,121.539
01001,Xindian River - Bitan,2019-07-15T00:00:00,NH3-N,0.108,mg/L,淡水河,新店溪,New Taipei / Taipei,24.957,121.539
01001,Xindian River - Bitan,2019-08-15T00:00:00,DO,7.429,mg/L,淡水河,新店溪,New Taipei / Taipei,24.957,121.539
01001,Xindian River - Bitan,2019-08-15T00:00:00,BOD5,1.038,mg/L,淡水河,新店溪,New Taipei / Taipei,24.957,121.539
01001,Xindian River - Bitan,2019-08-15T00:00:00,SS,14.253,mg/L,淡水河,新店溪,New Taipei / Taipei,24.957,121.539
01001,Xindian River - Bitan,2019-08-15T00:00:00,NH3-N,0.198,mg/L,淡水河,新店溪,New Taipei / Taipei,24.957,121.539
01001,Xindian River - Bitan,2019-09-15T00:00:00,DO,7.944,mg/L,淡水河,新店溪,New Taipei / Taipei,24.957,121.539
01001,Xindian River - Bitan,2019-09-15T00:00:00,BOD5,0.912,mg/L,淡水河,新店溪,New Taipei / Taipei,24.957,121.539
01001,Xindian River - Bitan,2019-09-15T00:00:00,SS,13.814,mg/L,淡水河,新店溪,New Taipei / Taipei,24.957,121.539
01001,Xindian River - Bitan,2019-09-15T00:00:00,NH3-N,0.142,mg/L,淡水河,新店溪,New Taipei / Taipei,24.957,121.539
01001,Xindian River - Bitan,2019-10-15T00:00:00,DO,8.774,mg/L,淡水河,新店溪,New Taipei / Taipei,24.957,121.539
01001,Xindian River - Bitan,2019-10-15T00:00:00,BOD5,0.668,mg/L,淡水河,新店溪,New Taipei / Taipei,24.957,121.539
01001,Xindian River - Bitan,2019-10-15T00:00:00,SS,9.092,mg/L,淡水河,新店溪,New Taipei / Taipei,24.957,121.539
01001,Xindian River - Bitan,2019-10-15T00:00:00,NH3-N,0.131,mg/L,淡水河,新店溪,New Taipei / Taipei,24.957,121.539
01001,Xindian River - Bitan,2019-11-15T00:00:00,DO,8.082,mg/L,淡水河,新店溪,New Taipei / Taipei,24.957,121.539
01001,Xindian River - Bitan,2019-11-15T00:00:00,BOD5,0.817,mg/L,淡水河,新店溪,New Taipei / Taipei,24.957,121.539
01001,Xindian River - Bitan,2019-11-15T00:00:00,SS,8.826,mg/L,淡水河,新店溪,New Taipei / Taipei,24.957,121.539
01001,Xindian River - Bitan,2019-11-15T00:00:00,NH3-N,0.143,mg/L,淡水河,新店溪,New Taipei / Taipei,24.957,121.539
01001,Xindian River - Bitan,2019-12-15T00:00:00,DO,9.308,mg/L,淡水河,新店溪,New Taipei / Taipei,24.957,121.539
01001,Xindian River - Bitan,2019-12-15T00:00:00,BOD5,0.751,mg/L,淡水河,新店溪,New Taipei / Taipei,24.957,121.539
01001,Xindian River - Bitan,2019-12-15T00:00:00,SS,11.663,mg/L,淡水河,新店溪,New Taipei / Taipei,24.957,121.539
01001,Xindian River - Bitan,2019-12-15T00:00:00,NH3-N,0.132,mg/L,淡水河,新店溪,New Taipei / Taipei,24.957,121.539
01001,Xindian River - Bitan,2020-01-15T00:00:00,DO,8.846,mg/L,淡水河,新店溪,New Taipei / Taipei,24.957,121.539
01001,Xindian River - Bitan,2020-01-15T00:00:00,BOD5,0.624,mg/L,淡水河,新店溪,New Taipei / Taipei,24.957,121.539
01001,Xindian River - Bitan,2020-01-15T00:00:00,SS,5.782,mg/L,淡水河,新店溪,New Taipei / Taipei,24.957,121.539
01001,Xindian River - Bitan,2020-01-15T00:00:00,NH3-N,0.063,mg/L,淡水河,新店溪,New Taipei / Taipei,24.957,121.539
01001,Xindian River - Bitan,2020-02-15T00:00:00,DO,8.226,mg/L,淡水河,新店溪,New Taipei / Taipei,24.957,121.539
01001,Xindian River - Bitan,2020-02-15T00:00:00,BOD5,0.462,mg/L,淡水河,新店溪,New Taipei / Taipei,24.957,121.539
01001,Xindian River - Bitan,2020-02-15T00:00:00,SS,10.999,mg/L,淡水河,新店溪,New Taipei / Taipei,24.957,121.539
01001,Xindian River - Bitan,2020-02-15T00:00:00,NH3-N,0.092,mg/L,淡水河,新店溪,New Taipei / Taipei,24.957,121.539
01001,Xindian River - Bitan,2020-03-15T00:00:00,DO,8.573,mg/L,淡水河,新店溪,New Taipei / Taipei,24.957,121.539
01001,Xindian River - Bitan,2020-03-15T00:00:00,BOD5,0.98,mg/L,淡水河,新店溪,New Taipei / Taipei,24.957,121.539
01001,Xindian River - Bitan,2020-03-15T00:00:00,SS,9.109,mg/L,淡水河,新店溪,New Taipei / Taipei,24.957,121.539
01001,Xindian River - Bitan,2020-03-15T00:00:00,NH3-N,0.179,mg/L,淡水河,新店溪,New Taipei / Taipei,24.957,121.539
01001,Xindian River - Bitan,2020-04-15T00:00:00,DO,7.94,mg/L,淡水河,新店溪,New Taipei / Taipei,24.957,121.539
01001,Xindian River - Bitan,2020-04-15T00:00:00,BOD5,0.759,mg/L,淡水河,新店溪,New Taipei / Taipei,24.957,121.539
01001,Xindian River - Bitan,2020-04-15T00:00:00,SS,7.625,mg/L,淡水河,新店溪,New Taipei / Taipei,24.957,121.539
01001,Xindian River - Bitan,2020-04-15T00:00:00,NH3-N,0.133,mg/L,淡水河,新店溪,New Taipei / Taipei,24.957,121.539
01001,Xindian River - Bitan,2020-05-15T00:00:00,DO,8.704,mg/L,淡水河,新店溪,New Taipei / Taipei,24.957,121.539
01001,Xindian River - Bitan,2020-05-15T00:00:00,BOD5,0.535,mg/L,淡水河,新店溪,New Taipei / Taipei,24.957,121.539
01001,Xindian River - Bitan,2020-05-15T00:00:00,SS,13.336,mg/L,淡水河,新店溪,New Taipei / Taipei,24.957,121.539
01001,Xindian River - Bitan,2020-05-15T00:00:00,NH3-N,0.169,mg/L,淡水河,新店溪,New Taipei / Taipei,24.957,121.539
01001,Xindian River - Bitan,2020-06-15T00:00:00,DO,7.624,mg/L,淡水河,新店溪,New Taipei / Taipei,24.957,121.539
01001,Xindian River - Bitan,2020-06-15T00:00:00,BOD5,0.649,mg/L,淡水河,新店溪,New Taipei / Taipei,24.957,121.539
01001,Xindian River - Bitan,2020-06-15T00:00:00,SS,14.077,mg/L,淡水河,新店溪,New Taipei / Taipei,24.957,121.539
01001,Xindian River - Bitan,2020-06-15T00:00:00,NH3-N,0.137,mg/L,淡水河,新店溪,New Taipei / Taipei,24.957,121.539
01001,Xindian River - Bitan,2020-07-15T00:00:00,DO,8.04,mg/L,淡水河,新店溪,New Taipei / Taipei,24.957,121.539
01001,Xindian River - Bitan,2020-07-15T00:00:00,BOD5,0.964,mg/L,淡水河,新店溪,New Taipei / Taipei,24.957,121.539
01001,Xindian River - Bitan,2020-07-15T00:00:00,SS,18.504,mg/L,淡水河,新店溪,New Taipei / Taipei,24.957,121.539
01001,Xindian River - Bitan,2020-07-15T00:00:00,NH3-N,0.153,mg/L,淡水河,新店溪,New Taipei / Taipei,24.957,121.539
01001,Xindian River - Bitan,2020-08-15T00:00:00,DO,7.366,mg/L,淡水河,新店溪,New Taipei / Taipei,24.957,121.539
01001,Xindian River - Bitan,2020-08-15T00:00:00,BOD5,0.974,mg/L,淡水河,新店溪,New Taipei / Taipei,24.957,121.539
01001,Xindian River - Bitan,2020-08-15T00:00:00,SS,14.447,mg/L,淡水河,新店溪,New Taipei / Taipei,24.957,121.539
01001,Xindian River - Bitan,2020-08-15T00:00:00,NH3-N,0.231,mg/L,淡水河,新店溪,New Taipei / Taipei,24.957,121.539
01001,Xindian River - Bitan,2020-09-15T00:00:00,DO,8.701,mg/L,淡水河,新店溪,New Taipei / Taipei,24.957,121.539
01001,Xindian River - Bitan,2020-09-15T00:00:00,BOD5,0.951,mg/L,淡水河,新店溪,New Taipei / Taipei,24.957,121.539
01001,Xindian River - Bitan,2020-09-15T00:00:00,SS,15.908,mg/L,淡水河,新店溪,New Taipei / Taipei,24.957,121.539
01001,Xindian River - Bitan,2020-09-15T00:00:00,NH3-N,0.098,mg/L,淡水河,新店溪,New Taipei / Taipei,24.957,121.539
01001,Xindian River - Bitan,2020-10-15T00:00:00,DO,8.116,mg/L,淡水河,新店溪,New Taipei / Taipei,24.957,121.539
01001,Xindian River - Bitan,2020-10-15T00:00:00,BOD5,0.615,mg/L,淡水河,新店溪,New Taipei / Taipei,24.957,121.539
01001,Xindian River - Bitan,2020-10-15T00:00:00,SS,9.025,mg/L,淡水河,新店溪,New Taipei / Taipei,24.957,121.539
01001,Xindian River - Bitan,2020-10-15T00:00:00,NH3-N,0.081,mg/L,淡水河,新店溪,New Taipei / Taipei,24.957,121.539
01001,Xindian River - Bitan,2020-11-15T00:00:00,DO,9.181,mg/L,淡水河,新店溪,New Taipei / Taipei,24.957,121.539
01001,Xindian River - Bitan,2020-11-15T00:00:00,BOD5,0.676,mg/L,淡水河,新店溪,New Taipei / Taipei,24.957,121.539
01001,Xindian River - Bitan,2020-11-15T00:00:00,SS,6.323,mg/L,淡水河,新店溪,New Taipei / Taipei,24.957,121.539
01001,Xindian River - Bitan,2020-11-15T00:00:00,NH3-N,0.092,mg/L,淡水河,新店溪,New Taipei / Taipei,24.957,121.539
01001,Xindian River - Bitan,2020-12-15T00:00:00,DO,9.208,mg/L,淡水河,新店溪,New Taipei / Taipei,24.957,121.539
01001,Xindian River - Bitan,2020-12-15T00:00:00,BOD5,0.829,mg/L,淡水河,新店溪,New Taipei / Taipei,24.957,121.539
01001,Xindian River - Bitan,2020-12-15T00:00:00,SS,14.992,mg/L,淡水河,新店溪,New Taipei / Taipei,24.957,121.539
01001,Xindian River - Bitan,2020-12-15T00:00:00,NH3-N,0.283,mg/L,淡水河,新店溪,New Taipei / Taipei,24.957,121.539
01001,Xindian River - Bitan,2021-01-15T00:00:00,DO,9.349,mg/L,淡水河,新店溪,New Taipei / Taipei,24.957,121.539
01001,Xindian River - Bitan,2021-01-15T00:00:00,BOD5,0.442,mg/L,淡水河,新店溪,New Taipei / Taipei,24.957,121.539
01001,Xindian River - Bitan,2021-01-15T00:00:00,SS,4.67,mg/L,淡水河,新店溪,New Taipei / Taipei,24.957,121.539
01001,Xindian River - Bitan,2021-01-15T00:00:00,NH3-N,0.148,mg/L,淡水河,新店溪,New Taipei / Taipei,24.957,121.539
01001,Xindian River - Bitan,2021-02-15T00:00:00,DO,8.532,mg/L,淡水河,新店溪,New Taipei / Taipei,24.957,121.539
01001,Xindian River - Bitan,2021-02-15T00:00:00,BOD5,0.578,mg/L,淡水河,新店溪,New Taipei / Taipei,24.957,121.539
01001,Xindian River - Bitan,2021-02-15T00:00:00,SS,8.47,mg/L,淡水河,新店溪,New Taipei / Taipei,24.957,121.539
01001,Xindian River - Bitan,2021-02-15T00:00:00,NH3-N,0.13,mg/L,淡水河,新店溪,New Taipei / Taipei,24.957,121.539
01001,Xindian River - Bitan,2021-03-15T00:00:00,DO,9.44,mg/L,淡水河,新店溪,New Taipei / Taipei,24.957,121.539
01001,Xindian River - Bitan,2021-03-15T00:00:00,BOD5,0.751,mg/L,淡水河,新店溪,New Taipei / Taipei,24.957,121.539
01001,Xindian River - Bitan,2021-03-15T00:00:00,SS,9.603,mg/L,淡水河,新店溪,New Taipei / Taipei,24.957,121.539
01001,Xindian River - Bitan,2021-03-15T00:00:00,NH3-N,0.091,mg/L,淡水河,新店溪,New Taipei / Taipei,24.957,121.539
01001,Xindian River - Bitan,2021-04-15T00:00:00,DO,7.495,mg/L,淡水河,新店溪,New Taipei / Taipei,24.957,121.539
01001,Xindian River - Bitan,2021-04-15T00:00:00,BOD5,0.703,mg/L,淡水河,新店溪,New Taipei / Taipei,24.957,121.539
01001,Xindian River - Bitan,2021-04-15T00:00:00,SS,9.866,mg/L,淡水河,新店溪,New Taipei / Taipei,24.957,121.539
01001,Xindian River - Bitan,2021-04-15T00:00:00,NH3-N,0.238,mg/L,淡水河,新店溪,New Taipei / Taipei,24.957,121.539
01001,Xindian River - Bitan,2021-05-15T00:00:00,DO,8.278,mg/L,淡水河,新店溪,New Taipei / Taipei,24.957,121.539
01001,Xindian River - Bitan,2021-05-15T00:00:00,BOD5,1.077,mg/L,淡水河,新店溪,New Taipei / Taipei,24.957,121.539
01001,Xindian River - Bitan,2021-05-15T00:00:00,SS,11.002,mg/L,淡水河,新店溪,New Taipei / Taipei,24.957,121.539
01001,Xindian River - Bitan,2021-05-15T00:00:00,NH3-N,0.098,mg/L,淡水河,新店溪,New Taipei / Taipei,24.957,121.539
01001,Xindian River - Bitan,2021-06-15T00:00:00,DO,7.401,mg/L,淡水河,新店溪,New Taipei / Taipei,24.957,121.539
01001,Xindian River - Bitan,2021-06-15T00:00:00,BOD5,0.794,mg/L,淡水河,新店溪,New Taipei / Taipei,24.957,121.539
01001,Xindian River - Bitan,2021-06-15T00:00:00,SS,19.218,mg/L,淡水河,新店溪,New Taipei / Taipei,24.957,121.539
01001,Xindian River - Bitan,2021-06-15T00:00:00,NH3-N,0.122,mg/L,淡水河,新店溪,New Taipei / Taipei,24.957,121.539
01001,Xindian River - Bitan,2021-07-15T00:00:00,DO,8.403,mg/L,淡水河,新店溪,New Taipei / Taipei,24.957,121.539
01001,Xindian River - Bitan,2021-07-15T00:00:00,BOD5,0.779,mg/L,淡水河,新店溪,New Taipei / Taipei,24.957,121.539
01001,Xindian River - Bitan,2021-07-15T00:00:00,SS,16.829,mg/L,淡水河,新店溪,New Taipei / Taipei,24.957,121.539
01001,Xindian River - Bitan,2021-07-15T00:00:00,NH3-N,0.184,mg/L,淡水河,新店溪,New Taipei / Taipei,24.957,121.539
01001,Xindian River - Bitan,2021-08-15T00:00:00,DO,7.886,mg/L,淡水河,新店溪,New Taipei / Taipei,24.957,121.539
01001,Xindian River - Bitan,2021-08-15T00:00:00,BOD5,0.93,mg/L,淡水河,新店溪,New Taipei / Taipei,24.957,121.539
01001,Xindian River - Bitan,2021-08-15T00:00:00,SS,12.26,mg/L,淡水河,新店溪,New Taipei / Taipei,24.957,121.539
01001,Xindian River - Bitan,2021-08-15T00:00:00,NH3-N,0.185,mg/L,淡水河,新店溪,New Taipei / Taipei,24.957,121.539
01001,Xindian River - Bitan,2021-09-15T00:00:00,DO,7.927,mg/L,淡水河,新店溪,New Taipei / Taipei,24.957,121.539
01001,Xindian River - Bitan,2021-09-15T00:00:00,BOD5,0.635,mg/L,淡水河,新店溪,New Taipei / Taipei,24.957,121.539
01001,Xindian River - Bitan,2021-09-15T00:00:00,SS,9.055,mg/L,淡水河,新店溪,New Taipei / Taipei,24.957,121.539
01001,Xindian River - Bitan,2021-09-15T00:00:00,NH3-N,0.166,mg/L,淡水河,新店溪,New Taipei / Taipei,24.957,121.539
01001,Xindian River - Bitan,2021-10-15T00:00:00,DO,9.447,mg/L,淡水河,新店溪,New Taipei / Taipei,24.957,121.539
01001,Xindian River - Bitan,2021-10-15T00:00:00,BOD5,0.832,mg/L,淡水河,新店溪,New Taipei / Taipei,24.957,121.539
01001,Xindian River - Bitan,2021-10-15T00:00:00,SS,9.703,mg/L,淡水河,新店溪,New Taipei / Taipei,24.957,121.539
01001,Xindian River - Bitan,2021-10-15T00:00:00,NH3-N,0.164,mg/L,淡水河,新店溪,New Taipei / Taipei,24.957,121.539
01001,Xindian River - Bitan,2021-11-15T00:00:00,DO,9.584,mg/L,淡水河,新店溪,New Taipei / Taipei,24.957,121.539
01001,Xindian River - Bitan,2021-11-15T00:00:00,BOD5,0.764,mg/L,淡水河,新店溪,New Taipei / Taipei,24.957,121.539
01001,Xindian River - Bitan,2021-11-15T00:00:00,SS,8.973,mg/L,淡水河,新店溪,New Taipei / Taipei,24.957,121.539
01001,Xindian River - Bitan,2021-11-15T00:00:00,NH3-N,0.198,mg/L,淡水河,新店溪,New Taipei / Taipei,24.957,121.539
01001,Xindian River - Bitan,2021-12-15T00:00:00,DO,9.277,mg/L,淡水河,新店溪,New Taipei / Taipei,24.957,121.539
01001,Xindian River - Bitan,2021-12-15T00:00:00,BOD5,0.969,mg/L,淡水河,新店溪,New Taipei / Taipei,24.957,121.539
01001,Xindian River - Bitan,2021-12-15T00:00:00,SS,10.458,mg/L,淡水河,新店溪,New Taipei / Taipei,24.957,121.539
01001,Xindian River - Bitan,2021-12-15T00:00:00,NH3-N,0.076,mg/L,淡水河,新店溪,New Taipei / Taipei,24.957,121.539
01001,Xindian River - Bitan,2022-01-15T00:00:00,DO,8.279,mg/L,淡水河,新店溪,New Taipei / Taipei,24.957,121.539
01001,Xindian River - Bitan,2022-01-15T00:00:00,BOD5,0.97,mg/L,淡水河,新店溪,New Taipei / Taipei,24.957,121.539
01001,Xindian River - Bitan,2022-01-15T00:00:00,SS,14.309,mg/L,淡水河,新店溪,New Taipei / Taipei,24.957,121.539
01001,Xindian River - Bitan,2022-01-15T00:00:00,NH3-N,0.126,mg/L,淡水河,新店溪,New Taipei / Taipei,24.957,121.539
01001,Xindian River - Bitan,2022-02-15T00:00:00,DO,8.79,mg/L,淡水河,新店溪,New Taipei / Taipei,24.957,121.539
01001,Xindian River - Bitan,2022-02-15T00:00:00,BOD5,0.954,mg/L,淡水河,新店溪,New Taipei / Taipei,24.957,121.539
01001,Xindian River - Bitan,2022-02-15T00:00:00,SS,7.232,mg/L,淡水河,新店溪,New Taipei / Taipei,24.957,121.539
01001,Xindian River - Bitan,2022-02-15T00:00:00,NH3-N,0.092,mg/L,淡水河,新店溪,New Taipei / Taipei,24.957,121.539
01001,Xindian River - Bitan,2022-03-15T00:00:00,DO,9.186,mg/L,淡水河,新店溪,New Taipei / Taipei,24.957,121.539
01001,Xindian River - Bitan,2022-03-15T00:00:00,BOD5,0.641,mg/L,淡水河,新店溪,New Taipei / Taipei,24.957,121.539
01001,Xindian River - Bitan,2022-03-15T00:00:00,SS,9.987,mg/L,淡水河,新店溪,New Taipei / Taipei,24.957,121.539
01001,Xindian River - Bitan,2022-03-15T00:00:00,NH3-N,0.134,mg/L,淡水河,新店溪,New Taipei / Taipei,24.957,121.539
01001,Xindian River - Bitan,2022-04-15T00:00:00,DO,8.703,mg/L,淡水河,新店溪,New Taipei / Taipei,24.957,121.539
01001,Xindian River - Bitan,2022-04-15T00:00:00,BOD5,1.081,mg/L,淡水河,新店溪,New Taipei / Taipei,24.957,121.539
01001,Xindian River - Bitan,2022-04-15T00:00:00,SS,10.226,mg/L,淡水河,新店溪,New Taipei / Taipei,24.957,121.539
01001,Xindian River - Bitan,2022-04-15T00:00:00,NH3-N,0.182,mg/L,淡水河,新店溪,New Taipei / Taipei,24.957,121.539
01001,Xindian River - Bitan,2022-05-15T00:00:00,DO,6.97,mg/L,淡水河,新店溪,New Taipei / Taipei,24.957,121.539
01001,Xindian River - Bitan,2022-05-15T00:00:00,BOD5,0.87,mg/L,淡水河,新店溪,New Taipei / Taipei,24.957,121.539
01001,Xindian River - Bitan,2022-05-15T00:00:00,SS,10.142,mg/L,淡水河,新店溪,New Taipei / Taipei,24.957,121.539
01001,Xindian River - Bitan,2022-05-15T00:00:00,NH3-N,0.097,mg/L,淡水河,新店溪,New Taipei / Taipei,24.957,121.539
01001,Xindian River - Bitan,2022-06-15T00:00:00,DO,7.453,mg/L,淡水河,新店溪,New Taipei / Taipei,24.957,121.539
01001,Xindian River - Bitan,2022-06-15T00:00:00,BOD5,0.872,mg/L,淡水河,新店溪,New Taipei / Taipei,24.957,121.539
01001,Xindian River - Bitan,2022-06-15T00:00:00,SS,16.187,mg/L,淡水河,新店溪,New Taipei / Taipei,24.957,121.539
01001,Xindian River - Bitan,2022-06-15T00:00:00,NH3-N,0.097,mg/L,淡水河,新店溪,New Taipei / Taipei,24.957,121.539
01001,Xindian River - Bitan,2022-07-15T00:00:00,DO,7.918,mg/L,淡水河,新店溪,New Taipei / Taipei,24.957,121.539
01001,Xindian River - Bitan,2022-07-15T00:00:00,BOD5,0.863,mg/L,淡水河,新店溪,New Taipei / Taipei,24.957,121.539
01001,Xindian River - Bitan,2022-07-15T00:00:00,SS,13.681,mg/L,淡水河,新店溪,New Taipei / Taipei,24.957,121.539
01001,Xindian River - Bitan,2022-07-15T00:00:00,NH3-N,0.215,mg/L,淡水河,新店溪,New Taipei / Taipei,24.957,121.539
01001,Xindian River - Bitan,2022-08-15T00:00:00,DO,8.303,mg/L,淡水河,新店溪,New Taipei / Taipei,24.957,121.539
01001,Xindian River - Bitan,2022-08-15T00:00:00,BOD5,1.206,mg/L,淡水河,新店溪,New Taipei / Taipei,24.957,121.539
01001,Xindian River - Bitan,2022-08-15T00:00:00,SS,13.511,mg/L,淡水河,新店溪,New Taipei / Taipei,24.957,121.539
01001,Xindian River - Bitan,2022-08-15T00:00:00,NH3-N,0.128,mg/L,淡水河,新店溪,New Taipei / Taipei,24.957,121.539
01001,Xindian River - Bitan,2022-09-15T00:00:00,DO,8.066,mg/L,淡水河,新店溪,New Taipei / Taipei,24.957,121.539
01001,Xindian River - Bitan,2022-09-15T00:00:00,BOD5,0.928,mg/L,淡水河,新店溪,New Taipei / Taipei,24.957,121.539
01001,Xindian River - Bitan,2022-09-15T00:00:00,SS,12.691,mg/L,淡水河,新店溪,New Taipei / Taipei,24.957,121.539
01001,Xindian River - Bitan,2022-09-15T00:00:00,NH3-N,0.103,mg/L,淡水河,新店溪,New Taipei / Taipei,24.957,121.539
01001,Xindian River - Bitan,2022-10-15T00:00:00,DO,8.554,mg/L,淡水河,新店溪,New Taipei / Taipei,24.957,121.539
01001,Xindian River - Bitan,2022-10-15T00:00:00,BOD5,0.846,mg/L,淡水河,新店溪,New Taipei / Taipei,24.957,121.539
01001,Xindian River - Bitan,2022-10-15T00:00:00,SS,16.294,mg/L,淡水河,新店溪,New Taipei / Taipei,24.957,121.539
01001,Xindian River - Bitan,2022-10-15T00:00:00,NH3-N,0.244,mg/L,淡水河,新店溪,New Taipei / Taipei,24.957,121.539
01001,Xindian River - Bitan,2022-11-15T00:00:00,DO,8.288,mg/L,淡水河,新店溪,New Taipei / Taipei,24.957,121.539
01001,Xindian River - Bitan,2022-11-15T00:00:00,BOD5,0.663,mg/L,淡水河,新店溪,New Taipei / Taipei,24.957,121.539
01001,Xindian River - Bitan,2022-11-15T00:00:00,SS,6.341,mg/L,淡水河,新店溪,New Taipei / Taipei,24.957,121.539
01001,Xindian River - Bitan,2022-11-15T00:00:00,NH3-N,0.113,mg/L,淡水河,新店溪,New Taipei / Taipei,24.957,121.539
01001,Xindian River - Bitan,2022-12-15T00:00:00,DO,9.209,mg/L,淡水河,新店溪,New Taipei / Taipei,24.957,121.539
01001,Xindian River - Bitan,2022-12-15T00:00:00,BOD5,0.903,mg/L,淡水河,新店溪,New Taipei / Taipei,24.957,121.539
01001,Xindian River - Bitan,2022-12-15T00:00:00,SS,8.177,mg/L,淡水河,新店溪,New Taipei / Taipei,24.957,121.539
01001,Xindian River - Bitan,2022-12-15T00:00:00,NH3-N,0.104,mg/L,淡水河,新店溪,New Taipei / Taipei,24.957,121.539
01001,Xindian River - Bitan,2023-01-15T00:00:00,DO,7.812,mg/L,淡水河,新店溪,New Taipei / Taipei,24.957,121.539
01001,Xindian River - Bitan,2023-01-15T00:00:00,BOD5,0.607,mg/L,淡水河,新店溪,New Taipei / Taipei,24.957,121.539
01001,Xindian River - Bitan,2023-01-15T00:00:00,SS,7.344,mg/L,淡水河,新店溪,New Taipei / Taipei,24.957,121.539
01001,Xindian River - Bitan,2023-01-15T00:00:00,NH3-N,0.109,mg/L,淡水河,新店溪,New Taipei / Taipei,24.957,121.539
01001,Xindian River - Bitan,2023-02-15T00:00:00,DO,8.493,mg/L,淡水河,新店溪,New Taipei / Taipei,24.957,121.539
01001,Xindian River - Bitan,2023-02-15T00:00:00,BOD5,0.643,mg/L,淡水河,新店溪,New Taipei / Taipei,24.957,121.539
01001,Xindian River - Bitan,2023-02-15T00:00:00,SS,5.606,mg/L,淡水河,新店溪,New Taipei / Taipei,24.957,121.539
01001,Xindian River - Bitan,2023-02-15T00:00:00,NH3-N,0.064,mg/L,淡水河,新店溪,New Taipei / Taipei,24.957,121.539
01001,Xindian River - Bitan,2023-03-15T00:00:00,DO,10.078,mg/L,淡水河,新店溪,New Taipei / Taipei,24.957,121.539
01001,Xindian River - Bitan,2023-03-15T00:00:00,BOD5,0.463,mg/L,淡水河,新店溪,New Taipei / Taipei,24.957,121.539
01001,Xindian River - Bitan,2023-03-15T00:00:00,SS,7.258,mg/L,淡水河,新店溪,New Taipei / Taipei,24.957,121.539
01001,Xindian River - Bitan,2023-03-15T00:00:00,NH3-N,0.234,mg/L,淡水河,新店溪,New Taipei / Taipei,24.957,121.539
01001,Xindian River - Bitan,2023-04-15T00:00:00,DO,10.243,mg/L,淡水河,新店溪,New Taipei / Taipei,24.957,121.539
01001,Xindian River - Bitan,2023-04-15T00:00:00,BOD5,0.566,mg/L,淡水河,新店溪,New Taipei / Taipei,24.957,121.539
01001,Xindian River - Bitan,2023-04-15T00:00:00,SS,9.079,mg/L,淡水河,新店溪,New Taipei / Taipei,24.957,121.539
01001,Xindian River - Bitan,2023-04-15T00:00:00,NH3-N,0.167,mg/L,淡水河,新店溪,New Taipei / Taipei,24.957,121.539
01001,Xindian River - Bitan,2023-05-15T00:00:00,DO,9.237,mg/L,淡水河,新店溪,New Taipei / Taipei,24.957,121.539
01001,Xindian River - Bitan,2023-05-15T00:00:00,BOD5,0.683,mg/L,淡水河,新店溪,New Taipei / Taipei,24.957,121.539
01001,Xindian River - Bitan,2023-05-15T00:00:00,SS,11.637,mg/L,淡水河,新店溪,New Taipei / Taipei,24.957,121.539
01001,Xindian River - Bitan,2023-05-15T00:00:00,NH3-N,0.196,mg/L,淡水河,新店溪,New Taipei / Taipei,24.957,121.539
01001,Xindian River - Bitan,2023-06-15T00:00:00,DO,8.241,mg/L,淡水河,新店溪,New Taipei / Taipei,24.957,121.539
01001,Xindian River - Bitan,2023-06-15T00:00:00,BOD5,0.863,mg/L,淡水河,新店溪,New Taipei / Taipei,24.957,121.539
01001,Xindian River - Bitan,2023-06-15T00:00:00,SS,13.563,mg/L,淡水河,新店溪,New Taipei / Taipei,24.957,121.539
01001,Xindian River - Bitan,2023-06-15T00:00:00,NH3-N,0.094,mg/L,淡水河,新店溪,New Taipei / Taipei,24.957,121.539
01001,Xindian River - Bitan,2023-07-15T00:00:00,DO,7.757,mg/L,淡水河,新店溪,New Taipei / Taipei,24.957,121.539
01001,Xindian River - Bitan,2023-07-15T00:00:00,BOD5,0.907,mg/L,淡水河,新店溪,New Taipei / Taipei,24.957,121.539
01001,Xindian River - Bitan,2023-07-15T00:00:00,SS,15.08,mg/L,淡水河,新店溪,New Taipei / Taipei,24.957,121.539
01001,Xindian River - Bitan,2023-07-15T00:00:00,NH3-N,0.137,mg/L,淡水河,新店溪,New Taipei / Taipei,24.957,121.539
01001,Xindian River - Bitan,2023-08-15T00:00:00,DO,8.263,mg/L,淡水河,新店溪,New Taipei / Taipei,24.957,121.539
01001,Xindian River - Bitan,2023-08-15T00:00:00,BOD5,1.141,mg/L,淡水河,新店溪,New Taipei / Taipei,24.957,121.539
01001,Xindian River - Bitan,2023-08-15T00:00:00,SS,14.286,mg/L,淡水河,新店溪,New Taipei / Taipei,24.957,121.539
01001,Xindian River - Bitan,2023-08-15T00:00:00,NH3-N,0.181,mg/L,淡水河,新店溪,New Taipei / Taipei,24.957,121.539
01001,Xindian River - Bitan,2023-09-15T00:00:00,DO,8.232,mg/L,淡水河,新店溪,New Taipei / Taipei,24.957,121.539
01001,Xindian River - Bitan,2023-09-15T00:00:00,BOD5,0.88,mg/L,淡水河,新店溪,New Taipei / Taipei,24.957,121.539
01001,Xindian River - Bitan,2023-09-15T00:00:00,SS,10.446,mg/L,淡水河,新店溪,New Taipei / Taipei,24.957,121.539
01001,Xindian River - Bitan,2023-09-15T00:00:00,NH3-N,0.173,mg/L,淡水河,新店溪,New Taipei / Taipei,24.957,121.539
01001,Xindian River - Bitan,2023-10-15T00:00:00,DO,8.442,mg/L,淡水河,新店溪,New Taipei / Taipei,24.957,121.539
01001,Xindian River - Bitan,2023-10-15T00:00:00,BOD5,1.219,mg/L,淡水河,新店溪,New Taipei / Taipei,24.957,121.539
01001,Xindian River - Bitan,2023-10-15T00:00:00,SS,13.933,mg/L,淡水河,新店溪,New Taipei / Taipei,24.957,121.539
01001,Xindian River - Bitan,2023-10-15T00:00:00,NH3-N,0.169,mg/L,淡水河,新店溪,New Taipei / Taipei,24.957,121.539
01001,Xindian River - Bitan,2023-11-15T00:00:00,DO,8.342,mg/L,淡水河,新店溪,New Taipei / Taipei,24.957,121.539
01001,Xindian River - Bitan,2023-11-15T00:00:00,BOD5,0.498,mg/L,淡水河,新店溪,New Taipei / Taipei,24.957,121.539
01001,Xindian River - Bitan,2023-11-15T00:00:00,SS,12.978,mg/L,淡水河,新店溪,New Taipei / Taipei,24.957,121.539
01001,Xindian River - Bitan,2023-11-15T00:00:00,NH3-N,0.156,mg/L,淡水河,新店溪,New Taipei / Taipei,24.957,121.539
01001,Xindian River - Bitan,2023-12-15T00:00:00,DO,9.308,mg/L,淡水河,新店溪,New Taipei / Taipei,24.957,121.539
01001,Xindian River - Bitan,2023-12-15T00:00:00,BOD5,0.313,mg/L,淡水河,新店溪,New Taipei / Taipei,24.957,121.539
01001,Xindian River - Bitan,2023-12-15T00:00:00,SS,12.319,mg/L,淡水河,新店溪,New Taipei / Taipei,24.957,121.539
01001,Xindian River - Bitan,2023-12-15T00:00:00,NH3-N,0.16,mg/L,淡水河,新店溪,New Taipei / Taipei,24.957,121.539
01001,Xindian River - Bitan,2024-01-15T00:00:00,DO,8.434,mg/L,淡水河,新店溪,New Taipei / Taipei,24.957,121.539
01001,Xindian River - Bitan,2024-01-15T00:00:00,BOD5,0.546,mg/L,淡水河,新店溪,New Taipei / Taipei,24.957,121.539
01001,Xindian River - Bitan,2024-01-15T00:00:00,SS,10.659,mg/L,淡水河,新店溪,New Taipei / Taipei,24.957,121.539
01001,Xindian River - Bitan,2024-01-15T00:00:00,NH3-N,0.138,mg/L,淡水河,新店溪,New Taipei / Taipei,24.957,121.539
01001,Xindian River - Bitan,2024-02-15T00:00:00,DO,8.844,mg/L,淡水河,新店溪,New Taipei / Taipei,24.957,121.539
01001,Xindian River - Bitan,2024-02-15T00:00:00,BOD5,0.641,mg/L,淡水河,新店溪,New Taipei / Taipei,24.957,121.539
01001,Xindian River - Bitan,2024-02-15T00:00:00,SS,9.37,mg/L,淡水河,新店溪,New Taipei / Taipei,24.957,121.539
01001,Xindian River - Bitan,2024-02-15T00:00:00,NH3-N,0.145,mg/L,淡水河,新店溪,New Taipei / Taipei,24.957,121.539
01001,Xindian River - Bitan,2024-03-15T00:00:00,DO,9.683,mg/L,淡水河,新店溪,New Taipei / Taipei,24.957,121.539
01001,Xindian River - Bitan,2024-03-15T00:00:00,BOD5,0.207,mg/L,淡水河,新店溪,New Taipei / Taipei,24.957,121.539
01001,Xindian River - Bitan,2024-03-15T00:00:00,SS,9.408,mg/L,淡水河,新店溪,New Taipei / Taipei,24.957,121.539
01001,Xindian River - Bitan,2024-03-15T00:00:00,NH3-N,0.151,mg/L,淡水河,新店溪,New Taipei / Taipei,24.957,121.539
01001,Xindian River - Bitan,2024-04-15T00:00:00,DO,8.678,mg/L,淡水河,新店溪,New Taipei / Taipei,24.957,121.539
01001,Xindian River - Bitan,2024-04-15T00:00:00,BOD5,0.726,mg/L,淡水河,新店溪,New Taipei / Taipei,24.957,121.539
01001,Xindian River - Bitan,2024-04-15T00:00:00,SS,5.608,mg/L,淡水河,新店溪,New Taipei / Taipei,24.957,121.539
01001,Xindian River - Bitan,2024-04-15T00:00:00,NH3-N,0.166,mg/L,淡水河,新店溪,New Taipei / Taipei,24.957,121.539
01001,Xindian River - Bitan,2024-05-15T00:00:00,DO,9.236,mg/L,淡水河,新店溪,New Taipei / Taipei,24.957,121.539
01001,Xindian River - Bitan,2024-05-15T00:00:00,BOD5,0.573,mg/L,淡水河,新店溪,New Taipei / Taipei,24.957,121.539
01001,Xindian River - Bitan,2024-05-15T00:00:00,SS,14.41,mg/L,淡水河,新店溪,New Taipei / Taipei,24.957,121.539
01001,Xindian River - Bitan,2024-05-15T00:00:00,NH3-N,0.141,mg/L,淡水河,新店溪,New Taipei / Taipei,24.957,121.539
01001,Xindian River - Bitan,2024-06-15T00:00:00,DO,7.944,mg/L,淡水河,新店溪,New Taipei / Taipei,24.957,121.539
01001,Xindian River - Bitan,2024-06-15T00:00:00,BOD5,0.728,mg/L,淡水河,新店溪,New Taipei / Taipei,24.957,121.539
01001,Xindian River - Bitan,2024-06-15T00:00:00,SS,13.061,mg/L,淡水河,新店溪,New Taipei / Taipei,24.957,121.539
01001,Xindian River - Bitan,2024-06-15T00:00:00,NH3-N,0.228,mg/L,淡水河,新店溪,New Taipei / Taipei,24.957,121.539
01001,Xindian River - Bitan,2024-07-15T00:00:00,DO,8.25,mg/L,淡水河,新店溪,New Taipei / Taipei,24.957,121.539
01001,Xindian River - Bitan,2024-07-15T00:00:00,BOD5,1.306,mg/L,淡水河,新店溪,New Taipei / Taipei,24.957,121.539
01001,Xindian River - Bitan,2024-07-15T00:00:00,SS,17.444,mg/L,淡水河,新店溪,New Taipei / Taipei,24.957,121.539
01001,Xindian River - Bitan,2024-07-15T00:00:00,NH3-N,0.187,mg/L,淡水河,新店溪,New Taipei / Taipei,24.957,121.539
01001,Xindian River - Bitan,2024-08-15T00:00:00,DO,9.027,mg/L,淡水河,新店溪,New Taipei / Taipei,24.957,121.539
01001,Xindian River - Bitan,2024-08-15T00:00:00,BOD5,1.026,mg/L,淡水河,新店溪,New Taipei / Taipei,24.957,121.539
01001,Xindian River - Bitan,2024-08-15T00:00:00,SS,15.967,mg/L,淡水河,新店溪,New Taipei / Taipei,24.957,121.539
01001,Xindian River - Bitan,2024-08-15T00:00:00,NH3-N,0.148,mg/L,淡水河,新店溪,New Taipei / Taipei,24.957,121.539
01001,Xindian River - Bitan,2024-09-15T00:00:00,DO,8.24,mg/L,淡水河,新店溪,New Taipei / Taipei,24.957,121.539
01001,Xindian River - Bitan,2024-09-15T00:00:00,BOD5,0.741,mg/L,淡水河,新店溪,New Taipei / Taipei,24.957,121.539
01001,Xindian River - Bitan,2024-09-15T00:00:00,SS,14.724,mg/L,淡水河,新店溪,New Taipei / Taipei,24.957,121.539
01001,Xindian River - Bitan,2024-09-15T00:00:00,NH3-N,0.099,mg/L,淡水河,新店溪,New Taipei / Taipei,24.957,121.539
01001,Xindian River - Bitan,2024-10-15T00:00:00,DO,8.969,mg/L,淡水河,新店溪,New Taipei / Taipei,24.957,121.539
01001,Xindian River - Bitan,2024-10-15T00:00:00,BOD5,0.762,mg/L,淡水河,新店溪,New Taipei / Taipei,24.957,121.539
01001,Xindian River - Bitan,2024-10-15T00:00:00,SS,12.928,mg/L,淡水河,新店溪,New Taipei / Taipei,24.957,121.539
01001,Xindian River - Bitan,2024-10-15T00:00:00,NH3-N,0.188,mg/L,淡水河,新店溪,New Taipei / Taipei,24.957,121.539
01001,Xindian River - Bitan,2024-11-15T00:00:00,DO,9.892,mg/L,淡水河,新店溪,New Taipei / Taipei,24.957,121.539
01001,Xindian River - Bitan,2024-11-15T00:00:00,BOD5,0.866,mg/L,淡水河,新店溪,New Taipei / Taipei,24.957,121.539
01001,Xindian River - Bitan,2024-11-15T00:00:00,SS,6.07,mg/L,淡水河,新店溪,New Taipei / Taipei,24.957,121.539
01001,Xindian River - Bitan,2024-11-15T00:00:00,NH3-N,0.139,mg/L,淡水河,新店溪,New Taipei / Taipei,24.957,121.539
01001,Xindian River - Bitan,2024-12-15T00:00:00,DO,8.316,mg/L,淡水河,新店溪,New Taipei / Taipei,24.957,121.539
01001,Xindian River - Bitan,2024-12-15T00:00:00,BOD5,0.558,mg/L,淡水河,新店溪,New Taipei / Taipei,24.957,121.539
01001,Xindian River - Bitan,2024-12-15T00:00:00,SS,13.778,mg/L,淡水河,新店溪,New Taipei / Taipei,24.957,121.539
01001,Xindian River - Bitan,2024-12-15T00:00:00,NH3-N,0.169,mg/L,淡水河,新店溪,New Taipei / Taipei,24.957,121.539
02001,Dahan River - Shanchia,2018-02-15T00:00:00,DO,8.1,mg/L,淡水河,大漢溪,New Taipei / Taipei,24.965,121.404
02001,Dahan River - Shanchia,2018-02-15T00:00:00,BOD5,0.773,mg/L,淡水河,大漢溪,New Taipei / Taipei,24.965,121.404
02001,Dahan River - Shanchia,2018-02-15T00:00:00,SS,15.123,mg/L,淡水河,大漢溪,New Taipei / Taipei,24.965,121.404
02001,Dahan River - Shanchia,2018-02-15T00:00:00,NH3-N,0.168,mg/L,淡水河,大漢溪,New Taipei / Taipei,24.965,121.404
02001,Dahan River - Shanchia,2018-03-15T00:00:00,DO,7.897,mg/L,淡水河,大漢溪,New Taipei / Taipei,24.965,121.404
02001,Dahan River - Shanchia,2018-03-15T00:00:00,BOD5,1.147,mg/L,淡水河,大漢溪,New Taipei / Taipei,24.965,121.404
02001,Dahan River - Shanchia,2018-03-15T00:00:00,SS,19.332,mg/L,淡水河,大漢溪,New Taipei / Taipei,24.965,121.404
02001,Dahan River - Shanchia,2018-03-15T00:00:00,NH3-N,0.268,mg/L,淡水河,大漢溪,New Taipei / Taipei,24.965,121.404
02001,Dahan River - Shanchia,2018-04-15T00:00:00,DO,6.625,mg/L,淡水河,大漢溪,New Taipei / Taipei,24.965,121.404
02001,Dahan River - Shanchia,2018-04-15T00:00:00,BOD5,1.266,mg/L,淡水河,大漢溪,New Taipei / Taipei,24.965,121.404
02001,Dahan River - Shanchia,2018-04-15T00:00:00,SS,15.27,mg/L,淡水河,大漢溪,New Taipei / Taipei,24.965,121.404
02001,Dahan River - Shanchia,2018-04-15T00:00:00,NH3-N,0.271,mg/L,淡水河,大漢溪,New Taipei / Taipei,24.965,121.404
02001,Dahan River - Shanchia,2018-05-15T00:00:00,DO,8.67,mg/L,淡水河,大漢溪,New Taipei / Taipei,24.965,121.404
02001,Dahan River - Shanchia,2018-05-15T00:00:00,BOD5,0.874,mg/L,淡水河,大漢溪,New Taipei / Taipei,24.965,121.404
02001,Dahan River - Shanchia,2018-05-15T00:00:00,SS,16.158,mg/L,淡水河,大漢溪,New Taipei / Taipei,24.965,121.404
02001,Dahan River - Shanchia,2018-05-15T00:00:00,NH3-N,0.292,mg/L,淡水河,大漢溪,New Taipei / Taipei,24.965,121.404
02001,Dahan River - Shanchia,2018-06-15T00:00:00,DO,6.531,mg/L,淡水河,大漢溪,New Taipei / Taipei,24.965,121.404
02001,Dahan River - Shanchia,2018-06-15T00:00:00,BOD5,1.727,mg/L,淡水河,大漢溪,New Taipei / Taipei,24.965,121.404
02001,Dahan River - Shanchia,2018-06-15T00:00:00,SS,22.227,mg/L,淡水河,大漢溪,New Taipei / Taipei,24.965,121.404
02001,Dahan River - Shanchia,2018-06-15T00:00:00,NH3-N,0.314,mg/L,淡水河,大漢溪,New Taipei / Taipei,24.965,121.404
02001,Dahan River - Shanchia,2018-07-15T00:00:00,DO,7.057,mg/L,淡水河,大漢溪,New Taipei / Taipei,24.965,121.404
02001,Dahan River - Shanchia,2018-07-15T00:00:00,BOD5,1.616,mg/L,淡水河,大漢溪,New Taipei / Taipei,24.965,121.404
02001,Dahan River - Shanchia,2018-07-15T00:00:00,SS,25.757,mg/L,淡水河,大漢溪,New Taipei / Taipei,24.965,121.404
02001,Dahan River - Shanchia,2018-07-15T00:00:00,NH3-N,0.287,mg/L,淡水河,大漢溪,New Taipei / Taipei,24.965,121.404
02001,Dahan River - Shanchia,2018-08-15T00:00:00,DO,7.621,mg/L,淡水河,大漢溪,New Taipei / Taipei,24.965,121.404
02001,Dahan River - Shanchia,2018-08-15T00:00:00,BOD5,1.466,mg/L,淡水河,大漢溪,New Taipei / Taipei,24.965,121.404
02001,Dahan River - Shanchia,2018-08-15T00:00:00,SS,17.608,mg/L,淡水河,大漢溪,New Taipei / Taipei,24.965,121.404
02001,Dahan River - Shanchia,2018-08-15T00:00:00,NH3-N,0.264,mg/L,淡水河,大漢溪,New Taipei / Taipei,24.965,121.404
02001,Dahan River - Shanchia,2018-09-15T00:00:00,DO,7.608,mg/L,淡水河,大漢溪,New Taipei / Taipei,24.965,121.404
02001,Dahan River - Shanchia,2018-09-15T00:00:00,BOD5,1.403,mg/L,淡水河,大漢溪,New Taipei / Taipei,24.965,121.404
02001,Dahan River - Shanchia,2018-09-15T00:00:00,SS,22.124,mg/L,淡水河,大漢溪,New Taipei / Taipei,24.965,121.404
02001,Dahan River - Shanchia,2018-09-15T00:00:00,NH3-N,0.21,mg/L,淡水河,大漢溪,New Taipei / Taipei,24.965,121.404
02001,Dahan River - Shanchia,2018-10-15T00:00:00,DO,7.925,mg/L,淡水河,大漢溪,New Taipei / Taipei,24.965,121.404
02001,Dahan River - Shanchia,2018-10-15T00:00:00,BOD5,1.52,mg/L,淡水河,大漢溪,New Taipei / Taipei,24.965,121.404
02001,Dahan River - Shanchia,2018-10-15T00:00:00,SS,12.212,mg/L,淡水河,大漢溪,New Taipei / Taipei,24.965,121.404
02001,Dahan River - Shanchia,2018-10-15T00:00:00,NH3-N,0.209,mg/L,淡水河,大漢溪,New Taipei / Taipei,24.965,121.404
02001,Dahan River - Shanchia,2018-11-15T00:00:00,DO,8.421,mg/L,淡水河,大漢溪,New Taipei / Taipei,24.965,121.404
02001,Dahan River - Shanchia,2018-11-15T00:00:00,BOD5,1.262,mg/L,淡水河,大漢溪,New Taipei / Taipei,24.965,121.404
02001,Dahan River - Shanchia,2018-11-15T00:00:00,SS,15.043,mg/L,淡水河,大漢溪,New Taipei / Taipei,24.965,121.404
02001,Dahan River - Shanchia,2018-11-15T00:00:00,NH3-N,0.304,mg/L,淡水河,大漢溪,New Taipei / Taipei,24.965,121.404
02001,Dahan River - Shanchia,2018-12-15T00:00:00,DO,9.034,mg/L,淡水河,大漢溪,New Taipei / Taipei,24.965,121.404
02001,Dahan River - Shanchia,2018-12-15T00:00:00,BOD5,1.174,mg/L,淡水河,大漢溪,New Taipei / Taipei,24.965,121.404
02001,Dahan River - Shanchia,2018-12-15T00:00:00,SS,17.078,mg/L,淡水河,大漢溪,New Taipei / Taipei,24.965,121.404
02001,Dahan River - Shanchia,2018-12-15T00:00:00,NH3-N,0.345,mg/L,淡水河,大漢溪,New Taipei / Taipei,24.965,121.404
02001,Dahan River - Shanchia,2019-01-15T00:00:00,DO,8.477,mg/L,淡水河,大漢溪,New Taipei / Taipei,24.965,121.404
02001,Dahan River - Shanchia,2019-01-15T00:00:00,BOD5,0.527,mg/L,淡水河,大漢溪,New Taipei / Taipei,24.965,121.404
02001,Dahan River - Shanchia,2019-01-15T00:00:00,SS,21.016,mg/L,淡水河,大漢溪,New Taipei / Taipei,24.965,121.404
02001,Dahan River - Shanchia,2019-01-15T00:00:00,NH3-N,0.202,mg/L,淡水河,大漢溪,New Taipei / Taipei,24.965,121.404
02001,Dahan River - Shanchia,2019-02-15T00:00:00,DO,8.584,mg/L,淡水河,大漢溪,New Taipei / Taipei,24.965,121.404
02001,Dahan River - Shanchia,2019-02-15T00:00:00,BOD5,1.275,mg/L,淡水河,大漢溪,New Taipei / Taipei,24.965,121.404
02001,Dahan River - Shanchia,2019-02-15T00:00:00,SS,8.992,mg/L,淡水河,大漢溪,New Taipei / Taipei,24.965,121.404
02001,Dahan River - Shanchia,2019-02-15T00:00:00,NH3-N,0.166,mg/L,淡水河,大漢溪,New Taipei / Taipei,24.965,121.404
02001,Dahan River - Shanchia,2019-03-15T00:00:00,DO,7.339,mg/L,淡水河,大漢溪,New Taipei / Taipei,24.965,121.404
02001,Dahan River - Shanchia,2019-03-15T00:00:00,BOD5,0.908,mg/L,淡水河,大漢溪,New Taipei / Taipei,24.965,121.404
02001,Dahan River - Shanchia,2019-03-15T00:00:00,SS,16.649,mg/L,淡水河,大漢溪,New Taipei / Taipei,24.965,121.404
02001,Dahan River - Shanchia,2019-03-15T00:00:00,NH3-N,0.264,mg/L,淡水河,大漢溪,New Taipei / Taipei,24.965,121.404
02001,Dahan River - Shanchia,2019-04-15T00:00:00,DO,8.166,mg/L,淡水河,大漢溪,New Taipei / Taipei,24.965,121.404
02001,Dahan River - Shanchia,2019-04-15T00:00:00,BOD5,0.895,mg/L,淡水河,大漢溪,New Taipei / Taipei,24.965,121.404
02001,Dahan River - Shanchia,2019-04-15T00:00:00,SS,6.337,mg/L,淡水河,大漢溪,New Taipei / Taipei,24.965,121.404
02001,Dahan River - Shanchia,2019-04-15T00:00:00,NH3-N,0.253,mg/L,淡水河,大漢溪,New Taipei / Taipei,24.965,121.404
02001,Dahan River - Shanchia,2019-05-15T00:00:00,DO,7.417,mg/L,淡水河,大漢溪,New Taipei / Taipei,24.965,121.404
02001,Dahan River - Shanchia,2019-05-15T00:00:00,BOD5,1.419,mg/L,淡水河,大漢溪,New Taipei / Taipei,24.965,121.404
02001,Dahan River - Shanchia,2019-05-15T00:00:00,SS,21.007,mg/L,淡水河,大漢溪,New Taipei / Taipei,24.965,121.404
02001,Dahan River - Shanchia,2019-05-15T00:00:00,NH3-N,0.269,mg/L,淡水河,大漢溪,New Taipei / Taipei,24.965,121.404
02001,Dahan River - Shanchia,2019-06-15T00:00:00,DO,7.936,mg/L,淡水河,大漢溪,New Taipei / Taipei,24.965,121.404
02001,Dahan River - Shanchia,2019-06-15T00:00:00,BOD5,1.457,mg/L,淡水河,大漢溪,New Taipei / Taipei,24.965,121.404
02001,Dahan River - Shanchia,2019-06-15T00:00:00,SS,22.833,mg/L,淡水河,大漢溪,New Taipei / Taipei,24.965,121.404
02001,Dahan River - Shanchia,2019-06-15T00:00:00,NH3-N,0.236,mg/L,淡水河,大漢溪,New Taipei / Taipei,24.965,121.404
02001,Dahan River - Shanchia,2019-07-15T00:00:00,DO,7.292,mg/L,淡水河,大漢溪,New Taipei / Taipei,24.965,121.404
02001,Dahan River - Shanchia,2019-07-15T00:00:00,BOD5,1.483,mg/L,淡水河,大漢溪,New Taipei / Taipei,24.965,121.404
02001,Dahan River - Shanchia,2019-07-15T00:00:00,SS,24.827,mg/L,淡水河,大漢溪,New Taipei / Taipei,24.965,121.404
02001,Dahan River - Shanchia,2019-07-15T00:00:00,NH3-N,0.255,mg/L,淡水河,大漢溪,New Taipei / Taipei,24.965,121.404
02001,Dahan River - Shanchia,2019-08-15T00:00:00,DO,7.793,mg/L,淡水河,大漢溪,New Taipei / Taipei,24.965,121.404
02001,Dahan River - Shanchia,2019-08-15T00:00:00,BOD5,1.35,mg/L,淡水河,大漢溪,New Taipei / Taipei,24.965,121.404
02001,Dahan River - Shanchia,2019-08-15T00:00:00,SS,20.405,mg/L,淡水河,大漢溪,New Taipei / Taipei,24.965,121.404
02001,Dahan River - Shanchia,2019-08-15T00:00:00,NH3-N,0.313,mg/L,淡水河,大漢溪,New Taipei / Taipei,24.965,121.404
02001,Dahan River - Shanchia,2019-09-15T00:00:00,DO,6.504,mg/L,淡水河,大漢溪,New Taipei / Taipei,24.965,121.404
02001,Dahan River - Shanchia,2019-09-15T00:00:00,BOD5,1.04,mg/L,淡水河,大漢溪,New Taipei / Taipei,24.965,121.404
02001,Dahan River - Shanchia,2019-09-15T00:00:00,SS,12.817,mg/L,淡水河,大漢溪,New Taipei / Taipei,24.965,121.404
02001,Dahan River - Shanchia,2019-09-15T00:00:00,NH3-N,0.146,mg/L,淡水河,大漢溪,New Taipei / Taipei,24.965,121.404
02001,Dahan River - Shanchia,2019-10-15T00:00:00,DO,7.593,mg/L,淡水河,大漢溪,New Taipei / Taipei,24.965,121.404
02001,Dahan River - Shanchia,2019-10-15T00:00:00,BOD5,1.362,mg/L,淡水河,大漢溪,New Taipei / Taipei,24.965,121.404
02001,Dahan River - Shanchia,2019-10-15T00:00:00,SS,13.932,mg/L,淡水河,大漢溪,New Taipei / Taipei,24.965,121.404
02001,Dahan River - Shanchia,2019-10-15T00:00:00,NH3-N,0.26,mg/L,淡水河,大漢溪,New Taipei / Taipei,24.965,121.404
02001,Dahan River - Shanchia,2019-11-15T00:00:00,DO,8.954,mg/L,淡水河,大漢溪,New Taipei / Taipei,24.965,121.404
02001,Dahan River - Shanchia,2019-11-15T00:00:00,BOD5,1.367,mg/L,淡水河,大漢溪,New Taipei / Taipei,24.965,121.404
02001,Dahan River - Shanchia,2019-11-15T00:00:00,SS,14.741,mg/L,淡水河,大漢溪,New Taipei / Taipei,24.965,121.404
02001,Dahan River - Shanchia,2019-11-15T00:00:00,NH3-N,0.305,mg/L,淡水河,大漢溪,New Taipei / Taipei,24.965,121.404
02001,Dahan River - Shanchia,2019-12-15T00:00:00,DO,8.575,mg/L,淡水河,大漢溪,New Taipei / Taipei,24.965,121.404
02001,Dahan River - Shanchia,2019-12-15T00:00:00,BOD5,0.811,mg/L,淡水河,大漢溪,New Taipei / Taipei,24.965,121.404
02001,Dahan River - Shanchia,2019-12-15T00:00:00,SS,12.771,mg/L,淡水河,大漢溪,New Taipei / Taipei,24.965,121.404
02001,Dahan River - Shanchia,2019-12-15T00:00:00,NH3-N,0.154,mg/L,淡水河,大漢溪,New Taipei / Taipei,24.965,121.404
02001,Dahan River - Shanchia,2020-01-15T00:00:00,DO,8.067,mg/L,淡水河,大漢溪,New Taipei / Taipei,24.965,121.404
02001,Dahan River - Shanchia,2020-01-15T00:00:00,BOD5,0.883,mg/L,淡水河,大漢溪,New Taipei / Taipei,24.965,121.404
02001,Dahan River - Shanchia,2020-01-15T00:00:00,SS,18.013,mg/L,淡水河,大漢溪,New Taipei / Taipei,24.965,121.404
02001,Dahan River - Shanchia,2020-01-15T00:00:00,NH3-N,0.311,mg/L,淡水河,大漢溪,New Taipei / Taipei,24.965,121.404
02001,Dahan River - Shanchia,2020-02-15T00:00:00,DO,7.69,mg/L,淡水河,大漢溪,New Taipei / Taipei,24.965,121.404
02001,Dahan River - Shanchia,2020-02-15T00:00:00,BOD5,1.077,mg/L,淡水河,大漢溪,New Taipei / Taipei,24.965,121.404
02001,Dahan River - Shanchia,2020-02-15T00:00:00,SS,11.098,mg/L,淡水河,大漢溪,New Taipei / Taipei,24.965,121.404
02001,Dahan River - Shanchia,2020-02-15T00:00:00,NH3-N,0.252,mg/L,淡水河,大漢溪,New Taipei / Taipei,24.965,121.404
02001,Dahan River - Shanchia,2020-03-15T00:00:00,DO,8.221,mg/L,淡水河,大漢溪,New Taipei / Taipei,24.965,121.404
02001,Dahan River - Shanchia,2020-03-15T00:00:00,BOD5,0.685,mg/L,淡水河,大漢溪,New Taipei / Taipei,24.965,121.404
02001,Dahan River - Shanchia,2020-03-15T00:00:00,SS,18.481,mg/L,淡水河,大漢溪,New Taipei / Taipei,24.965,121.404
02001,Dahan River - Shanchia,2020-03-15T00:00:00,NH3-N,0.207,mg/L,淡水河,大漢溪,New Taipei / Taipei,24.965,121.404
02001,Dahan River - Shanchia,2020-04-15T00:00:00,DO,7.68,mg/L,淡水河,大漢溪,New Taipei / Taipei,24.965,121.404
02001,Dahan River - Shanchia,2020-04-15T00:00:00,BOD5,0.969,mg/L,淡水河,大漢溪,New Taipei / Taipei,24.965,121.404
02001,Dahan River - Shanchia,2020-04-15T00:00:00,SS,12.546,mg/L,淡水河,大漢溪,New Taipei / Taipei,24.965,121.404
02001,Dahan River - Shanchia,2020-04-15T00:00:00,NH3-N,0.271,mg/L,淡水河,大漢溪,New Taipei / Taipei,24.965,121.404
02001,Dahan River - Shanchia,2020-05-15T00:00:00,DO,7.586,mg/L,淡水河,大漢溪,New Taipei / Taipei,24.965,121.404
02001,Dahan River - Shanchia,2020-05-15T00:00:00,BOD5,1.391,mg/L,淡水河,大漢溪,New Taipei / Taipei,24.965,121.404
02001,Dahan River - Shanchia,2020-05-15T00:00:00,SS,19.732,mg/L,淡水河,大漢溪,New Taipei / Taipei,24.965,121.404
02001,Dahan River - Shanchia,2020-05-15T00:00:00,NH3-N,0.329,mg/L,淡水河,大漢溪,New Taipei / Taipei,24.965,121.404
02001,Dahan River - Shanchia,2020-06-15T00:00:00,DO,7.275,mg/L,淡水河,大漢溪,New Taipei / Taipei,24.965,121.404
02001,Dahan River - Shanchia,2020-06-15T00:00:00,BOD5,1.089,mg/L,淡水河,大漢溪,New Taipei / Taipei,24.965,121.404
02001,Dahan River - Shanchia,2020-06-15T00:00:00,SS,24.848,mg/L,淡水河,大漢溪,New Taipei / Taipei,24.965,121.404
02001,Dahan River - Shanchia,2020-06-15T00:00:00,NH3-N,0.255,mg/L,淡水河,大漢溪,New Taipei / Taipei,24.965,121.404
02001,Dahan River - Shanchia,2020-07-15T00:00:00,DO,8.069,mg/L,淡水河,大漢溪,New Taipei / Taipei,24.965,121.404
02001,Dahan River - Shanchia,2020-07-15T00:00:00,BOD5,1.523,mg/L,淡水河,大漢溪,New Taipei / Taipei,24.965,121.404
02001,Dahan River - Shanchia,2020-07-15T00:00:00,SS,21.258,mg/L,淡水河,大漢溪,New Taipei / Taipei,24.965,121.404
02001,Dahan River - Shanchia,2020-07-15T00:00:00,NH3-N,0.292,mg/L,淡水河,大漢溪,New Taipei / Taipei,24.965,121.404
02001,Dahan River - Shanchia,2020-08-15T00:00:00,DO,8.651,mg/L,淡水河,大漢溪,New Taipei / Taipei,24.965,121.404
02001,Dahan River - Shanchia,2020-08-15T00:00:00,BOD5,1.856,mg/L,淡水河,大漢溪,New Taipei / Taipei,24.965,121.404
02001,Dahan River - Shanchia,2020-08-15T00:00:00,SS,21.106,mg/L,淡水河,大漢溪,New Taipei / Taipei,24.965,121.404
02001,Dahan River - Shanchia,2020-08-15T00:00:00,NH3-N,0.28,mg/L,淡水河,大漢溪,New Taipei / Taipei,24.965,121.404
02001,Dahan River - Shanchia,2020-09-15T00:00:00,DO,8.346,mg/L,淡水河,大漢溪,New Taipei / Taipei,24.965,121.404
02001,Dahan River - Shanchia,2020-09-15T00:00:00,BOD5,1.137,mg/L,淡水河,大漢溪,New Taipei / Taipei,24.965,121.404
02001,Dahan River - Shanchia,2020-09-15T00:00:00,SS,19.624,mg/L,淡水河,大漢溪,New Taipei / Taipei,24.965,121.404
02001,Dahan River - Shanchia,2020-09-15T00:00:00,NH3-N,0.261,mg/L,淡水河,大漢溪,New Taipei / Taipei,24.965,121.404
02001,Dahan River - Shanchia,2020-10-15T00:00:00,DO,8.188,mg/L,淡水河,大漢溪,New Taipei / Taipei,24.965,121.404
02001,Dahan River - Shanchia,2020-10-15T00:00:00,BOD5,1.02,mg/L,淡水河,大漢溪,New Taipei / Taipei,24.965,121.404
02001,Dahan River - Shanchia,2020-10-15T00:00:00,SS,9.039,mg/L,淡水河,大漢溪,New Taipei / Taipei,24.965,121.404
02001,Dahan River - Shanchia,2020-10-15T00:00:00,NH3-N,0.146,mg/L,淡水河,大漢溪,New Taipei / Taipei,24.965,121.404
02001,Dahan River - Shanchia,2020-11-15T00:00:00,DO,7.63,mg/L,淡水河,大漢溪,New Taipei / Taipei,24.965,121.404
02001,Dahan River - Shanchia,2020-11-15T00:00:00,BOD5,0.981,mg/L,淡水河,大漢溪,New Taipei / Taipei,24.965,121.404
02001,Dahan River - Shanchia,2020-11-15T00:00:00,SS,13.901,mg/L,淡水河,大漢溪,New Taipei / Taipei,24.965,121.404
02001,Dahan River - Shanchia,2020-11-15T00:00:00,NH3-N,0.334,mg/L,淡水河,大漢溪,New Taipei / Taipei,24.965,121.404
02001,Dahan River - Shanchia,2020-12-15T00:00:00,DO,9.183,mg/L,淡水河,大漢溪,New Taipei / Taipei,24.965,121.404
02001,Dahan River - Shanchia,2020-12-15T00:00:00,BOD5,0.784,mg/L,淡水河,大漢溪,New Taipei / Taipei,24.965,121.404
02001,Dahan River - Shanchia,2020-12-15T00:00:00,SS,16.304,mg/L,淡水河,大漢溪,New Taipei / Taipei,24.965,121.404
02001,Dahan River - Shanchia,2020-12-15T00:00:00,NH3-N,0.208,mg/L,淡水河,大漢溪,New Taipei / Taipei,24.965,121.404
02001,Dahan River - Shanchia,2021-01-15T00:00:00,DO,8.429,mg/L,淡水河,大漢溪,New Taipei / Taipei,24.965,121.404
02001,Dahan River - Shanchia,2021-01-15T00:00:00,BOD5,1.0,mg/L,淡水河,大漢溪,New Taipei / Taipei,24.965,121.404
02001,Dahan River - Shanchia,2021-01-15T00:00:00,SS,17.322,mg/L,淡水河,大漢溪,New Taipei / Taipei,24.965,121.404
02001,Dahan River - Shanchia,2021-01-15T00:00:00,NH3-N,0.208,mg/L,淡水河,大漢溪,New Taipei / Taipei,24.965,121.404
02001,Dahan River - Shanchia,2021-02-15T00:00:00,DO,9.158,mg/L,淡水河,大漢溪,New Taipei / Taipei,24.965,121.404
02001,Dahan River - Shanchia,2021-02-15T00:00:00,BOD5,0.745,mg/L,淡水河,大漢溪,New Taipei / Taipei,24.965,121.404
02001,Dahan River - Shanchia,2021-02-15T00:00:00,SS,15.024,mg/L,淡水河,大漢溪,New Taipei / Taipei,24.965,121.404
02001,Dahan River - Shanchia,2021-02-15T00:00:00,NH3-N,0.358,mg/L,淡水河,大漢溪,New Taipei / Taipei,24.965,121.404
02001,Dahan River - Shanchia,2021-03-15T00:00:00,DO,8.434,mg/L,淡水河,大漢溪,New Taipei / Taipei,24.965,121.404
02001,Dahan River - Shanchia,2021-03-15T00:00:00,BOD5,1.39,mg/L,淡水河,大漢溪,New Taipei / Taipei,24.965,121.404
02001,Dahan River - Shanchia,2021-03-15T00:00:00,SS,15.343,mg/L,淡水河,大漢溪,New Taipei / Taipei,24.965,121.404
02001,Dahan River - Shanchia,2021-03-15T00:00:00,NH3-N,0.267,mg/L,淡水河,大漢溪,New Taipei / Taipei,24.965,121.404
02001,Dahan River - Shanchia,2021-04-15T00:00:00,DO,7.966,mg/L,淡水河,大漢溪,New Taipei / Taipei,24.965,121.404
02001,Dahan River - Shanchia,2021-04-15T00:00:00,BOD5,1.163,mg/L,淡水河,大漢溪,New Taipei / Taipei,24.965,121.404
02001,Dahan River - Shanchia,2021-04-15T00:00:00,SS,12.077,mg/L,淡水河,大漢溪,New Taipei / Taipei,24.965,121.404
02001,Dahan River - Shanchia,2021-04-15T00:00:00,NH3-N,0.272,mg/L,淡水河,大漢溪,New Taipei / Taipei,24.965,121.404
02001,Dahan River - Shanchia,2021-05-15T00:00:00,DO,7.189,mg/L,淡水河,大漢溪,New Taipei / Taipei,24.965,121.404
02001,Dahan River - Shanchia,2021-05-15T00:00:00,BOD5,1.464,mg/L,淡水河,大漢溪,New Taipei / Taipei,24.965,121.404
02001,Dahan River - Shanchia,2021-05-15T00:00:00,SS,22.445,mg/L,淡水河,大漢溪,New Taipei / Taipei,24.965,121.404
02001,Dahan River - Shanchia,2021-05-15T00:00:00,NH3-N,0.281,mg/L,淡水河,大漢溪,New Taipei / Taipei,24.965,121.404
02001,Dahan River - Shanchia,2021-06-15T00:00:00,DO,7.309,mg/L,淡水河,大漢溪,New Taipei / Taipei,24.965,121.404
02001,Dahan River - Shanchia,2021-06-15T00:00:00,BOD5,1.506,mg/L,淡水河,大漢溪,New Taipei / Taipei,24.965,121.404
02001,Dahan River - Shanchia,2021-06-15T00:00:00,SS,19.688,mg/L,淡水河,大漢溪,New Taipei / Taipei,24.965,121.404
02001,Dahan River - Shanchia,2021-06-15T00:00:00,NH3-N,0.318,mg/L,淡水河,大漢溪,New Taipei / Taipei,24.965,121.404
02001,Dahan River - Shanchia,2021-07-15T00:00:00,DO,6.301,mg/L,淡水河,大漢溪,New Taipei / Taipei,24.965,121.404
02001,Dahan River - Shanchia,2021-07-15T00:00:00,BOD5,1.368,mg/L,淡水河,大漢溪,New Taipei / Taipei,24.965,121.404
02001,Dahan River - Shanchia,2021-07-15T00:00:00,SS,14.284,mg/L,淡水河,大漢溪,New Taipei / Taipei,24.965,121.404
02001,Dahan River - Shanchia,2021-07-15T00:00:00,NH3-N,0.2,mg/L,淡水河,大漢溪,New Taipei / Taipei,24.965,121.404
02001,Dahan River - Shanchia,2021-08-15T00:00:00,DO,8.299,mg/L,淡水河,大漢溪,New Taipei / Taipei,24.965,121.404
02001,Dahan River - Shanchia,2021-08-15T00:00:00,BOD5,1.601,mg/L,淡水河,大漢溪,New Taipei / Taipei,24.965,121.404
02001,Dahan River - Shanchia,2021-08-15T00:00:00,SS,18.148,mg/L,淡水河,大漢溪,New Taipei / Taipei,24.965,121.404
02001,Dahan River - Shanchia,2021-08-15T00:00:00,NH3-N,0.197,mg/L,淡水河,大漢溪,New Taipei / Taipei,24.965,121.404
02001,Dahan River - Shanchia,2021-09-15T00:00:00,DO,5.921,mg/L,淡水河,大漢溪,New Taipei / Taipei,24.965,121.404
02001,Dahan River - Shanchia,2021-09-15T00:00:00,BOD5,1.203,mg/L,淡水河,大漢溪,New Taipei / Taipei,24.965,121.404
02001,Dahan River - Shanchia,2021-09-15T00:00:00,SS,27.452,mg/L,淡水河,大漢溪,New Taipei / Taipei,24.965,121.404
02001,Dahan River - Shanchia,2021-09-15T00:00:00,NH3-N,0.284,mg/L,淡水河,大漢溪,New Taipei / Taipei,24.965,121.404
02001,Dahan River - Shanchia,2021-10-15T00:00:00,DO,7.664,mg/L,淡水河,大漢溪,New Taipei / Taipei,24.965,121.404
02001,Dahan River - Shanchia,2021-10-15T00:00:00,BOD5,1.3,mg/L,淡水河,大漢溪,New Taipei / Taipei,24.965,121.404
02001,Dahan River - Shanchia,2021-10-15T00:00:00,SS,9.146,mg/L,淡水河,大漢溪,New Taipei / Taipei,24.965,121.404
02001,Dahan River - Shanchia,2021-10-15T00:00:00,NH3-N,0.235,mg/L,淡水河,大漢溪,New Taipei / Taipei,24.965,121.404
02001,Dahan River - Shanchia,2021-11-15T00:00:00,DO,8.36,mg/L,淡水河,大漢溪,New Taipei / Taipei,24.965,121.404
02001,Dahan River - Shanchia,2021-11-15T00:00:00,BOD5,1.061,mg/L,淡水河,大漢溪,New Taipei / Taipei,24.965,121.404
02001,Dahan River - Shanchia,2021-11-15T00:00:00,SS,17.966,mg/L,淡水河,大漢溪,New Taipei / Taipei,24.965,121.404
02001,Dahan River - Shanchia,2021-11-15T00:00:00,NH3-N,0.255,mg/L,淡水河,大漢溪,New Taipei / Taipei,24.965,121.404
02001,Dahan River - Shanchia,2021-12-15T00:00:00,DO,8.921,mg/L,淡水河,大漢溪,New Taipei / Taipei,24.965,121.404
02001,Dahan River - Shanchia,2021-12-15T00:00:00,BOD5,0.843,mg/L,淡水河,大漢溪,New Taipei / Taipei,24.965,121.404
02001,Dahan River - Shanchia,2021-12-15T00:00:00,SS,18.367,mg/L,淡水河,大漢溪,New Taipei / Taipei,24.965,121.404
02001,Dahan River - Shanchia,2021-12-15T00:00:00,NH3-N,0.31,mg/L,淡水河,大漢溪,New Taipei / Taipei,24.965,121.404
02001,Dahan River - Shanchia,2022-01-15T00:00:00,DO,8.018,mg/L,淡水河,大漢溪,New Taipei / Taipei,24.965,121.404
02001,Dahan River - Shanchia,2022-01-15T00:00:00,BOD5,0.768,mg/L,淡水河,大漢溪,New Taipei / Taipei,24.965,121.404
02001,Dahan River - Shanchia,2022-01-15T00:00:00,SS,20.009,mg/L,淡水河,大漢溪,New Taipei / Taipei,24.965,121.404
02001,Dahan River - Shanchia,2022-01-15T00:00:00,NH3-N,0.215,mg/L,淡水河,大漢溪,New Taipei / Taipei,24.965,121.404
02001,Dahan River - Shanchia,2022-02-15T00:00:00,DO,9.362,mg/L,淡水河,大漢溪,New Taipei / Taipei,24.965,121.404
02001,Dahan River - Shanchia,2022-02-15T00:00:00,BOD5,0.897,mg/L,淡水河,大漢溪,New Taipei / Taipei,24.965,121.404
02001,Dahan River - Shanchia,2022-02-15T00:00:00,SS,20.456,mg/L,淡水河,大漢溪,New Taipei / Taipei,24.965,121.404
02001,Dahan River - Shanchia,2022-02-15T00:00:00,NH3-N,0.235,mg/L,淡水河,大漢溪,New Taipei / Taipei,24.965,121.404
02001,Dahan River - Shanchia,2022-03-15T00:00:00,DO,8.455,mg/L,淡水河,大漢溪,New Taipei / Taipei,24.965,121.404
02001,Dahan River - Shanchia,2022-03-15T00:00:00,BOD5,1.418,mg/L,淡水河,大漢溪,New Taipei / Taipei,24.965,121.404
02001,Dahan River - Shanchia,2022-03-15T00:00:00,SS,13.643,mg/L,淡水河,大漢溪,New Taipei / Taipei,24.965,121.404
02001,Dahan River - Shanchia,2022-03-15T00:00:00,NH3-N,0.19,mg/L,淡水河,大漢溪,New Taipei / Taipei,24.965,121.404
02001,Dahan River - Shanchia,2022-04-15T00:00:00,DO,7.731,mg/L,淡水河,大漢溪,New Taipei / Taipei,24.965,121.404
02001,Dahan River - Shanchia,2022-04-15T00:00:00,BOD5,1.298,mg/L,淡水河,大漢溪,New Taipei / Taipei,24.965,121.404
02001,Dahan River - Shanchia,2022-04-15T00:00:00,SS,9.128,mg/L,淡水河,大漢溪,New Taipei / Taipei,24.965,121.404
02001,Dahan River - Shanchia,2022-04-15T00:00:00,NH3-N,0.282,mg/L,淡水河,大漢溪,New Taipei / Taipei,24.965,121.404
02001,Dahan River - Shanchia,2022-05-15T00:00:00,DO,7.377,mg/L,淡水河,大漢溪,New Taipei / Taipei,24.965,121.404
02001,Dahan River - Shanchia,2022-05-15T00:00:00,BOD5,1.568,mg/L,淡水河,大漢溪,New Taipei / Taipei,24.965,121.404
02001,Dahan River - Shanchia,2022-05-15T00:00:00,SS,9.397,mg/L,淡水河,大漢溪,New Taipei / Taipei,24.965,121.404
02001,Dahan River - Shanchia,2022-05-15T00:00:00,NH3-N,0.223,mg/L,淡水河,大漢溪,New Taipei / Taipei,24.965,121.404
02001,Dahan River - Shanchia,2022-06-15T00:00:00,DO,6.469,mg/L,淡水河,大漢溪,New Taipei / Taipei,24.965,121.404
02001,Dahan River - Shanchia,2022-06-15T00:00:00,BOD5,1.229,mg/L,淡水河,大漢溪,New Taipei / Taipei,24.965,121.404
02001,Dahan River - Shanchia,2022-06-15T00:00:00,SS,21.774,mg/L,淡水河,大漢溪,New Taipei / Taipei,24.965,121.404
02001,Dahan River - Shanchia,2022-06-15T00:00:00,NH3-N,0.263,mg/L,淡水河,大漢溪,New Taipei / Taipei,24.965,121.404
02001,Dahan River - Shanchia,2022-07-15T00:00:00,DO,7.248,mg/L,淡水河,大漢溪,New Taipei / Taipei,24.965,121.404
02001,Dahan River - Shanchia,2022-07-15T00:00:00,BOD5,1.406,mg/L,淡水河,大漢溪,New Taipei / Taipei,24.965,121.404
02001,Dahan River - Shanchia,2022-07-15T00:00:00,SS,22.513,mg/L,淡水河,大漢溪,New Taipei / Taipei,24.965,121.404
02001,Dahan River - Shanchia,2022-07-15T00:00:00,NH3-N,0.225,mg/L,淡水河,大漢溪,New Taipei / Taipei,24.965,121.404
02001,Dahan River - Shanchia,2022-08-15T00:00:00,DO,7.904,mg/L,淡水河,大漢溪,New Taipei / Taipei,24.965,121.404
02001,Dahan River - Shanchia,2022-08-15T00:00:00,BOD5,1.551,mg/L,淡水河,大漢溪,New Taipei / Taipei,24.965,121.404
02001,Dahan River - Shanchia,2022-08-15T00:00:00,SS,22.29,mg/L,淡水河,大漢溪,New Taipei / Taipei,24.965,121.404
02001,Dahan River - Shanchia,2022-08-15T00:00:00,NH3-N,0.299,mg/L,淡水河,大漢溪,New Taipei / Taipei,24.965,121.404
02001,Dahan River - Shanchia,2022-09-15T00:00:00,DO,7.878,mg/L,淡水河,大漢溪,New Taipei / Taipei,24.965,121.404
02001,Dahan River - Shanchia,2022-09-15T00:00:00,BOD5,1.76,mg/L,淡水河,大漢溪,New Taipei / Taipei,24.965,121.404
02001,Dahan River - Shanchia,2022-09-15T00:00:00,SS,18.048,mg/L,淡水河,大漢溪,New Taipei / Taipei,24.965,121.404
02001,Dahan River - Shanchia,2022-09-15T00:00:00,NH3-N,0.247,mg/L,淡水河,大漢溪,New Taipei / Taipei,24.965,121.404
02001,Dahan River - Shanchia,2022-10-15T00:00:00,DO,7.548,mg/L,淡水河,大漢溪,New Taipei / Taipei,24.965,121.404
02001,Dahan River - Shanchia,2022-10-15T00:00:00,BOD5,0.977,mg/L,淡水河,大漢溪,New Taipei / Taipei,24.965,121.404
02001,Dahan River - Shanchia,2022-10-15T00:00:00,SS,10.333,mg/L,淡水河,大漢溪,New Taipei / Taipei,24.965,121.404
02001,Dahan River - Shanchia,2022-10-15T00:00:00,NH3-N,0.206,mg/L,淡水河,大漢溪,New Taipei / Taipei,24.965,121.404
02001,Dahan River - Shanchia,2022-11-15T00:00:00,DO,8.258,mg/L,淡水河,大漢溪,New Taipei / Taipei,24.965,121.404
02001,Dahan River - Shanchia,2022-11-15T00:00:00,BOD5,1.152,mg/L,淡水河,大漢溪,New Taipei / Taipei,24.965,121.404
02001,Dahan River - Shanchia,2022-11-15T00:00:00,SS,15.192,mg/L,淡水河,大漢溪,New Taipei / Taipei,24.965,121.404
02001,Dahan River - Shanchia,2022-11-15T00:00:00,NH3-N,0.199,mg/L,淡水河,大漢溪,New Taipei / Taipei,24.965,121.404
02001,Dahan River - Shanchia,2022-12-15T00:00:00,DO,9.06,mg/L,淡水河,大漢溪,New Taipei / Taipei,24.965,121.404
02001,Dahan River - Shanchia,2022-12-15T00:00:00,BOD5,1.152,mg/L,淡水河,大漢溪,New Taipei / Taipei,24.965,121.404
02001,Dahan River - Shanchia,2022-12-15T00:00:00,SS,14.401,mg/L,淡水河,大漢溪,New Taipei / Taipei,24.965,121.404
02001,Dahan River - Shanchia,2022-12-15T00:00:00,NH3-N,0.196,mg/L,淡水河,大漢溪,New Taipei / Taipei,24.965,121.404
02001,Dahan River - Shanchia,2023-01-15T00:00:00,DO,8.929,mg/L,淡水河,大漢溪,New Taipei / Taipei,24.965,121.404
02001,Dahan River - Shanchia,2023-01-15T00:00:00,BOD5,1.001,mg/L,淡水河,大漢溪,New Taipei / Taipei,24.965,121.404
02001,Dahan River - Shanchia,2023-01-15T00:00:00,SS,9.57,mg/L,淡水河,大漢溪,New Taipei / Taipei,24.965,121.404
02001,Dahan River - Shanchia,2023-01-15T00:00:00,NH3-N,0.222,mg/L,淡水河,大漢溪,New Taipei / Taipei,24.965,121.404
02001,Dahan River - Shanchia,2023-02-15T00:00:00,DO,8.677,mg/L,淡水河,大漢溪,New Taipei / Taipei,24.965,121.404
02001,Dahan River - Shanchia,2023-02-15T00:00:00,BOD5,0.798,mg/L,淡水河,大漢溪,New Taipei / Taipei,24.965,121.404
02001,Dahan River - Shanchia,2023-02-15T00:00:00,SS,15.712,mg/L,淡水河,大漢溪,New Taipei / Taipei,24.965,121.404
02001,Dahan River - Shanchia,2023-02-15T00:00:00,NH3-N,0.156,mg/L,淡水河,大漢溪,New Taipei / Taipei,24.965,121.404
02001,Dahan River - Shanchia,2023-03-15T00:00:00,DO,9.102,mg/L,淡水河,大漢溪,New Taipei / Taipei,24.965,121.404
02001,Dahan River - Shanchia,2023-03-15T00:00:00,BOD5,1.35,mg/L,淡水河,大漢溪,New Taipei / Taipei,24.965,121.404
02001,Dahan River - Shanchia,2023-03-15T00:00:00,SS,14.053,mg/L,淡水河,大漢溪,New Taipei / Taipei,24.965,121.404
02001,Dahan River - Shanchia,2023-03-15T00:00:00,NH3-N,0.256,mg/L,淡水河,大漢溪,New Taipei / Taipei,24.965,121.404
02001,Dahan River - Shanchia,2023-04-15T00:00:00,DO,6.554,mg/L,淡水河,大漢溪,New Taipei / Taipei,24.965,121.404
02001,Dahan River - Shanchia,2023-04-15T00:00:00,BOD5,0.95,mg/L,淡水河,大漢溪,New Taipei / Taipei,24.965,121.404
02001,Dahan River - Shanchia,2023-04-15T00:00:00,SS,13.898,mg/L,淡水河,大漢溪,New Taipei / Taipei,24.965,121.404
02001,Dahan River - Shanchia,2023-04-15T00:00:00,NH3-N,0.196,mg/L,淡水河,大漢溪,New Taipei / Taipei,24.965,121.404
02001,Dahan River - Shanchia,2023-05-15T00:00:00,DO,8.129,mg/L,淡水河,大漢溪,New Taipei / Taipei,24.965,121.404
02001,Dahan River - Shanchia,2023-05-15T00:00:00,BOD5,1.751,mg/L,淡水河,大漢溪,New Taipei / Taipei,24.965,121.404
02001,Dahan River - Shanchia,2023-05-15T00:00:00,SS,13.963,mg/L,淡水河,大漢溪,New Taipei / Taipei,24.965,121.404
02001,Dahan River - Shanchia,2023-05-15T00:00:00,NH3-N,0.221,mg/L,淡水河,大漢溪,New Taipei / Taipei,24.965,121.404
02001,Dahan River - Shanchia,2023-06-15T00:00:00,DO,7.622,mg/L,淡水河,大漢溪,New Taipei / Taipei,24.965,121.404
02001,Dahan River - Shanchia,2023-06-15T00:00:00,BOD5,1.756,mg/L,淡水河,大漢溪,New Taipei / Taipei,24.965,121.404
02001,Dahan River - Shanchia,2023-06-15T00:00:00,SS,16.262,mg/L,淡水河,大漢溪,New Taipei / Taipei,24.965,121.404
02001,Dahan River - Shanchia,2023-06-15T00:00:00,NH3-N,0.284,mg/L,淡水河,大漢溪,New Taipei / Taipei,24.965,121.404
02001,Dahan River - Shanchia,2023-07-15T00:00:00,DO,8.493,mg/L,淡水河,大漢溪,New Taipei / Taipei,24.965,121.404
02001,Dahan River - Shanchia,2023-07-15T00:00:00,BOD5,1.083,mg/L,淡水河,大漢溪,New Taipei / Taipei,24.965,121.404
02001,Dahan River - Shanchia,2023-07-15T00:00:00,SS,16.946,mg/L,淡水河,大漢溪,New Taipei / Taipei,24.965,121.404
02001,Dahan River - Shanchia,2023-07-15T00:00:00,NH3-N,0.254,mg/L,淡水河,大漢溪,New Taipei / Taipei,24.965,121.404
02001,Dahan River - Shanchia,2023-08-15T00:00:00,DO,7.168,mg/L,淡水河,大漢溪,New Taipei / Taipei,24.965,121.404
02001,Dahan River - Shanchia,2023-08-15T00:00:00,BOD5,1.583,mg/L,淡水河,大漢溪,New Taipei / Taipei,24.965,121.404
02001,Dahan River - Shanchia,2023-08-15T00:00:00,SS,21.752,mg/L,淡水河,大漢溪,New Taipei / Taipei,24.965,121.404
02001,Dahan River - Shanchia,2023-08-15T00:00:00,NH3-N,0.183,mg/L,淡水河,大漢溪,New Taipei / Taipei,24.965,121.404
02001,Dahan River - Shanchia,2023-09-15T00:00:00,DO,8.009,mg/L,淡水河,大漢溪,New Taipei / Taipei,24.965,121.404
02001,Dahan River - Shanchia,2023-09-15T00:00:00,BOD5,1.195,mg/L,淡水河,大漢溪,New Taipei / Taipei,24.965,121.404
02001,Dahan River - Shanchia,2023-09-15T00:00:00,SS,23.154,mg/L,淡水河,大漢溪,New Taipei / Taipei,24.965,121.404
02001,Dahan River - Shanchia,2023-09-15T00:00:00,NH3-N,0.231,mg/L,淡水河,大漢溪,New Taipei / Taipei,24.965,121.404
02001,Dahan River - Shanchia,2023-10-15T00:00:00,DO,7.618,mg/L,淡水河,大漢溪,New Taipei / Taipei,24.965,121.404
02001,Dahan River - Shanchia,2023-10-15T00:00:00,BOD5,1.317,mg/L,淡水河,大漢溪,New Taipei / Taipei,24.965,121.404
02001,Dahan River - Shanchia,2023-10-15T00:00:00,SS,17.861,mg/L,淡水河,大漢溪,New Taipei / Taipei,24.965,121.404
02001,Dahan River - Shanchia,2023-10-15T00:00:00,NH3-N,0.272,mg/L,淡水河,大漢溪,New Taipei / Taipei,24.965,121.404
02001,Dahan River - Shanchia,2023-11-15T00:00:00,DO,7.289,mg/L,淡水河,大漢溪,New Taipei / Taipei,24.965,121.404
02001,Dahan River - Shanchia,2023-11-15T00:00:00,BOD5,1.196,mg/L,淡水河,大漢溪,New Taipei / Taipei,24.965,121.404
02001,Dahan River - Shanchia,2023-11-15T00:00:00,SS,11.121,mg/L,淡水河,大漢溪,New Taipei / Taipei,24.965,121.404
02001,Dahan River - Shanchia,2023-11-15T00:00:00,NH3-N,0.249,mg/L,淡水河,大漢溪,New Taipei / Taipei,24.965,121.404
02001,Dahan River - Shanchia,2023-12-15T00:00:00,DO,7.665,mg/L,淡水河,大漢溪,New Taipei / Taipei,24.965,121.404
02001,Dahan River - Shanchia,2023-12-15T00:00:00,BOD5,1.089,mg/L,淡水河,大漢溪,New Taipei / Taipei,24.965,121.404
02001,Dahan River - Shanchia,2023-12-15T00:00:00,SS,11.975,mg/L,淡水河,大漢溪,New Taipei / Taipei,24.965,121.404
02001,Dahan River - Shanchia,2023-12-15T00:00:00,NH3-N,0.164,mg/L,淡水河,大漢溪,New Taipei / Taipei,24.965,121.404
02001,Dahan River - Shanchia,2024-01-15T00:00:00,DO,9.028,mg/L,淡水河,大漢溪,New Taipei / Taipei,24.965,121.404
02001,Dahan River - Shanchia,2024-01-15T00:00:00,BOD5,1.012,mg/L,淡水河,大漢溪,New Taipei / Taipei,24.965,121.404
02001,Dahan River - Shanchia,2024-01-15T00:00:00,SS,12.698,mg/L,淡水河,大漢溪,New Taipei / Taipei,24.965,121.404
02001,Dahan River - Shanchia,2024-01-15T00:00:00,NH3-N,0.298,mg/L,淡水河,大漢溪,New Taipei / Taipei,24.965,121.404
02001,Dahan River - Shanchia,2024-02-15T00:00:00,DO,8.255,mg/L,淡水河,大漢溪,New Taipei / Taipei,24.965,121.404
02001,Dahan River - Shanchia,2024-02-15T00:00:00,BOD5,0.999,mg/L,淡水河,大漢溪,New Taipei / Taipei,24.965,121.404
02001,Dahan River - Shanchia,2024-02-15T00:00:00,SS,16.008,mg/L,淡水河,大漢溪,New Taipei / Taipei,24.965,121.404
02001,Dahan River - Shanchia,2024-02-15T00:00:00,NH3-N,0.197,mg/L,淡水河,大漢溪,New Taipei / Taipei,24.965,121.404
02001,Dahan River - Shanchia,2024-03-15T00:00:00,DO,8.583,mg/L,淡水河,大漢溪,New Taipei / Taipei,24.965,121.404
02001,Dahan River - Shanchia,2024-03-15T00:00:00,BOD5,0.965,mg/L,淡水河,大漢溪,New Taipei / Taipei,24.965,121.404
02001,Dahan River - Shanchia,2024-03-15T00:00:00,SS,13.456,mg/L,淡水河,大漢溪,New Taipei / Taipei,24.965,121.404
02001,Dahan River - Shanchia,2024-03-15T00:00:00,NH3-N,0.306,mg/L,淡水河,大漢溪,New Taipei / Taipei,24.965,121.404
02001,Dahan River - Shanchia,2024-04-15T00:00:00,DO,7.376,mg/L,淡水河,大漢溪,New Taipei / Taipei,24.965,121.404
02001,Dahan River - Shanchia,2024-04-15T00:00:00,BOD5,0.679,mg/L,淡水河,大漢溪,New Taipei / Taipei,24.965,121.404
02001,Dahan River - Shanchia,2024-04-15T00:00:00,SS,21.041,mg/L,淡水河,大漢溪,New Taipei / Taipei,24.965,121.404
02001,Dahan River - Shanchia,2024-04-15T00:00:00,NH3-N,0.377,mg/L,淡水河,大漢溪,New Taipei / Taipei,24.965,121.404
02001,Dahan River - Shanchia,2024-05-15T00:00:00,DO,7.457,mg/L,淡水河,大漢溪,New Taipei / Taipei,24.965,121.404
02001,Dahan River - Shanchia,2024-05-15T00:00:00,BOD5,0.902,mg/L,淡水河,大漢溪,New Taipei / Taipei,24.965,121.404
02001,Dahan River - Shanchia,2024-05-15T00:00:00,SS,17.211,mg/L,淡水河,大漢溪,New Taipei / Taipei,24.965,121.404
02001,Dahan River - Shanchia,2024-05-15T00:00:00,NH3-N,0.248,mg/L,淡水河,大漢溪,New Taipei / Taipei,24.965,121.404
02001,Dahan River - Shanchia,2024-06-15T00:00:00,DO,7.366,mg/L,淡水河,大漢溪,New Taipei / Taipei,24.965,121.404
02001,Dahan River - Shanchia,2024-06-15T00:00:00,BOD5,1.167,mg/L,淡水河,大漢溪,New Taipei / Taipei,24.965,121.404
02001,Dahan River - Shanchia,2024-06-15T00:00:00,SS,23.019,mg/L,淡水河,大漢溪,New Taipei / Taipei,24.965,121.404
02001,Dahan River - Shanchia,2024-06-15T00:00:00,NH3-N,0.298,mg/L,淡水河,大漢溪,New Taipei / Taipei,24.965,121.404
02001,Dahan River - Shanchia,2024-07-15T00:00:00,DO,6.503,mg/L,淡水河,大漢溪,New Taipei / Taipei,24.965,121.404
02001,Dahan River - Shanchia,2024-07-15T00:00:00,BOD5,1.591,mg/L,淡水河,大漢溪,New Taipei / Taipei,24.965,121.404
02001,Dahan River - Shanchia,2024-07-15T00:00:00,SS,29.448,mg/L,淡水河,大漢溪,New Taipei / Taipei,24.965,121.404
02001,Dahan River - Shanchia,2024-07-15T00:00:00,NH3-N,0.284,mg/L,淡水河,大漢溪,New Taipei / Taipei,24.965,121.404
02001,Dahan River - Shanchia,2024-08-15T00:00:00,DO,7.278,mg/L,淡水河,大漢溪,New Taipei / Taipei,24.965,121.404
02001,Dahan River - Shanchia,2024-08-15T00:00:00,BOD5,1.377,mg/L,淡水河,大漢溪,New Taipei / Taipei,24.965,121.404
02001,Dahan River - Shanchia,2024-08-15T00:00:00,SS,23.153,mg/L,淡水河,大漢溪,New Taipei / Taipei,24.965,121.404
02001,Dahan River - Shanchia,2024-08-15T00:00:00,NH3-N,0.185,mg/L,淡水河,大漢溪,New Taipei / Taipei,24.965,121.404
02001,Dahan River - Shanchia,2024-09-15T00:00:00,DO,7.799,mg/L,淡水河,大漢溪,New Taipei / Taipei,24.965,121.404
02001,Dahan River - Shanchia,2024-09-15T00:00:00,BOD5,1.236,mg/L,淡水河,大漢溪,New Taipei / Taipei,24.965,121.404
02001,Dahan River - Shanchia,2024-09-15T00:00:00,SS,25.304,mg/L,淡水河,大漢溪,New Taipei / Taipei,24.965,121.404
02001,Dahan River - Shanchia,2024-09-15T00:00:00,NH3-N,0.254,mg/L,淡水河,大漢溪,New Taipei / Taipei,24.965,121.404
02001,Dahan River - Shanchia,2024-10-15T00:00:00,DO,9.001,mg/L,淡水河,大漢溪,New Taipei / Taipei,24.965,121.404
02001,Dahan River - Shanchia,2024-10-15T00:00:00,BOD5,0.962,mg/L,淡水河,大漢溪,New Taipei / Taipei,24.965,121.404
02001,Dahan River - Shanchia,2024-10-15T00:00:00,SS,17.202,mg/L,淡水河,大漢溪,New Taipei / Taipei,24.965,121.404
02001,Dahan River - Shanchia,2024-10-15T00:00:00,NH3-N,0.266,mg/L,淡水河,大漢溪,New Taipei / Taipei,24.965,121.404
02001,Dahan River - Shanchia,2024-11-15T00:00:00,DO,7.779,mg/L,淡水河,大漢溪,New Taipei / Taipei,24.965,121.404
02001,Dahan River - Shanchia,2024-11-15T00:00:00,BOD5,1.118,mg/L,淡水河,大漢溪,New Taipei / Taipei,24.965,121.404
02001,Dahan River - Shanchia,2024-11-15T00:00:00,SS,19.547,mg/L,淡水河,大漢溪,New Taipei / Taipei,24.965,121.404
02001,Dahan River - Shanchia,2024-11-15T00:00:00,NH3-N,0.221,mg/L,淡水河,大漢溪,New Taipei / Taipei,24.965,121.404
02001,Dahan River - Shanchia,2024-12-15T00:00:00,DO,7.504,mg/L,淡水河,大漢溪,New Taipei / Taipei,24.965,121.404
02001,Dahan River - Shanchia,2024-12-15T00:00:00,BOD5,0.988,mg/L,淡水河,大漢溪,New Taipei / Taipei,24.965,121.404
02001,Dahan River - Shanchia,2024-12-15T00:00:00,SS,11.616,mg/L,淡水河,大漢溪,New Taipei / Taipei,24.965,121.404
02001,Dahan River - Shanchia,2024-12-15T00:00:00,NH3-N,0.211,mg/L,淡水河,大漢溪,New Taipei / Taipei,24.965,121.404
03001,Xindian River - Xiulang Br.,2018-02-15T00:00:00,DO,6.971,mg/L,淡水河,新店溪,New Taipei / Taipei,25.001,121.511
03001,Xindian River - Xiulang Br.,2018-02-15T00:00:00,BOD5,1.663,mg/L,淡水河,新店溪,New Taipei / Taipei,25.001,121.511
03001,Xindian River - Xiulang Br.,2018-02-15T00:00:00,SS,16.69,mg/L,淡水河,新店溪,New Taipei / Taipei,25.001,121.511
03001,Xindian River - Xiulang Br.,2018-02-15T00:00:00,NH3-N,0.858,mg/L,淡水河,新店溪,New Taipei / Taipei,25.001,121.511
03001,Xindian River - Xiulang Br.,2018-03-15T00:00:00,DO,6.489,mg/L,淡水河,新店溪,New Taipei / Taipei,25.001,121.511
03001,Xindian River - Xiulang Br.,2018-03-15T00:00:00,BOD5,1.403,mg/L,淡水河,新店溪,New Taipei / Taipei,25.001,121.511
03001,Xindian River - Xiulang Br.,2018-03-15T00:00:00,SS,33.494,mg/L,淡水河,新店溪,New Taipei / Taipei,25.001,121.511
03001,Xindian River - Xiulang Br.,2018-03-15T00:00:00,NH3-N,0.854,mg/L,淡水河,新店溪,New Taipei / Taipei,25.001,121.511
03001,Xindian River - Xiulang Br.,2018-04-15T00:00:00,DO,6.077,mg/L,淡水河,新店溪,New Taipei / Taipei,25.001,121.511
03001,Xindian River - Xiulang Br.,2018-04-15T00:00:00,BOD5,2.442,mg/L,淡水河,新店溪,New Taipei / Taipei,25.001,121.511
03001,Xindian River - Xiulang Br.,2018-04-15T00:00:00,SS,33.851,mg/L,淡水河,新店溪,New Taipei / Taipei,25.001,121.511
03001,Xindian River - Xiulang Br.,2018-04-15T00:00:00,NH3-N,0.909,mg/L,淡水河,新店溪,New Taipei / Taipei,25.001,121.511
03001,Xindian River - Xiulang Br.,2018-05-15T00:00:00,DO,7.637,mg/L,淡水河,新店溪,New Taipei / Taipei,25.001,121.511
03001,Xindian River - Xiulang Br.,2018-05-15T00:00:00,BOD5,3.762,mg/L,淡水河,新店溪,New Taipei / Taipei,25.001,121.511
03001,Xindian River - Xiulang Br.,2018-05-15T00:00:00,SS,37.014,mg/L,淡水河,新店溪,New Taipei / Taipei,25.001,121.511
03001,Xindian River - Xiulang Br.,2018-05-15T00:00:00,NH3-N,0.864,mg/L,淡水河,新店溪,New Taipei / Taipei,25.001,121.511
03001,Xindian River - Xiulang Br.,2018-06-15T00:00:00,DO,6.48,mg/L,淡水河,新店溪,New Taipei / Taipei,25.001,121.511
03001,Xindian River - Xiulang Br.,2018-06-15T00:00:00,BOD5,4.114,mg/L,淡水河,新店溪,New Taipei / Taipei,25.001,121.511
03001,Xindian River - Xiulang Br.,2018-06-15T00:00:00,SS,47.674,mg/L,淡水河,新店溪,New Taipei / Taipei,25.001,121.511
03001,Xindian River - Xiulang Br.,2018-06-15T00:00:00,NH3-N,0.835,mg/L,淡水河,新店溪,New Taipei / Taipei,25.001,121.511
03001,Xindian River - Xiulang Br.,2018-07-15T00:00:00,DO,5.651,mg/L,淡水河,新店溪,New Taipei / Taipei,25.001,121.511
03001,Xindian River - Xiulang Br.,2018-07-15T00:00:00,BOD5,3.564,mg/L,淡水河,新店溪,New Taipei / Taipei,25.001,121.511
03001,Xindian River - Xiulang Br.,2018-07-15T00:00:00,SS,46.136,mg/L,淡水河,新店溪,New Taipei / Taipei,25.001,121.511
03001,Xindian River - Xiulang Br.,2018-07-15T00:00:00,NH3-N,1.19,mg/L,淡水河,新店溪,New Taipei / Taipei,25.001,121.511
03001,Xindian River - Xiulang Br.,2018-08-15T00:00:00,DO,5.72,mg/L,淡水河,新店溪,New Taipei / Taipei,25.001,121.511
03001,Xindian River - Xiulang Br.,2018-08-15T00:00:00,BOD5,3.51,mg/L,淡水河,新店溪,New Taipei / Taipei,25.001,121.511
03001,Xindian River - Xiulang Br.,2018-08-15T00:00:00,SS,41.11,mg/L,淡水河,新店溪,New Taipei / Taipei,25.001,121.511
03001,Xindian River - Xiulang Br.,2018-08-15T00:00:00,NH3-N,0.882,mg/L,淡水河,新店溪,New Taipei / Taipei,25.001,121.511
03001,Xindian River - Xiulang Br.,2018-09-15T00:00:00,DO,6.789,mg/L,淡水河,新店溪,New Taipei / Taipei,25.001,121.511
03001,Xindian River - Xiulang Br.,2018-09-15T00:00:00,BOD5,2.223,mg/L,淡水河,新店溪,New Taipei / Taipei,25.001,121.511
03001,Xindian River - Xiulang Br.,2018-09-15T00:00:00,SS,28.513,mg/L,淡水河,新店溪,New Taipei / Taipei,25.001,121.511
03001,Xindian River - Xiulang Br.,2018-09-15T00:00:00,NH3-N,0.759,mg/L,淡水河,新店溪,New Taipei / Taipei,25.001,121.511
03001,Xindian River - Xiulang Br.,2018-10-15T00:00:00,DO,5.128,mg/L,淡水河,新店溪,New Taipei / Taipei,25.001,121.511
03001,Xindian River - Xiulang Br.,2018-10-15T00:00:00,BOD5,2.645,mg/L,淡水河,新店溪,New Taipei / Taipei,25.001,121.511
03001,Xindian River - Xiulang Br.,2018-10-15T00:00:00,SS,21.594,mg/L,淡水河,新店溪,New Taipei / Taipei,25.001,121.511
03001,Xindian River - Xiulang Br.,2018-10-15T00:00:00,NH3-N,0.816,mg/L,淡水河,新店溪,New Taipei / Taipei,25.001,121.511
03001,Xindian River - Xiulang Br.,2018-11-15T00:00:00,DO,7.49,mg/L,淡水河,新店溪,New Taipei / Taipei,25.001,121.511
03001,Xindian River - Xiulang Br.,2018-11-15T00:00:00,BOD5,2.739,mg/L,淡水河,新店溪,New Taipei / Taipei,25.001,121.511
03001,Xindian River - Xiulang Br.,2018-11-15T00:00:00,SS,20.784,mg/L,淡水河,新店溪,New Taipei / Taipei,25.001,121.511
03001,Xindian River - Xiulang Br.,2018-11-15T00:00:00,NH3-N,0.798,mg/L,淡水河,新店溪,New Taipei / Taipei,25.001,121.511
03001,Xindian River - Xiulang Br.,2018-12-15T00:00:00,DO,7.674,mg/L,淡水河,新店溪,New Taipei / Taipei,25.001,121.511
03001,Xindian River - Xiulang Br.,2018-12-15T00:00:00,BOD5,2.084,mg/L,淡水河,新店溪,New Taipei / Taipei,25.001,121.511
03001,Xindian River - Xiulang Br.,2018-12-15T00:00:00,SS,21.626,mg/L,淡水河,新店溪,New Taipei / Taipei,25.001,121.511
03001,Xindian River - Xiulang Br.,2018-12-15T00:00:00,NH3-N,0.871,mg/L,淡水河,新店溪,New Taipei / Taipei,25.001,121.511
03001,Xindian River - Xiulang Br.,2019-01-15T00:00:00,DO,6.995,mg/L,淡水河,新店溪,New Taipei / Taipei,25.001,121.511
03001,Xindian River - Xiulang Br.,2019-01-15T00:00:00,BOD5,2.933,mg/L,淡水河,新店溪,New Taipei / Taipei,25.001,121.511
03001,Xindian River - Xiulang Br.,2019-01-15T00:00:00,SS,27.904,mg/L,淡水河,新店溪,New Taipei / Taipei,25.001,121.511
03001,Xindian River - Xiulang Br.,2019-01-15T00:00:00,NH3-N,0.884,mg/L,淡水河,新店溪,New Taipei / Taipei,25.001,121.511
03001,Xindian River - Xiulang Br.,2019-02-15T00:00:00,DO,6.429,mg/L,淡水河,新店溪,New Taipei / Taipei,25.001,121.511
03001,Xindian River - Xiulang Br.,2019-02-15T00:00:00,BOD5,2.639,mg/L,淡水河,新店溪,New Taipei / Taipei,25.001,121.511
03001,Xindian River - Xiulang Br.,2019-02-15T00:00:00,SS,26.525,mg/L,淡水河,新店溪,New Taipei / Taipei,25.001,121.511
03001,Xindian River - Xiulang Br.,2019-02-15T00:00:00,NH3-N,0.57,mg/L,淡水河,新店溪,New Taipei / Taipei,25.001,121.511
03001,Xindian River - Xiulang Br.,2019-03-15T00:00:00,DO,5.894,mg/L,淡水河,新店溪,New Taipei / Taipei,25.001,121.511
03001,Xindian River - Xiulang Br.,2019-03-15T00:00:00,BOD5,3.275,mg/L,淡水河,新店溪,New Taipei / Taipei,25.001,121.511
03001,Xindian River - Xiulang Br.,2019-03-15T00:00:00,SS,25.543,mg/L,淡水河,新店溪,New Taipei / Taipei,25.001,121.511
03001,Xindian River - Xiulang Br.,2019-03-15T00:00:00,NH3-N,0.634,mg/L,淡水河,新店溪,New Taipei / Taipei,25.001,121.511
03001,Xindian River - Xiulang Br.,2019-04-15T00:00:00,DO,6.477,mg/L,淡水河,新店溪,New Taipei / Taipei,25.001,121.511
03001,Xindian River - Xiulang Br.,2019-04-15T00:00:00,BOD5,3.85,mg/L,淡水河,新店溪,New Taipei / Taipei,25.001,121.511
03001,Xindian River - Xiulang Br.,2019-04-15T00:00:00,SS,12.035,mg/L,淡水河,新店溪,New Taipei / Taipei,25.001,121.511
03001,Xindian River - Xiulang Br.,2019-04-15T00:00:00,NH3-N,0.596,mg/L,淡水河,新店溪,New Taipei / Taipei,25.001,121.511
03001,Xindian River - Xiulang Br.,2019-05-15T00:00:00,DO,5.684,mg/L,淡水河,新店溪,New Taipei / Taipei,25.001,121.511
03001,Xindian River - Xiulang Br.,2019-05-15T00:00:00,BOD5,4.362,mg/L,淡水河,新店溪,New Taipei / Taipei,25.001,121.511
03001,Xindian River - Xiulang Br.,2019-05-15T00:00:00,SS,36.278,mg/L,淡水河,新店溪,New Taipei / Taipei,25.001,121.511
03001,Xindian River - Xiulang Br.,2019-05-15T00:00:00,NH3-N,1.023,mg/L,淡水河,新店溪,New Taipei / Taipei,25.001,121.511
03001,Xindian River - Xiulang Br.,2019-06-15T00:00:00,DO,5.336,mg/L,淡水河,新店溪,New Taipei / Taipei,25.001,121.511
03001,Xindian River - Xiulang Br.,2019-06-15T00:00:00,BOD5,3.109,mg/L,淡水河,新店溪,New Taipei / Taipei,25.001,121.511
03001,Xindian River - Xiulang Br.,2019-06-15T00:00:00,SS,42.047,mg/L,淡水河,新店溪,New Taipei / Taipei,25.001,121.511
03001,Xindian River - Xiulang Br.,2019-06-15T00:00:00,NH3-N,0.934,mg/L,淡水河,新店溪,New Taipei / Taipei,25.001,121.511
03001,Xindian River - Xiulang Br.,2019-07-15T00:00:00,DO,6.272,mg/L,淡水河,新店溪,New Taipei / Taipei,25.001,121.511
03001,Xindian River - Xiulang Br.,2019-07-15T00:00:00,BOD5,3.732,mg/L,淡水河,新店溪,New Taipei / Taipei,25.001,121.511
03001,Xindian River - Xiulang Br.,2019-07-15T00:00:00,SS,42.547,mg/L,淡水河,新店溪,New Taipei / Taipei,25.001,121.511
03001,Xindian River - Xiulang Br.,2019-07-15T00:00:00,NH3-N,0.962,mg/L,淡水河,新店溪,New Taipei / Taipei,25.001,121.511
03001,Xindian River - Xiulang Br.,2019-08-15T00:00:00,DO,6.492,mg/L,淡水河,新店溪,New Taipei / Taipei,25.001,121.511
03001,Xindian River - Xiulang Br.,2019-08-15T00:00:00,BOD5,4.219,mg/L,淡水河,新店溪,New Taipei / Taipei,25.001,121.511
03001,Xindian River - Xiulang Br.,2019-08-15T00:00:00,SS,27.573,mg/L,淡水河,新店溪,New Taipei / Taipei,25.001,121.511
03001,Xindian River - Xiulang Br.,2019-08-15T00:00:00,NH3-N,0.542,mg/L,淡水河,新店溪,New Taipei / Taipei,25.001,121.511
03001,Xindian River - Xiulang Br.,2019-09-15T00:00:00,DO,6.848,mg/L,淡水河,新店溪,New Taipei / Taipei,25.001,121.511
03001,Xindian River - Xiulang Br.,2019-09-15T00:00:00,BOD5,4.204,mg/L,淡水河,新店溪,New Taipei / Taipei,25.001,121.511
03001,Xindian River - Xiulang Br.,2019-09-15T00:00:00,SS,27.156,mg/L,淡水河,新店溪,New Taipei / Taipei,25.001,121.511
03001,Xindian River - Xiulang Br.,2019-09-15T00:00:00,NH3-N,0.576,mg/L,淡水河,新店溪,New Taipei / Taipei,25.001,121.511
03001,Xindian River - Xiulang Br.,2019-10-15T00:00:00,DO,6.609,mg/L,淡水河,新店溪,New Taipei / Taipei,25.001,121.511
03001,Xindian River - Xiulang Br.,2019-10-15T00:00:00,BOD5,3.736,mg/L,淡水河,新店溪,New Taipei / Taipei,25.001,121.511
03001,Xindian River - Xiulang Br.,2019-10-15T00:00:00,SS,40.583,mg/L,淡水河,新店溪,New Taipei / Taipei,25.001,121.511
03001,Xindian River - Xiulang Br.,2019-10-15T00:00:00,NH3-N,0.938,mg/L,淡水河,新店溪,New Taipei / Taipei,25.001,121.511
03001,Xindian River - Xiulang Br.,2019-11-15T00:00:00,DO,6.629,mg/L,淡水河,新店溪,New Taipei / Taipei,25.001,121.511
03001,Xindian River - Xiulang Br.,2019-11-15T00:00:00,BOD5,2.366,mg/L,淡水河,新店溪,New Taipei / Taipei,25.001,121.511
03001,Xindian River - Xiulang Br.,2019-11-15T00:00:00,SS,28.08,mg/L,淡水河,新店溪,New Taipei / Taipei,25.001,121.511
03001,Xindian River - Xiulang Br.,2019-11-15T00:00:00,NH3-N,0.757,mg/L,淡水河,新店溪,New Taipei / Taipei,25.001,121.511
03001,Xindian River - Xiulang Br.,2019-12-15T00:00:00,DO,6.465,mg/L,淡水河,新店溪,New Taipei / Taipei,25.001,121.511
03001,Xindian River - Xiulang Br.,2019-12-15T00:00:00,BOD5,3.826,mg/L,淡水河,新店溪,New Taipei / Taipei,25.001,121.511
03001,Xindian River - Xiulang Br.,2019-12-15T00:00:00,SS,40.496,mg/L,淡水河,新店溪,New Taipei / Taipei,25.001,121.511
03001,Xindian River - Xiulang Br.,2019-12-15T00:00:00,NH3-N,0.97,mg/L,淡水河,新店溪,New Taipei / Taipei,25.001,121.511
03001,Xindian River - Xiulang Br.,2020-01-15T00:00:00,DO,6.605,mg/L,淡水河,新店溪,New Taipei / Taipei,25.001,121.511
03001,Xindian River - Xiulang Br.,2020-01-15T00:00:00,BOD5,3.052,mg/L,淡水河,新店溪,New Taipei / Taipei,25.001,121.511
03001,Xindian River - Xiulang Br.,2020-01-15T00:00:00,SS,32.477,mg/L,淡水河,新店溪,New Taipei / Taipei,25.001,121.511
03001,Xindian River - Xiulang Br.,2020-01-15T00:00:00,NH3-N,0.84,mg/L,淡水河,新店溪,New Taipei / Taipei,25.001,121.511
03001,Xindian River - Xiulang Br.,2020-02-15T00:00:00,DO,7.829,mg/L,淡水河,新店溪,New Taipei / Taipei,25.001,121.511
03001,Xindian River - Xiulang Br.,2020-02-15T00:00:00,BOD5,3.012,mg/L,淡水河,新店溪,New Taipei / Taipei,25.001,121.511
03001,Xindian River - Xiulang Br.,2020-02-15T00:00:00,SS,33.18,mg/L,淡水河,新店溪,New Taipei / Taipei,25.001,121.511
03001,Xindian River - Xiulang Br.,2020-02-15T00:00:00,NH3-N,0.885,mg/L,淡水河,新店溪,New Taipei / Taipei,25.001,121.511
03001,Xindian River - Xiulang Br.,2020-03-15T00:00:00,DO,7.067,mg/L,淡水河,新店溪,New Taipei / Taipei,25.001,121.511
03001,Xindian River - Xiulang Br.,2020-03-15T00:00:00,BOD5,1.853,mg/L,淡水河,新店溪,New Taipei / Taipei,25.001,121.511
03001,Xindian River - Xiulang Br.,2020-03-15T00:00:00,SS,28.585,mg/L,淡水河,新店溪,New Taipei / Taipei,25.001,121.511
03001,Xindian River - Xiulang Br.,2020-03-15T00:00:00,NH3-N,0.713,mg/L,淡水河,新店溪,New Taipei / Taipei,25.001,121.511
03001,Xindian River - Xiulang Br.,2020-04-15T00:00:00,DO,5.797,mg/L,淡水河,新店溪,New Taipei / Taipei,25.001,121.511
03001,Xindian River - Xiulang Br.,2020-04-15T00:00:00,BOD5,4.169,mg/L,淡水河,新店溪,New Taipei / Taipei,25.001,121.511
03001,Xindian River - Xiulang Br.,2020-04-15T00:00:00,SS,40.103,mg/L,淡水河,新店溪,New Taipei / Taipei,25.001,121.511
03001,Xindian River - Xiulang Br.,2020-04-15T00:00:00,NH3-N,1.081,mg/L,淡水河,新店溪,New Taipei / Taipei,25.001,121.511
03001,Xindian River - Xiulang Br.,2020-05-15T00:00:00,DO,6.42,mg/L,淡水河,新店溪,New Taipei / Taipei,25.001,121.511
03001,Xindian River - Xiulang Br.,2020-05-15T00:00:00,BOD5,4.298,mg/L,淡水河,新店溪,New Taipei / Taipei,25.001,121.511
03001,Xindian River - Xiulang Br.,2020-05-15T00:00:00,SS,34.384,mg/L,淡水河,新店溪,New Taipei / Taipei,25.001,121.511
03001,Xindian River - Xiulang Br.,2020-05-15T00:00:00,NH3-N,0.927,mg/L,淡水河,新店溪,New Taipei / Taipei,25.001,121.511
03001,Xindian River - Xiulang Br.,2020-06-15T00:00:00,DO,5.394,mg/L,淡水河,新店溪,New Taipei / Taipei,25.001,121.511
03001,Xindian River - Xiulang Br.,2020-06-15T00:00:00,BOD5,3.983,mg/L,淡水河,新店溪,New Taipei / Taipei,25.001,121.511
03001,Xindian River - Xiulang Br.,2020-06-15T00:00:00,SS,39.335,mg/L,淡水河,新店溪,New Taipei / Taipei,25.001,121.511
03001,Xindian River - Xiulang Br.,2020-06-15T00:00:00,NH3-N,0.702,mg/L,淡水河,新店溪,New Taipei / Taipei,25.001,121.511
03001,Xindian River - Xiulang Br.,2020-07-15T00:00:00,DO,5.942,mg/L,淡水河,新店溪,New Taipei / Taipei,25.001,121.511
03001,Xindian River - Xiulang Br.,2020-07-15T00:00:00,BOD5,3.794,mg/L,淡水河,新店溪,New Taipei / Taipei,25.001,121.511
03001,Xindian River - Xiulang Br.,2020-07-15T00:00:00,SS,53.183,mg/L,淡水河,新店溪,New Taipei / Taipei,25.001,121.511
03001,Xindian River - Xiulang Br.,2020-07-15T00:00:00,NH3-N,1.087,mg/L,淡水河,新店溪,New Taipei / Taipei,25.001,121.511
03001,Xindian River - Xiulang Br.,2020-08-15T00:00:00,DO,6.062,mg/L,淡水河,新店溪,New Taipei / Taipei,25.001,121.511
03001,Xindian River - Xiulang Br.,2020-08-15T00:00:00,BOD5,3.898,mg/L,淡水河,新店溪,New Taipei / Taipei,25.001,121.511
03001,Xindian River - Xiulang Br.,2020-08-15T00:00:00,SS,39.221,mg/L,淡水河,新店溪,New Taipei / Taipei,25.001,121.511
03001,Xindian River - Xiulang Br.,2020-08-15T00:00:00,NH3-N,0.889,mg/L,淡水河,新店溪,New Taipei / Taipei,25.001,121.511
03001,Xindian River - Xiulang Br.,2020-09-15T00:00:00,DO,5.628,mg/L,淡水河,新店溪,New Taipei / Taipei,25.001,121.511
03001,Xindian River - Xiulang Br.,2020-09-15T00:00:00,BOD5,3.433,mg/L,淡水河,新店溪,New Taipei / Taipei,25.001,121.511
03001,Xindian River - Xiulang Br.,2020-09-15T00:00:00,SS,29.077,mg/L,淡水河,新店溪,New Taipei / Taipei,25.001,121.511
03001,Xindian River - Xiulang Br.,2020-09-15T00:00:00,NH3-N,0.68,mg/L,淡水河,新店溪,New Taipei / Taipei,25.001,121.511
03001,Xindian River - Xiulang Br.,2020-10-15T00:00:00,DO,6.887,mg/L,淡水河,新店溪,New Taipei / Taipei,25.001,121.511
03001,Xindian River - Xiulang Br.,2020-10-15T00:00:00,BOD5,3.425,mg/L,淡水河,新店溪,New Taipei / Taipei,25.001,121.511
03001,Xindian River - Xiulang Br.,2020-10-15T00:00:00,SS,15.493,mg/L,淡水河,新店溪,New Taipei / Taipei,25.001,121.511
03001,Xindian River - Xiulang Br.,2020-10-15T00:00:00,NH3-N,0.829,mg/L,淡水河,新店溪,New Taipei / Taipei,25.001,121.511
03001,Xindian River - Xiulang Br.,2020-11-15T00:00:00,DO,7.48,mg/L,淡水河,新店溪,New Taipei / Taipei,25.001,121.511
03001,Xindian River - Xiulang Br.,2020-11-15T00:00:00,BOD5,3.49,mg/L,淡水河,新店溪,New Taipei / Taipei,25.001,121.511
03001,Xindian River - Xiulang Br.,2020-11-15T00:00:00,SS,35.181,mg/L,淡水河,新店溪,New Taipei / Taipei,25.001,121.511
03001,Xindian River - Xiulang Br.,2020-11-15T00:00:00,NH3-N,0.814,mg/L,淡水河,新店溪,New Taipei / Taipei,25.001,121.511
03001,Xindian River - Xiulang Br.,2020-12-15T00:00:00,DO,6.598,mg/L,淡水河,新店溪,New Taipei / Taipei,25.001,121.511
03001,Xindian River - Xiulang Br.,2020-12-15T00:00:00,BOD5,2.022,mg/L,淡水河,新店溪,New Taipei / Taipei,25.001,121.511
03001,Xindian River - Xiulang Br.,2020-12-15T00:00:00,SS,30.412,mg/L,淡水河,新店溪,New Taipei / Taipei,25.001,121.511
03001,Xindian River - Xiulang Br.,2020-12-15T00:00:00,NH3-N,0.841,mg/L,淡水河,新店溪,New Taipei / Taipei,25.001,121.511
03001,Xindian River - Xiulang Br.,2021-01-15T00:00:00,DO,7.96,mg/L,淡水河,新店溪,New Taipei / Taipei,25.001,121.511
03001,Xindian River - Xiulang Br.,2021-01-15T00:00:00,BOD5,3.194,mg/L,淡水河,新店溪,New Taipei / Taipei,25.001,121.511
03001,Xindian River - Xiulang Br.,2021-01-15T00:00:00,SS,27.074,mg/L,淡水河,新店溪,New Taipei / Taipei,25.001,121.511
03001,Xindian River - Xiulang Br.,2021-01-15T00:00:00,NH3-N,0.553,mg/L,淡水河,新店溪,New Taipei / Taipei,25.001,121.511
03001,Xindian River - Xiulang Br.,2021-02-15T00:00:00,DO,6.918,mg/L,淡水河,新店溪,New Taipei / Taipei,25.001,121.511
03001,Xindian River - Xiulang Br.,2021-02-15T00:00:00,BOD5,2.771,mg/L,淡水河,新店溪,New Taipei / Taipei,25.001,121.511
03001,Xindian River - Xiulang Br.,2021-02-15T00:00:00,SS,26.585,mg/L,淡水河,新店溪,New Taipei / Taipei,25.001,121.511
03001,Xindian River - Xiulang Br.,2021-02-15T00:00:00,NH3-N,0.678,mg/L,淡水河,新店溪,New Taipei / Taipei,25.001,121.511
03001,Xindian River - Xiulang Br.,2021-03-15T00:00:00,DO,7.044,mg/L,淡水河,新店溪,New Taipei / Taipei,25.001,121.511
03001,Xindian River - Xiulang Br.,2021-03-15T00:00:00,BOD5,2.59,mg/L,淡水河,新店溪,New Taipei / Taipei,25.001,121.511
03001,Xindian River - Xiulang Br.,2021-03-15T00:00:00,SS,23.604,mg/L,淡水河,新店溪,New Taipei / Taipei,25.001,121.511
03001,Xindian River - Xiulang Br.,2021-03-15T00:00:00,NH3-N,0.86,mg/L,淡水河,新店溪,New Taipei / Taipei,25.001,121.511
03001,Xindian River - Xiulang Br.,2021-04-15T00:00:00,DO,6.354,mg/L,淡水河,新店溪,New Taipei / Taipei,25.001,121.511
03001,Xindian River - Xiulang Br.,2021-04-15T00:00:00,BOD5,3.341,mg/L,淡水河,新店溪,New Taipei / Taipei,25.001,121.511
03001,Xindian River - Xiulang Br.,2021-04-15T00:00:00,SS,29.912,mg/L,淡水河,新店溪,New Taipei / Taipei,25.001,121.511
03001,Xindian River - Xiulang Br.,2021-04-15T00:00:00,NH3-N,0.656,mg/L,淡水河,新店溪,New Taipei / Taipei,25.001,121.511
03001,Xindian River - Xiulang Br.,2021-05-15T00:00:00,DO,6.009,mg/L,淡水河,新店溪,New Taipei / Taipei,25.001,121.511
03001,Xindian River - Xiulang Br.,2021-05-15T00:00:00,BOD5,4.348,mg/L,淡水河,新店溪,New Taipei / Taipei,25.001,121.511
03001,Xindian River - Xiulang Br.,2021-05-15T00:00:00,SS,26.165,mg/L,淡水河,新店溪,New Taipei / Taipei,25.001,121.511
03001,Xindian River - Xiulang Br.,2021-05-15T00:00:00,NH3-N,0.533,mg/L,淡水河,新店溪,New Taipei / Taipei,25.001,121.511
03001,Xindian River - Xiulang Br.,2021-06-15T00:00:00,DO,4.963,mg/L,淡水河,新店溪,New Taipei / Taipei,25.001,121.511
03001,Xindian River - Xiulang Br.,2021-06-15T00:00:00,BOD5,3.771,mg/L,淡水河,新店溪,New Taipei / Taipei,25.001,121.511
03001,Xindian River - Xiulang Br.,2021-06-15T00:00:00,SS,39.128,mg/L,淡水河,新店溪,New Taipei / Taipei,25.001,121.511
03001,Xindian River - Xiulang Br.,2021-06-15T00:00:00,NH3-N,0.904,mg/L,淡水河,新店溪,New Taipei / Taipei,25.001,121.511
03001,Xindian River - Xiulang Br.,2021-07-15T00:00:00,DO,6.731,mg/L,淡水河,新店溪,New Taipei / Taipei,25.001,121.511
03001,Xindian River - Xiulang Br.,2021-07-15T00:00:00,BOD5,2.3,mg/L,淡水河,新店溪,New Taipei / Taipei,25.001,121.511
03001,Xindian River - Xiulang Br.,2021-07-15T00:00:00,SS,43.372,mg/L,淡水河,新店溪,New Taipei / Taipei,25.001,121.511
03001,Xindian River - Xiulang Br.,2021-07-15T00:00:00,NH3-N,1.2,mg/L,淡水河,新店溪,New Taipei / Taipei,25.001,121.511
03001,Xindian River - Xiulang Br.,2021-08-15T00:00:00,DO,5.409,mg/L,淡水河,新店溪,New Taipei / Taipei,25.001,121.511
03001,Xindian River - Xiulang Br.,2021-08-15T00:00:00,BOD5,3.535,mg/L,淡水河,新店溪,New Taipei / Taipei,25.001,121.511
03001,Xindian River - Xiulang Br.,2021-08-15T00:00:00,SS,33.642,mg/L,淡水河,新店溪,New Taipei / Taipei,25.001,121.511
03001,Xindian River - Xiulang Br.,2021-08-15T00:00:00,NH3-N,0.772,mg/L,淡水河,新店溪,New Taipei / Taipei,25.001,121.511
03001,Xindian River - Xiulang Br.,2021-09-15T00:00:00,DO,6.112,mg/L,淡水河,新店溪,New Taipei / Taipei,25.001,121.511
03001,Xindian River - Xiulang Br.,2021-09-15T00:00:00,BOD5,4.342,mg/L,淡水河,新店溪,New Taipei / Taipei,25.001,121.511
03001,Xindian River - Xiulang Br.,2021-09-15T00:00:00,SS,47.162,mg/L,淡水河,新店溪,New Taipei / Taipei,25.001,121.511
03001,Xindian River - Xiulang Br.,2021-09-15T00:00:00,NH3-N,0.835,mg/L,淡水河,新店溪,New Taipei / Taipei,25.001,121.511
03001,Xindian River - Xiulang Br.,2021-10-15T00:00:00,DO,7.753,mg/L,淡水河,新店溪,New Taipei / Taipei,25.001,121.511
03001,Xindian River - Xiulang Br.,2021-10-15T00:00:00,BOD5,3.22,mg/L,淡水河,新店溪,New Taipei / Taipei,25.001,121.511
03001,Xindian River - Xiulang Br.,2021-10-15T00:00:00,SS,40.276,mg/L,淡水河,新店溪,New Taipei / Taipei,25.001,121.511
03001,Xindian River - Xiulang Br.,2021-10-15T00:00:00,NH3-N,0.834,mg/L,淡水河,新店溪,New Taipei / Taipei,25.001,121.511
03001,Xindian River - Xiulang Br.,2021-11-15T00:00:00,DO,6.991,mg/L,淡水河,新店溪,New Taipei / Taipei,25.001,121.511
03001,Xindian River - Xiulang Br.,2021-11-15T00:00:00,BOD5,3.091,mg/L,淡水河,新店溪,New Taipei / Taipei,25.001,121.511
03001,Xindian River - Xiulang Br.,2021-11-15T00:00:00,SS,50.252,mg/L,淡水河,新店溪,New Taipei / Taipei,25.001,121.511
03001,Xindian River - Xiulang Br.,2021-11-15T00:00:00,NH3-N,0.952,mg/L,淡水河,新店溪,New Taipei / Taipei,25.001,121.511
03001,Xindian River - Xiulang Br.,2021-12-15T00:00:00,DO,6.71,mg/L,淡水河,新店溪,New Taipei / Taipei,25.001,121.511
03001,Xindian River - Xiulang Br.,2021-12-15T00:00:00,BOD5,3.204,mg/L,淡水河,新店溪,New Taipei / Taipei,25.001,121.511
03001,Xindian River - Xiulang Br.,2021-12-15T00:00:00,SS,25.467,mg/L,淡水河,新店溪,New Taipei / Taipei,25.001,121.511
03001,Xindian River - Xiulang Br.,2021-12-15T00:00:00,NH3-N,0.693,mg/L,淡水河,新店溪,New Taipei / Taipei,25.001,121.511
03001,Xindian River - Xiulang Br.,2022-01-15T00:00:00,DO,7.763,mg/L,淡水河,新店溪,New Taipei / Taipei,25.001,121.511
03001,Xindian River - Xiulang Br.,2022-01-15T00:00:00,BOD5,2.578,mg/L,淡水河,新店溪,New Taipei / Taipei,25.001,121.511
03001,Xindian River - Xiulang Br.,2022-01-15T00:00:00,SS,29.95,mg/L,淡水河,新店溪,New Taipei / Taipei,25.001,121.511
03001,Xindian River - Xiulang Br.,2022-01-15T00:00:00,NH3-N,0.767,mg/L,淡水河,新店溪,New Taipei / Taipei,25.001,121.511
03001,Xindian River - Xiulang Br.,2022-02-15T00:00:00,DO,7.342,mg/L,淡水河,新店溪,New Taipei / Taipei,25.001,121.511
03001,Xindian River - Xiulang Br.,2022-02-15T00:00:00,BOD5,2.891,mg/L,淡水河,新店溪,New Taipei / Taipei,25.001,121.511
03001,Xindian River - Xiulang Br.,2022-02-15T00:00:00,SS,14.441,mg/L,淡水河,新店溪,New Taipei / Taipei,25.001,121.511
03001,Xindian River - Xiulang Br.,2022-02-15T00:00:00,NH3-N,0.89,mg/L,淡水河,新店溪,New Taipei / Taipei,25.001,121.511
03001,Xindian River - Xiulang Br.,2022-03-15T00:00:00,DO,6.333,mg/L,淡水河,新店溪,New Taipei / Taipei,25.001,121.511
03001,Xindian River - Xiulang Br.,2022-03-15T00:00:00,BOD5,2.049,mg/L,淡水河,新店溪,New Taipei / Taipei,25.001,121.511
03001,Xindian River - Xiulang Br.,2022-03-15T00:00:00,SS,27.591,mg/L,淡水河,新店溪,New Taipei / Taipei,25.001,121.511
03001,Xindian River - Xiulang Br.,2022-03-15T00:00:00,NH3-N,0.822,mg/L,淡水河,新店溪,New Taipei / Taipei,25.001,121.511
03001,Xindian River - Xiulang Br.,2022-04-15T00:00:00,DO,6.209,mg/L,淡水河,新店溪,New Taipei / Taipei,25.001,121.511
03001,Xindian River - Xiulang Br.,2022-04-15T00:00:00,BOD5,3.679,mg/L,淡水河,新店溪,New Taipei / Taipei,25.001,121.511
03001,Xindian River - Xiulang Br.,2022-04-15T00:00:00,SS,18.605,mg/L,淡水河,新店溪,New Taipei / Taipei,25.001,121.511
03001,Xindian River - Xiulang Br.,2022-04-15T00:00:00,NH3-N,0.781,mg/L,淡水河,新店溪,New Taipei / Taipei,25.001,121.511
03001,Xindian River - Xiulang Br.,2022-05-15T00:00:00,DO,5.976,mg/L,淡水河,新店溪,New Taipei / Taipei,25.001,121.511
03001,Xindian River - Xiulang Br.,2022-05-15T00:00:00,BOD5,3.493,mg/L,淡水河,新店溪,New Taipei / Taipei,25.001,121.511
03001,Xindian River - Xiulang Br.,2022-05-15T00:00:00,SS,36.252,mg/L,淡水河,新店溪,New Taipei / Taipei,25.001,121.511
03001,Xindian River - Xiulang Br.,2022-05-15T00:00:00,NH3-N,0.721,mg/L,淡水河,新店溪,New Taipei / Taipei,25.001,121.511
03001,Xindian River - Xiulang Br.,2022-06-15T00:00:00,DO,6.545,mg/L,淡水河,新店溪,New Taipei / Taipei,25.001,121.511
03001,Xindian River - Xiulang Br.,2022-06-15T00:00:00,BOD5,3.791,mg/L,淡水河,新店溪,New Taipei / Taipei,25.001,121.511
03001,Xindian River - Xiulang Br.,2022-06-15T00:00:00,SS,25.668,mg/L,淡水河,新店溪,New Taipei / Taipei,25.001,121.511
03001,Xindian River - Xiulang Br.,2022-06-15T00:00:00,NH3-N,0.591,mg/L,淡水河,新店溪,New Taipei / Taipei,25.001,121.511
03001,Xindian River - Xiulang Br.,2022-07-15T00:00:00,DO,6.025,mg/L,淡水河,新店溪,New Taipei / Taipei,25.001,121.511
03001,Xindian River - Xiulang Br.,2022-07-15T00:00:00,BOD5,3.713,mg/L,淡水河,新店溪,New Taipei / Taipei,25.001,121.511
03001,Xindian River - Xiulang Br.,2022-07-15T00:00:00,SS,39.876,mg/L,淡水河,新店溪,New Taipei / Taipei,25.001,121.511
03001,Xindian River - Xiulang Br.,2022-07-15T00:00:00,NH3-N,0.93,mg/L,淡水河,新店溪,New Taipei / Taipei,25.001,121.511
03001,Xindian River - Xiulang Br.,2022-08-15T00:00:00,DO,6.251,mg/L,淡水河,新店溪,New Taipei / Taipei,25.001,121.511
03001,Xindian River - Xiulang Br.,2022-08-15T00:00:00,BOD5,4.3,mg/L,淡水河,新店溪,New Taipei / Taipei,25.001,121.511
03001,Xindian River - Xiulang Br.,2022-08-15T00:00:00,SS,31.134,mg/L,淡水河,新店溪,New Taipei / Taipei,25.001,121.511
03001,Xindian River - Xiulang Br.,2022-08-15T00:00:00,NH3-N,0.724,mg/L,淡水河,新店溪,New Taipei / Taipei,25.001,121.511
03001,Xindian River - Xiulang Br.,2022-09-15T00:00:00,DO,5.681,mg/L,淡水河,新店溪,New Taipei / Taipei,25.001,121.511
03001,Xindian River - Xiulang Br.,2022-09-15T00:00:00,BOD5,3.686,mg/L,淡水河,新店溪,New Taipei / Taipei,25.001,121.511
03001,Xindian River - Xiulang Br.,2022-09-15T00:00:00,SS,43.015,mg/L,淡水河,新店溪,New Taipei / Taipei,25.001,121.511
03001,Xindian River - Xiulang Br.,2022-09-15T00:00:00,NH3-N,0.819,mg/L,淡水河,新店溪,New Taipei / Taipei,25.001,121.511
03001,Xindian River - Xiulang Br.,2022-10-15T00:00:00,DO,5.139,mg/L,淡水河,新店溪,New Taipei / Taipei,25.001,121.511
03001,Xindian River - Xiulang Br.,2022-10-15T00:00:00,BOD5,2.219,mg/L,淡水河,新店溪,New Taipei / Taipei,25.001,121.511
03001,Xindian River - Xiulang Br.,2022-10-15T00:00:00,SS,22.169,mg/L,淡水河,新店溪,New Taipei / Taipei,25.001,121.511
03001,Xindian River - Xiulang Br.,2022-10-15T00:00:00,NH3-N,0.755,mg/L,淡水河,新店溪,New Taipei / Taipei,25.001,121.511
03001,Xindian River - Xiulang Br.,2022-11-15T00:00:00,DO,6.697,mg/L,淡水河,新店溪,New Taipei / Taipei,25.001,121.511
03001,Xindian River - Xiulang Br.,2022-11-15T00:00:00,BOD5,2.902,mg/L,淡水河,新店溪,New Taipei / Taipei,25.001,121.511
03001,Xindian River - Xiulang Br.,2022-11-15T00:00:00,SS,25.818,mg/L,淡水河,新店溪,New Taipei / Taipei,25.001,121.511
03001,Xindian River - Xiulang Br.,2022-11-15T00:00:00,NH3-N,0.986,mg/L,淡水河,新店溪,New Taipei / Taipei,25.001,121.511
03001,Xindian River - Xiulang Br.,2022-12-15T00:00:00,DO,6.759,mg/L,淡水河,新店溪,New Taipei / Taipei,25.001,121.511
03001,Xindian River - Xiulang Br.,2022-12-15T00:00:00,BOD5,2.149,mg/L,淡水河,新店溪,New Taipei / Taipei,25.001,121.511
03001,Xindian River - Xiulang Br.,2022-12-15T00:00:00,SS,31.352,mg/L,淡水河,新店溪,New Taipei / Taipei,25.001,121.511
03001,Xindian River - Xiulang Br.,2022-12-15T00:00:00,NH3-N,0.515,mg/L,淡水河,新店溪,New Taipei / Taipei,25.001,121.511
03001,Xindian River - Xiulang Br.,2023-01-15T00:00:00,DO,7.481,mg/L,淡水河,新店溪,New Taipei / Taipei,25.001,121.511
03001,Xindian River - Xiulang Br.,2023-01-15T00:00:00,BOD5,2.619,mg/L,淡水河,新店溪,New Taipei / Taipei,25.001,121.511
03001,Xindian River - Xiulang Br.,2023-01-15T00:00:00,SS,26.968,mg/L,淡水河,新店溪,New Taipei / Taipei,25.001,121.511
03001,Xindian River - Xiulang Br.,2023-01-15T00:00:00,NH3-N,1.035,mg/L,淡水河,新店溪,New Taipei / Taipei,25.001,121.511
03001,Xindian River - Xiulang Br.,2023-02-15T00:00:00,DO,6.796,mg/L,淡水河,新店溪,New Taipei / Taipei,25.001,121.511
03001,Xindian River - Xiulang Br.,2023-02-15T00:00:00,BOD5,3.832,mg/L,淡水河,新店溪,New Taipei / Taipei,25.001,121.511
03001,Xindian River - Xiulang Br.,2023-02-15T00:00:00,SS,26.422,mg/L,淡水河,新店溪,New Taipei / Taipei,25.001,121.511
03001,Xindian River - Xiulang Br.,2023-02-15T00:00:00,NH3-N,0.559,mg/L,淡水河,新店溪,New Taipei / Taipei,25.001,121.511
03001,Xindian River - Xiulang Br.,2023-03-15T00:00:00,DO,6.994,mg/L,淡水河,新店溪,New Taipei / Taipei,25.001,121.511
03001,Xindian River - Xiulang Br.,2023-03-15T00:00:00,BOD5,2.26,mg/L,淡水河,新店溪,New Taipei / Taipei,25.001,121.511
03001,Xindian River - Xiulang Br.,2023-03-15T00:00:00,SS,22.738,mg/L,淡水河,新店溪,New Taipei / Taipei,25.001,121.511
03001,Xindian River - Xiulang Br.,2023-03-15T00:00:00,NH3-N,0.875,mg/L,淡水河,新店溪,New Taipei / Taipei,25.001,121.511
03001,Xindian River - Xiulang Br.,2023-04-15T00:00:00,DO,6.988,mg/L,淡水河,新店溪,New Taipei / Taipei,25.001,121.511
03001,Xindian River - Xiulang Br.,2023-04-15T00:00:00,BOD5,2.842,mg/L,淡水河,新店溪,New Taipei / Taipei,25.001,121.511
03001,Xindian River - Xiulang Br.,2023-04-15T00:00:00,SS,34.912,mg/L,淡水河,新店溪,New Taipei / Taipei,25.001,121.511
03001,Xindian River - Xiulang Br.,2023-04-15T00:00:00,NH3-N,1.047,mg/L,淡水河,新店溪,New Taipei / Taipei,25.001,121.511
03001,Xindian River - Xiulang Br.,2023-05-15T00:00:00,DO,7.219,mg/L,淡水河,新店溪,New Taipei / Taipei,25.001,121.511
03001,Xindian River - Xiulang Br.,2023-05-15T00:00:00,BOD5,3.825,mg/L,淡水河,新店溪,New Taipei / Taipei,25.001,121.511
03001,Xindian River - Xiulang Br.,2023-05-15T00:00:00,SS,43.844,mg/L,淡水河,新店溪,New Taipei / Taipei,25.001,121.511
03001,Xindian River - Xiulang Br.,2023-05-15T00:00:00,NH3-N,0.573,mg/L,淡水河,新店溪,New Taipei / Taipei,25.001,121.511
03001,Xindian River - Xiulang Br.,2023-06-15T00:00:00,DO,5.949,mg/L,淡水河,新店溪,New Taipei / Taipei,25.001,121.511
03001,Xindian River - Xiulang Br.,2023-06-15T00:00:00,BOD5,3.255,mg/L,淡水河,新店溪,New Taipei / Taipei,25.001,121.511
03001,Xindian River - Xiulang Br.,2023-06-15T00:00:00,SS,39.747,mg/L,淡水河,新店溪,New Taipei / Taipei,25.001,121.511
03001,Xindian River - Xiulang Br.,2023-06-15T00:00:00,NH3-N,0.826,mg/L,淡水河,新店溪,New Taipei / Taipei,25.001,121.511
03001,Xindian River - Xiulang Br.,2023-07-15T00:00:00,DO,5.963,mg/L,淡水河,新店溪,New Taipei / Taipei,25.001,121.511
03001,Xindian River - Xiulang Br.,2023-07-15T00:00:00,BOD5,4.924,mg/L,淡水河,新店溪,New Taipei / Taipei,25.001,121.511
03001,Xindian River - Xiulang Br.,2023-07-15T00:00:00,SS,39.412,mg/L,淡水河,新店溪,New Taipei / Taipei,25.001,121.511
03001,Xindian River - Xiulang Br.,2023-07-15T00:00:00,NH3-N,1.005,mg/L,淡水河,新店溪,New Taipei / Taipei,25.001,121.511
03001,Xindian River - Xiulang Br.,2023-08-15T00:00:00,DO,6.006,mg/L,淡水河,新店溪,New Taipei / Taipei,25.001,121.511
03001,Xindian River - Xiulang Br.,2023-08-15T00:00:00,BOD5,3.798,mg/L,淡水河,新店溪,New Taipei / Taipei,25.001,121.511
03001,Xindian River - Xiulang Br.,2023-08-15T00:00:00,SS,38.954,mg/L,淡水河,新店溪,New Taipei / Taipei,25.001,121.511
03001,Xindian River - Xiulang Br.,2023-08-15T00:00:00,NH3-N,1.0,mg/L,淡水河,新店溪,New Taipei / Taipei,25.001,121.511
03001,Xindian River - Xiulang Br.,2023-09-15T00:00:00,DO,7.067,mg/L,淡水河,新店溪,New Taipei / Taipei,25.001,121.511
03001,Xindian River - Xiulang Br.,2023-09-15T00:00:00,BOD5,4.469,mg/L,淡水河,新店溪,New Taipei / Taipei,25.001,121.511
03001,Xindian River - Xiulang Br.,2023-09-15T00:00:00,SS,36.467,mg/L,淡水河,新店溪,New Taipei / Taipei,25.001,121.511
03001,Xindian River - Xiulang Br.,2023-09-15T00:00:00,NH3-N,0.993,mg/L,淡水河,新店溪,New Taipei / Taipei,25.001,121.511
03001,Xindian River - Xiulang Br.,2023-10-15T00:00:00,DO,5.979,mg/L,淡水河,新店溪,New Taipei / Taipei,25.001,121.511
03001,Xindian River - Xiulang Br.,2023-10-15T00:00:00,BOD5,3.149,mg/L,淡水河,新店溪,New Taipei / Taipei,25.001,121.511
03001,Xindian River - Xiulang Br.,2023-10-15T00:00:00,SS,34.582,mg/L,淡水河,新店溪,New Taipei / Taipei,25.001,121.511
03001,Xindian River - Xiulang Br.,2023-10-15T00:00:00,NH3-N,0.997,mg/L,淡水河,新店溪,New Taipei / Taipei,25.001,121.511
03001,Xindian River - Xiulang Br.,2023-11-15T00:00:00,DO,7.099,mg/L,淡水河,新店溪,New Taipei / Taipei,25.001,121.511
03001,Xindian River - Xiulang Br.,2023-11-15T00:00:00,BOD5,3.391,mg/L,淡水河,新店溪,New Taipei / Taipei,25.001,121.511
03001,Xindian River - Xiulang Br.,2023-11-15T00:00:00,SS,31.435,mg/L,淡水河,新店溪,New Taipei / Taipei,25.001,121.511
03001,Xindian River - Xiulang Br.,2023-11-15T00:00:00,NH3-N,1.012,mg/L,淡水河,新店溪,New Taipei / Taipei,25.001,121.511
03001,Xindian River - Xiulang Br.,2023-12-15T00:00:00,DO,7.368,mg/L,淡水河,新店溪,New Taipei / Taipei,25.001,121.511
03001,Xindian River - Xiulang Br.,2023-12-15T00:00:00,BOD5,2.441,mg/L,淡水河,新店溪,New Taipei / Taipei,25.001,121.511
03001,Xindian River - Xiulang Br.,2023-12-15T00:00:00,SS,30.351,mg/L,淡水河,新店溪,New Taipei / Taipei,25.001,121.511
03001,Xindian River - Xiulang Br.,2023-12-15T00:00:00,NH3-N,0.278,mg/L,淡水河,新店溪,New Taipei / Taipei,25.001,121.511
03001,Xindian River - Xiulang Br.,2024-01-15T00:00:00,DO,7.507,mg/L,淡水河,新店溪,New Taipei / Taipei,25.001,121.511
03001,Xindian River - Xiulang Br.,2024-01-15T00:00:00,BOD5,0.459,mg/L,淡水河,新店溪,New Taipei / Taipei,25.001,121.511
03001,Xindian River - Xiulang Br.,2024-01-15T00:00:00,SS,15.936,mg/L,淡水河,新店溪,New Taipei / Taipei,25.001,121.511
03001,Xindian River - Xiulang Br.,2024-01-15T00:00:00,NH3-N,0.842,mg/L,淡水河,新店溪,New Taipei / Taipei,25.001,121.511
03001,Xindian River - Xiulang Br.,2024-02-15T00:00:00,DO,7.486,mg/L,淡水河,新店溪,New Taipei / Taipei,25.001,121.511
03001,Xindian River - Xiulang Br.,2024-02-15T00:00:00,BOD5,1.976,mg/L,淡水河,新店溪,New Taipei / Taipei,25.001,121.511
03001,Xindian River - Xiulang Br.,2024-02-15T00:00:00,SS,23.015,mg/L,淡水河,新店溪,New Taipei / Taipei,25.001,121.511
03001,Xindian River - Xiulang Br.,2024-02-15T00:00:00,NH3-N,1.009,mg/L,淡水河,新店溪,New Taipei / Taipei,25.001,121.511
03001,Xindian River - Xiulang Br.,2024-03-15T00:00:00,DO,6.692,mg/L,淡水河,新店溪,New Taipei / Taipei,25.001,121.511
03001,Xindian River - Xiulang Br.,2024-03-15T00:00:00,BOD5,4.172,mg/L,淡水河,新店溪,New Taipei / Taipei,25.001,121.511
03001,Xindian River - Xiulang Br.,2024-03-15T00:00:00,SS,27.987,mg/L,淡水河,新店溪,New Taipei / Taipei,25.001,121.511
03001,Xindian River - Xiulang Br.,2024-03-15T00:00:00,NH3-N,0.877,mg/L,淡水河,新店溪,New Taipei / Taipei,25.001,121.511
03001,Xindian River - Xiulang Br.,2024-04-15T00:00:00,DO,7.655,mg/L,淡水河,新店溪,New Taipei / Taipei,25.001,121.511
03001,Xindian River - Xiulang Br.,2024-04-15T00:00:00,BOD5,3.275,mg/L,淡水河,新店溪,New Taipei / Taipei,25.001,121.511
03001,Xindian River - Xiulang Br.,2024-04-15T00:00:00,SS,20.984,mg/L,淡水河,新店溪,New Taipei / Taipei,25.001,121.511
03001,Xindian River - Xiulang Br.,2024-04-15T00:00:00,NH3-N,0.831,mg/L,淡水河,新店溪,New Taipei / Taipei,25.001,121.511
03001,Xindian River - Xiulang Br.,2024-05-15T00:00:00,DO,6.366,mg/L,淡水河,新店溪,New Taipei / Taipei,25.001,121.511
03001,Xindian River - Xiulang Br.,2024-05-15T00:00:00,BOD5,2.734,mg/L,淡水河,新店溪,New Taipei / Taipei,25.001,121.511
03001,Xindian River - Xiulang Br.,2024-05-15T00:00:00,SS,32.509,mg/L,淡水河,新店溪,New Taipei / Taipei,25.001,121.511
03001,Xindian River - Xiulang Br.,2024-05-15T00:00:00,NH3-N,0.766,mg/L,淡水河,新店溪,New Taipei / Taipei,25.001,121.511
03001,Xindian River - Xiulang Br.,2024-06-15T00:00:00,DO,6.725,mg/L,淡水河,新店溪,New Taipei / Taipei,25.001,121.511
03001,Xindian River - Xiulang Br.,2024-06-15T00:00:00,BOD5,3.774,mg/L,淡水河,新店溪,New Taipei / Taipei,25.001,121.511
03001,Xindian River - Xiulang Br.,2024-06-15T00:00:00,SS,36.932,mg/L,淡水河,新店溪,New Taipei / Taipei,25.001,121.511
03001,Xindian River - Xiulang Br.,2024-06-15T00:00:00,NH3-N,0.906,mg/L,淡水河,新店溪,New Taipei / Taipei,25.001,121.511
03001,Xindian River - Xiulang Br.,2024-07-15T00:00:00,DO,6.226,mg/L,淡水河,新店溪,New Taipei / Taipei,25.001,121.511
03001,Xindian River - Xiulang Br.,2024-07-15T00:00:00,BOD5,4.195,mg/L,淡水河,新店溪,New Taipei / Taipei,25.001,121.511
03001,Xindian River - Xiulang Br.,2024-07-15T00:00:00,SS,33.602,mg/L,淡水河,新店溪,New Taipei / Taipei,25.001,121.511
03001,Xindian River - Xiulang Br.,2024-07-15T00:00:00,NH3-N,0.758,mg/L,淡水河,新店溪,New Taipei / Taipei,25.001,121.511
03001,Xindian River - Xiulang Br.,2024-08-15T00:00:00,DO,6.838,mg/L,淡水河,新店溪,New Taipei / Taipei,25.001,121.511
03001,Xindian River - Xiulang Br.,2024-08-15T00:00:00,BOD5,3.517,mg/L,淡水河,新店溪,New Taipei / Taipei,25.001,121.511
03001,Xindian River - Xiulang Br.,2024-08-15T00:00:00,SS,28.994,mg/L,淡水河,新店溪,New Taipei / Taipei,25.001,121.511
03001,Xindian River - Xiulang Br.,2024-08-15T00:00:00,NH3-N,0.999,mg/L,淡水河,新店溪,New Taipei / Taipei,25.001,121.511
03001,Xindian River - Xiulang Br.,2024-09-15T00:00:00,DO,6.675,mg/L,淡水河,新店溪,New Taipei / Taipei,25.001,121.511
03001,Xindian River - Xiulang Br.,2024-09-15T00:00:00,BOD5,2.638,mg/L,淡水河,新店溪,New Taipei / Taipei,25.001,121.511
03001,Xindian River - Xiulang Br.,2024-09-15T00:00:00,SS,35.906,mg/L,淡水河,新店溪,New Taipei / Taipei,25.001,121.511
03001,Xindian River - Xiulang Br.,2024-09-15T00:00:00,NH3-N,1.018,mg/L,淡水河,新店溪,New Taipei / Taipei,25.001,121.511
03001,Xindian River - Xiulang Br.,2024-10-15T00:00:00,DO,6.925,mg/L,淡水河,新店溪,New Taipei / Taipei,25.001,121.511
03001,Xindian River - Xiulang Br.,2024-10-15T00:00:00,BOD5,3.564,mg/L,淡水河,新店溪,New Taipei / Taipei,25.001,121.511
03001,Xindian River - Xiulang Br.,2024-10-15T00:00:00,SS,18.17,mg/L,淡水河,新店溪,New Taipei / Taipei,25.001,121.511
03001,Xindian River - Xiulang Br.,2024-10-15T00:00:00,NH3-N,0.906,mg/L,淡水河,新店溪,New Taipei / Taipei,25.001,121.511
03001,Xindian River - Xiulang Br.,2024-11-15T00:00:00,DO,6.821,mg/L,淡水河,新店溪,New Taipei / Taipei,25.001,121.511
03001,Xindian River - Xiulang Br.,2024-11-15T00:00:00,BOD5,2.602,mg/L,淡水河,新店溪,New Taipei / Taipei,25.001,121.511
03001,Xindian River - Xiulang Br.,2024-11-15T00:00:00,SS,34.094,mg/L,淡水河,新店溪,New Taipei / Taipei,25.001,121.511
03001,Xindian River - Xiulang Br.,2024-11-15T00:00:00,NH3-N,1.059,mg/L,淡水河,新店溪,New Taipei / Taipei,25.001,121.511
03001,Xindian River - Xiulang Br.,2024-12-15T00:00:00,DO,8.301,mg/L,淡水河,新店溪,New Taipei / Taipei,25.001,121.511
03001,Xindian River - Xiulang Br.,2024-12-15T00:00:00,BOD5,3.403,mg/L,淡水河,新店溪,New Taipei / Taipei,25.001,121.511
03001,Xindian River - Xiulang Br.,2024-12-15T00:00:00,SS,27.232,mg/L,淡水河,新店溪,New Taipei / Taipei,25.001,121.511
03001,Xindian River - Xiulang Br.,2024-12-15T00:00:00,NH3-N,0.836,mg/L,淡水河,新店溪,New Taipei / Taipei,25.001,121.511
04001,Tamsui River - Zhongxing Br.,2018-02-15T00:00:00,DO,4.98,mg/L,淡水河,淡水河,New Taipei / Taipei,25.063,121.508
04001,Tamsui River - Zhongxing Br.,2018-02-15T00:00:00,BOD5,5.092,mg/L,淡水河,淡水河,New Taipei / Taipei,25.063,121.508
04001,Tamsui River - Zhongxing Br.,2018-02-15T00:00:00,SS,46.471,mg/L,淡水河,淡水河,New Taipei / Taipei,25.063,121.508
04001,Tamsui River - Zhongxing Br.,2018-02-15T00:00:00,NH3-N,2.48,mg/L,淡水河,淡水河,New Taipei / Taipei,25.063,121.508
04001,Tamsui River - Zhongxing Br.,2018-03-15T00:00:00,DO,4.268,mg/L,淡水河,淡水河,New Taipei / Taipei,25.063,121.508
04001,Tamsui River - Zhongxing Br.,2018-03-15T00:00:00,BOD5,4.612,mg/L,淡水河,淡水河,New Taipei / Taipei,25.063,121.508
04001,Tamsui River - Zhongxing Br.,2018-03-15T00:00:00,SS,40.337,mg/L,淡水河,淡水河,New Taipei / Taipei,25.063,121.508
04001,Tamsui River - Zhongxing Br.,2018-03-15T00:00:00,NH3-N,2.477,mg/L,淡水河,淡水河,New Taipei / Taipei,25.063,121.508
04001,Tamsui River - Zhongxing Br.,2018-04-15T00:00:00,DO,4.01,mg/L,淡水河,淡水河,New Taipei / Taipei,25.063,121.508
04001,Tamsui River - Zhongxing Br.,2018-04-15T00:00:00,BOD5,6.367,mg/L,淡水河,淡水河,New Taipei / Taipei,25.063,121.508
04001,Tamsui River - Zhongxing Br.,2018-04-15T00:00:00,SS,52.538,mg/L,淡水河,淡水河,New Taipei / Taipei,25.063,121.508
04001,Tamsui River - Zhongxing Br.,2018-04-15T00:00:00,NH3-N,2.128,mg/L,淡水河,淡水河,New Taipei / Taipei,25.063,121.508
04001,Tamsui River - Zhongxing Br.,2018-05-15T00:00:00,DO,4.166,mg/L,淡水河,淡水河,New Taipei / Taipei,25.063,121.508
04001,Tamsui River - Zhongxing Br.,2018-05-15T00:00:00,BOD5,7.009,mg/L,淡水河,淡水河,New Taipei / Taipei,25.063,121.508
04001,Tamsui River - Zhongxing Br.,2018-05-15T00:00:00,SS,41.233,mg/L,淡水河,淡水河,New Taipei / Taipei,25.063,121.508
04001,Tamsui River - Zhongxing Br.,2018-05-15T00:00:00,NH3-N,3.078,mg/L,淡水河,淡水河,New Taipei / Taipei,25.063,121.508
04001,Tamsui River - Zhongxing Br.,2018-06-15T00:00:00,DO,3.196,mg/L,淡水河,淡水河,New Taipei / Taipei,25.063,121.508
04001,Tamsui River - Zhongxing Br.,2018-06-15T00:00:00,BOD5,5.252,mg/L,淡水河,淡水河,New Taipei / Taipei,25.063,121.508
04001,Tamsui River - Zhongxing Br.,2018-06-15T00:00:00,SS,50.78,mg/L,淡水河,淡水河,New Taipei / Taipei,25.063,121.508
04001,Tamsui River - Zhongxing Br.,2018-06-15T00:00:00,NH3-N,2.03,mg/L,淡水河,淡水河,New Taipei / Taipei,25.063,121.508
04001,Tamsui River - Zhongxing Br.,2018-07-15T00:00:00,DO,3.452,mg/L,淡水河,淡水河,New Taipei / Taipei,25.063,121.508
04001,Tamsui River - Zhongxing Br.,2018-07-15T00:00:00,BOD5,6.904,mg/L,淡水河,淡水河,New Taipei / Taipei,25.063,121.508
04001,Tamsui River - Zhongxing Br.,2018-07-15T00:00:00,SS,61.461,mg/L,淡水河,淡水河,New Taipei / Taipei,25.063,121.508
04001,Tamsui River - Zhongxing Br.,2018-07-15T00:00:00,NH3-N,2.815,mg/L,淡水河,淡水河,New Taipei / Taipei,25.063,121.508
04001,Tamsui River - Zhongxing Br.,2018-08-15T00:00:00,DO,3.709,mg/L,淡水河,淡水河,New Taipei / Taipei,25.063,121.508
04001,Tamsui River - Zhongxing Br.,2018-08-15T00:00:00,BOD5,7.381,mg/L,淡水河,淡水河,New Taipei / Taipei,25.063,121.508
04001,Tamsui River - Zhongxing Br.,2018-08-15T00:00:00,SS,67.148,mg/L,淡水河,淡水河,New Taipei / Taipei,25.063,121.508
04001,Tamsui River - Zhongxing Br.,2018-08-15T00:00:00,NH3-N,2.783,mg/L,淡水河,淡水河,New Taipei / Taipei,25.063,121.508
04001,Tamsui River - Zhongxing Br.,2018-09-15T00:00:00,DO,2.464,mg/L,淡水河,淡水河,New Taipei / Taipei,25.063,121.508
04001,Tamsui River - Zhongxing Br.,2018-09-15T00:00:00,BOD5,6.206,mg/L,淡水河,淡水河,New Taipei / Taipei,25.063,121.508
04001,Tamsui River - Zhongxing Br.,2018-09-15T00:00:00,SS,30.598,mg/L,淡水河,淡水河,New Taipei / Taipei,25.063,121.508
04001,Tamsui River - Zhongxing Br.,2018-09-15T00:00:00,NH3-N,2.432,mg/L,淡水河,淡水河,New Taipei / Taipei,25.063,121.508
04001,Tamsui River - Zhongxing Br.,2018-10-15T00:00:00,DO,4.03,mg/L,淡水河,淡水河,New Taipei / Taipei,25.063,121.508
04001,Tamsui River - Zhongxing Br.,2018-10-15T00:00:00,BOD5,7.129,mg/L,淡水河,淡水河,New Taipei / Taipei,25.063,121.508
04001,Tamsui River - Zhongxing Br.,2018-10-15T00:00:00,SS,58.361,mg/L,淡水河,淡水河,New Taipei / Taipei,25.063,121.508
04001,Tamsui River - Zhongxing Br.,2018-10-15T00:00:00,NH3-N,2.393,mg/L,淡水河,淡水河,New Taipei / Taipei,25.063,121.508
04001,Tamsui River - Zhongxing Br.,2018-11-15T00:00:00,DO,4.037,mg/L,淡水河,淡水河,New Taipei / Taipei,25.063,121.508
04001,Tamsui River - Zhongxing Br.,2018-11-15T00:00:00,BOD5,5.924,mg/L,淡水河,淡水河,New Taipei / Taipei,25.063,121.508
04001,Tamsui River - Zhongxing Br.,2018-11-15T00:00:00,SS,39.061,mg/L,淡水河,淡水河,New Taipei / Taipei,25.063,121.508
04001,Tamsui River - Zhongxing Br.,2018-11-15T00:00:00,NH3-N,2.184,mg/L,淡水河,淡水河,New Taipei / Taipei,25.063,121.508
04001,Tamsui River - Zhongxing Br.,2018-12-15T00:00:00,DO,5.153,mg/L,淡水河,淡水河,New Taipei / Taipei,25.063,121.508
04001,Tamsui River - Zhongxing Br.,2018-12-15T00:00:00,BOD5,4.358,mg/L,淡水河,淡水河,New Taipei / Taipei,25.063,121.508
04001,Tamsui River - Zhongxing Br.,2018-12-15T00:00:00,SS,54.064,mg/L,淡水河,淡水河,New Taipei / Taipei,25.063,121.508
04001,Tamsui River - Zhongxing Br.,2018-12-15T00:00:00,NH3-N,2.412,mg/L,淡水河,淡水河,New Taipei / Taipei,25.063,121.508
04001,Tamsui River - Zhongxing Br.,2019-01-15T00:00:00,DO,4.073,mg/L,淡水河,淡水河,New Taipei / Taipei,25.063,121.508
04001,Tamsui River - Zhongxing Br.,2019-01-15T00:00:00,BOD5,5.852,mg/L,淡水河,淡水河,New Taipei / Taipei,25.063,121.508
04001,Tamsui River - Zhongxing Br.,2019-01-15T00:00:00,SS,52.859,mg/L,淡水河,淡水河,New Taipei / Taipei,25.063,121.508
04001,Tamsui River - Zhongxing Br.,2019-01-15T00:00:00,NH3-N,2.117,mg/L,淡水河,淡水河,New Taipei / Taipei,25.063,121.508
04001,Tamsui River - Zhongxing Br.,2019-02-15T00:00:00,DO,4.112,mg/L,淡水河,淡水河,New Taipei / Taipei,25.063,121.508
04001,Tamsui River - Zhongxing Br.,2019-02-15T00:00:00,BOD5,4.033,mg/L,淡水河,淡水河,New Taipei / Taipei,25.063,121.508
04001,Tamsui River - Zhongxing Br.,2019-02-15T00:00:00,SS,38.951,mg/L,淡水河,淡水河,New Taipei / Taipei,25.063,121.508
04001,Tamsui River - Zhongxing Br.,2019-02-15T00:00:00,NH3-N,2.35,mg/L,淡水河,淡水河,New Taipei / Taipei,25.063,121.508
04001,Tamsui River - Zhongxing Br.,2019-03-15T00:00:00,DO,3.78,mg/L,淡水河,淡水河,New Taipei / Taipei,25.063,121.508
04001,Tamsui River - Zhongxing Br.,2019-03-15T00:00:00,BOD5,5.873,mg/L,淡水河,淡水河,New Taipei / Taipei,25.063,121.508
04001,Tamsui River - Zhongxing Br.,2019-03-15T00:00:00,SS,31.03,mg/L,淡水河,淡水河,New Taipei / Taipei,25.063,121.508
04001,Tamsui River - Zhongxing Br.,2019-03-15T00:00:00,NH3-N,2.091,mg/L,淡水河,淡水河,New Taipei / Taipei,25.063,121.508
04001,Tamsui River - Zhongxing Br.,2019-04-15T00:00:00,DO,4.124,mg/L,淡水河,淡水河,New Taipei / Taipei,25.063,121.508
04001,Tamsui River - Zhongxing Br.,2019-04-15T00:00:00,BOD5,8.641,mg/L,淡水河,淡水河,New Taipei / Taipei,25.063,121.508
04001,Tamsui River - Zhongxing Br.,2019-04-15T00:00:00,SS,29.505,mg/L,淡水河,淡水河,New Taipei / Taipei,25.063,121.508
04001,Tamsui River - Zhongxing Br.,2019-04-15T00:00:00,NH3-N,2.977,mg/L,淡水河,淡水河,New Taipei / Taipei,25.063,121.508
04001,Tamsui River - Zhongxing Br.,2019-05-15T00:00:00,DO,3.852,mg/L,淡水河,淡水河,New Taipei / Taipei,25.063,121.508
04001,Tamsui River - Zhongxing Br.,2019-05-15T00:00:00,BOD5,7.044,mg/L,淡水河,淡水河,New Taipei / Taipei,25.063,121.508
04001,Tamsui River - Zhongxing Br.,2019-05-15T00:00:00,SS,56.456,mg/L,淡水河,淡水河,New Taipei / Taipei,25.063,121.508
04001,Tamsui River - Zhongxing Br.,2019-05-15T00:00:00,NH3-N,2.62,mg/L,淡水河,淡水河,New Taipei / Taipei,25.063,121.508
04001,Tamsui River - Zhongxing Br.,2019-06-15T00:00:00,DO,3.455,mg/L,淡水河,淡水河,New Taipei / Taipei,25.063,121.508
04001,Tamsui River - Zhongxing Br.,2019-06-15T00:00:00,BOD5,8.61,mg/L,淡水河,淡水河,New Taipei / Taipei,25.063,121.508
04001,Tamsui River - Zhongxing Br.,2019-06-15T00:00:00,SS,57.402,mg/L,淡水河,淡水河,New Taipei / Taipei,25.063,121.508
04001,Tamsui River - Zhongxing Br.,2019-06-15T00:00:00,NH3-N,3.02,mg/L,淡水河,淡水河,New Taipei / Taipei,25.063,121.508
04001,Tamsui River - Zhongxing Br.,2019-07-15T00:00:00,DO,3.084,mg/L,淡水河,淡水河,New Taipei / Taipei,25.063,121.508
04001,Tamsui River - Zhongxing Br.,2019-07-15T00:00:00,BOD5,7.135,mg/L,淡水河,淡水河,New Taipei / Taipei,25.063,121.508
04001,Tamsui River - Zhongxing Br.,2019-07-15T00:00:00,SS,53.19,mg/L,淡水河,淡水河,New Taipei / Taipei,25.063,121.508
04001,Tamsui River - Zhongxing Br.,2019-07-15T00:00:00,NH3-N,2.739,mg/L,淡水河,淡水河,New Taipei / Taipei,25.063,121.508
04001,Tamsui River - Zhongxing Br.,2019-08-15T00:00:00,DO,4.422,mg/L,淡水河,淡水河,New Taipei / Taipei,25.063,121.508
04001,Tamsui River - Zhongxing Br.,2019-08-15T00:00:00,BOD5,6.956,mg/L,淡水河,淡水河,New Taipei / Taipei,25.063,121.508
04001,Tamsui River - Zhongxing Br.,2019-08-15T00:00:00,SS,60.322,mg/L,淡水河,淡水河,New Taipei / Taipei,25.063,121.508
04001,Tamsui River - Zhongxing Br.,2019-08-15T00:00:00,NH3-N,1.986,mg/L,淡水河,淡水河,New Taipei / Taipei,25.063,121.508
04001,Tamsui River - Zhongxing Br.,2019-09-15T00:00:00,DO,3.641,mg/L,淡水河,淡水河,New Taipei / Taipei,25.063,121.508
04001,Tamsui River - Zhongxing Br.,2019-09-15T00:00:00,BOD5,4.88,mg/L,淡水河,淡水河,New Taipei / Taipei,25.063,121.508
04001,Tamsui River - Zhongxing Br.,2019-09-15T00:00:00,SS,44.855,mg/L,淡水河,淡水河,New Taipei / Taipei,25.063,121.508
04001,Tamsui River - Zhongxing Br.,2019-09-15T00:00:00,NH3-N,2.519,mg/L,淡水河,淡水河,New Taipei / Taipei,25.063,121.508
04001,Tamsui River - Zhongxing Br.,2019-10-15T00:00:00,DO,4.875,mg/L,淡水河,淡水河,New Taipei / Taipei,25.063,121.508
04001,Tamsui River - Zhongxing Br.,2019-10-15T00:00:00,BOD5,9.034,mg/L,淡水河,淡水河,New Taipei / Taipei,25.063,121.508
04001,Tamsui River - Zhongxing Br.,2019-10-15T00:00:00,SS,38.401,mg/L,淡水河,淡水河,New Taipei / Taipei,25.063,121.508
04001,Tamsui River - Zhongxing Br.,2019-10-15T00:00:00,NH3-N,2.96,mg/L,淡水河,淡水河,New Taipei / Taipei,25.063,121.508
04001,Tamsui River - Zhongxing Br.,2019-11-15T00:00:00,DO,4.534,mg/L,淡水河,淡水河,New Taipei / Taipei,25.063,121.508
04001,Tamsui River - Zhongxing Br.,2019-11-15T00:00:00,BOD5,5.237,mg/L,淡水河,淡水河,New Taipei / Taipei,25.063,121.508
04001,Tamsui River - Zhongxing Br.,2019-11-15T00:00:00,SS,49.867,mg/L,淡水河,淡水河,New Taipei / Taipei,25.063,121.508
04001,Tamsui River - Zhongxing Br.,2019-11-15T00:00:00,NH3-N,2.213,mg/L,淡水河,淡水河,New Taipei / Taipei,25.063,121.508
04001,Tamsui River - Zhongxing Br.,2019-12-15T00:00:00,DO,4.677,mg/L,淡水河,淡水河,New Taipei / Taipei,25.063,121.508
04001,Tamsui River - Zhongxing Br.,2019-12-15T00:00:00,BOD5,4.52,mg/L,淡水河,淡水河,New Taipei / Taipei,25.063,121.508
04001,Tamsui River - Zhongxing Br.,2019-12-15T00:00:00,SS,29.271,mg/L,淡水河,淡水河,New Taipei / Taipei,25.063,121.508
04001,Tamsui River - Zhongxing Br.,2019-12-15T00:00:00,NH3-N,1.391,mg/L,淡水河,淡水河,New Taipei / Taipei,25.063,121.508
04001,Tamsui River - Zhongxing Br.,2020-01-15T00:00:00,DO,5.088,mg/L,淡水河,淡水河,New Taipei / Taipei,25.063,121.508
04001,Tamsui River - Zhongxing Br.,2020-01-15T00:00:00,BOD5,4.501,mg/L,淡水河,淡水河,New Taipei / Taipei,25.063,121.508
04001,Tamsui River - Zhongxing Br.,2020-01-15T00:00:00,SS,38.294,mg/L,淡水河,淡水河,New Taipei / Taipei,25.063,121.508
04001,Tamsui River - Zhongxing Br.,2020-01-15T00:00:00,NH3-N,2.074,mg/L,淡水河,淡水河,New Taipei / Taipei,25.063,121.508
04001,Tamsui River - Zhongxing Br.,2020-02-15T00:00:00,DO,5.097,mg/L,淡水河,淡水河,New Taipei / Taipei,25.063,121.508
04001,Tamsui River - Zhongxing Br.,2020-02-15T00:00:00,BOD5,5.156,mg/L,淡水河,淡水河,New Taipei / Taipei,25.063,121.508
04001,Tamsui River - Zhongxing Br.,2020-02-15T00:00:00,SS,37.619,mg/L,淡水河,淡水河,New Taipei / Taipei,25.063,121.508
04001,Tamsui River - Zhongxing Br.,2020-02-15T00:00:00,NH3-N,2.665,mg/L,淡水河,淡水河,New Taipei / Taipei,25.063,121.508
04001,Tamsui River - Zhongxing Br.,2020-03-15T00:00:00,DO,5.351,mg/L,淡水河,淡水河,New Taipei / Taipei,25.063,121.508
04001,Tamsui River - Zhongxing Br.,2020-03-15T00:00:00,BOD5,5.934,mg/L,淡水河,淡水河,New Taipei / Taipei,25.063,121.508
04001,Tamsui River - Zhongxing Br.,2020-03-15T00:00:00,SS,55.954,mg/L,淡水河,淡水河,New Taipei / Taipei,25.063,121.508
04001,Tamsui River - Zhongxing Br.,2020-03-15T00:00:00,NH3-N,2.756,mg/L,淡水河,淡水河,New Taipei / Taipei,25.063,121.508
04001,Tamsui River - Zhongxing Br.,2020-04-15T00:00:00,DO,4.786,mg/L,淡水河,淡水河,New Taipei / Taipei,25.063,121.508
04001,Tamsui River - Zhongxing Br.,2020-04-15T00:00:00,BOD5,6.663,mg/L,淡水河,淡水河,New Taipei / Taipei,25.063,121.508
04001,Tamsui River - Zhongxing Br.,2020-04-15T00:00:00,SS,51.731,mg/L,淡水河,淡水河,New Taipei / Taipei,25.063,121.508
04001,Tamsui River - Zhongxing Br.,2020-04-15T00:00:00,NH3-N,2.539,mg/L,淡水河,淡水河,New Taipei / Taipei,25.063,121.508
04001,Tamsui River - Zhongxing Br.,2020-05-15T00:00:00,DO,3.154,mg/L,淡水河,淡水河,New Taipei / Taipei,25.063,121.508
04001,Tamsui River - Zhongxing Br.,2020-05-15T00:00:00,BOD5,7.357,mg/L,淡水河,淡水河,New Taipei / Taipei,25.063,121.508
04001,Tamsui River - Zhongxing Br.,2020-05-15T00:00:00,SS,39.872,mg/L,淡水河,淡水河,New Taipei / Taipei,25.063,121.508
04001,Tamsui River - Zhongxing Br.,2020-05-15T00:00:00,NH3-N,2.049,mg/L,淡水河,淡水河,New Taipei / Taipei,25.063,121.508
04001,Tamsui River - Zhongxing Br.,2020-06-15T00:00:00,DO,4.379,mg/L,淡水河,淡水河,New Taipei / Taipei,25.063,121.508
04001,Tamsui River - Zhongxing Br.,2020-06-15T00:00:00,BOD5,7.947,mg/L,淡水河,淡水河,New Taipei / Taipei,25.063,121.508
04001,Tamsui River - Zhongxing Br.,2020-06-15T00:00:00,SS,79.27,mg/L,淡水河,淡水河,New Taipei / Taipei,25.063,121.508
04001,Tamsui River - Zhongxing Br.,2020-06-15T00:00:00,NH3-N,2.374,mg/L,淡水河,淡水河,New Taipei / Taipei,25.063,121.508
04001,Tamsui River - Zhongxing Br.,2020-07-15T00:00:00,DO,2.829,mg/L,淡水河,淡水河,New Taipei / Taipei,25.063,121.508
04001,Tamsui River - Zhongxing Br.,2020-07-15T00:00:00,BOD5,6.94,mg/L,淡水河,淡水河,New Taipei / Taipei,25.063,121.508
04001,Tamsui River - Zhongxing Br.,2020-07-15T00:00:00,SS,66.398,mg/L,淡水河,淡水河,New Taipei / Taipei,25.063,121.508
04001,Tamsui River - Zhongxing Br.,2020-07-15T00:00:00,NH3-N,2.566,mg/L,淡水河,淡水河,New Taipei / Taipei,25.063,121.508
04001,Tamsui River - Zhongxing Br.,2020-08-15T00:00:00,DO,4.285,mg/L,淡水河,淡水河,New Taipei / Taipei,25.063,121.508
04001,Tamsui River - Zhongxing Br.,2020-08-15T00:00:00,BOD5,6.649,mg/L,淡水河,淡水河,New Taipei / Taipei,25.063,121.508
04001,Tamsui River - Zhongxing Br.,2020-08-15T00:00:00,SS,66.497,mg/L,淡水河,淡水河,New Taipei / Taipei,25.063,121.508
04001,Tamsui River - Zhongxing Br.,2020-08-15T00:00:00,NH3-N,2.044,mg/L,淡水河,淡水河,New Taipei / Taipei,25.063,121.508
04001,Tamsui River - Zhongxing Br.,2020-09-15T00:00:00,DO,4.099,mg/L,淡水河,淡水河,New Taipei / Taipei,25.063,121.508
04001,Tamsui River - Zhongxing Br.,2020-09-15T00:00:00,BOD5,6.603,mg/L,淡水河,淡水河,New Taipei / Taipei,25.063,121.508
04001,Tamsui River - Zhongxing Br.,2020-09-15T00:00:00,SS,46.69,mg/L,淡水河,淡水河,New Taipei / Taipei,25.063,121.508
04001,Tamsui River - Zhongxing Br.,2020-09-15T00:00:00,NH3-N,2.307,mg/L,淡水河,淡水河,New Taipei / Taipei,25.063,121.508
04001,Tamsui River - Zhongxing Br.,2020-10-15T00:00:00,DO,4.023,mg/L,淡水河,淡水河,New Taipei / Taipei,25.063,121.508
04001,Tamsui River - Zhongxing Br.,2020-10-15T00:00:00,BOD5,5.708,mg/L,淡水河,淡水河,New Taipei / Taipei,25.063,121.508
04001,Tamsui River - Zhongxing Br.,2020-10-15T00:00:00,SS,64.928,mg/L,淡水河,淡水河,New Taipei / Taipei,25.063,121.508
04001,Tamsui River - Zhongxing Br.,2020-10-15T00:00:00,NH3-N,2.255,mg/L,淡水河,淡水河,New Taipei / Taipei,25.063,121.508
04001,Tamsui River - Zhongxing Br.,2020-11-15T00:00:00,DO,4.291,mg/L,淡水河,淡水河,New Taipei / Taipei,25.063,121.508
04001,Tamsui River - Zhongxing Br.,2020-11-15T00:00:00,BOD5,3.135,mg/L,淡水河,淡水河,New Taipei / Taipei,25.063,121.508
04001,Tamsui River - Zhongxing Br.,2020-11-15T00:00:00,SS,34.94,mg/L,淡水河,淡水河,New Taipei / Taipei,25.063,121.508
04001,Tamsui River - Zhongxing Br.,2020-11-15T00:00:00,NH3-N,2.064,mg/L,淡水河,淡水河,New Taipei / Taipei,25.063,121.508
04001,Tamsui River - Zhongxing Br.,2020-12-15T00:00:00,DO,4.25,mg/L,淡水河,淡水河,New Taipei / Taipei,25.063,121.508
04001,Tamsui River - Zhongxing Br.,2020-12-15T00:00:00,BOD5,6.453,mg/L,淡水河,淡水河,New Taipei / Taipei,25.063,121.508
04001,Tamsui River - Zhongxing Br.,2020-12-15T00:00:00,SS,43.144,mg/L,淡水河,淡水河,New Taipei / Taipei,25.063,121.508
04001,Tamsui River - Zhongxing Br.,2020-12-15T00:00:00,NH3-N,2.693,mg/L,淡水河,淡水河,New Taipei / Taipei,25.063,121.508
04001,Tamsui River - Zhongxing Br.,2021-01-15T00:00:00,DO,4.783,mg/L,淡水河,淡水河,New Taipei / Taipei,25.063,121.508
04001,Tamsui River - Zhongxing Br.,2021-01-15T00:00:00,BOD5,4.84,mg/L,淡水河,淡水河,New Taipei / Taipei,25.063,121.508
04001,Tamsui River - Zhongxing Br.,2021-01-15T00:00:00,SS,44.001,mg/L,淡水河,淡水河,New Taipei / Taipei,25.063,121.508
04001,Tamsui River - Zhongxing Br.,2021-01-15T00:00:00,NH3-N,2.072,mg/L,淡水河,淡水河,New Taipei / Taipei,25.063,121.508
04001,Tamsui River - Zhongxing Br.,2021-02-15T00:00:00,DO,5.701,mg/L,淡水河,淡水河,New Taipei / Taipei,25.063,121.508
04001,Tamsui River - Zhongxing Br.,2021-02-15T00:00:00,BOD5,2.456,mg/L,淡水河,淡水河,New Taipei / Taipei,25.063,121.508
04001,Tamsui River - Zhongxing Br.,2021-02-15T00:00:00,SS,22.483,mg/L,淡水河,淡水河,New Taipei / Taipei,25.063,121.508
04001,Tamsui River - Zhongxing Br.,2021-02-15T00:00:00,NH3-N,1.851,mg/L,淡水河,淡水河,New Taipei / Taipei,25.063,121.508
04001,Tamsui River - Zhongxing Br.,2021-03-15T00:00:00,DO,4.463,mg/L,淡水河,淡水河,New Taipei / Taipei,25.063,121.508
04001,Tamsui River - Zhongxing Br.,2021-03-15T00:00:00,BOD5,6.145,mg/L,淡水河,淡水河,New Taipei / Taipei,25.063,121.508
04001,Tamsui River - Zhongxing Br.,2021-03-15T00:00:00,SS,50.322,mg/L,淡水河,淡水河,New Taipei / Taipei,25.063,121.508
04001,Tamsui River - Zhongxing Br.,2021-03-15T00:00:00,NH3-N,2.008,mg/L,淡水河,淡水河,New Taipei / Taipei,25.063,121.508
04001,Tamsui River - Zhongxing Br.,2021-04-15T00:00:00,DO,4.77,mg/L,淡水河,淡水河,New Taipei / Taipei,25.063,121.508
04001,Tamsui River - Zhongxing Br.,2021-04-15T00:00:00,BOD5,7.113,mg/L,淡水河,淡水河,New Taipei / Taipei,25.063,121.508
04001,Tamsui River - Zhongxing Br.,2021-04-15T00:00:00,SS,47.071,mg/L,淡水河,淡水河,New Taipei / Taipei,25.063,121.508
04001,Tamsui River - Zhongxing Br.,2021-04-15T00:00:00,NH3-N,2.743,mg/L,淡水河,淡水河,New Taipei / Taipei,25.063,121.508
04001,Tamsui River - Zhongxing Br.,2021-05-15T00:00:00,DO,4.026,mg/L,淡水河,淡水河,New Taipei / Taipei,25.063,121.508
04001,Tamsui River - Zhongxing Br.,2021-05-15T00:00:00,BOD5,5.994,mg/L,淡水河,淡水河,New Taipei / Taipei,25.063,121.508
04001,Tamsui River - Zhongxing Br.,2021-05-15T00:00:00,SS,62.975,mg/L,淡水河,淡水河,New Taipei / Taipei,25.063,121.508
04001,Tamsui River - Zhongxing Br.,2021-05-15T00:00:00,NH3-N,2.466,mg/L,淡水河,淡水河,New Taipei / Taipei,25.063,121.508
04001,Tamsui River - Zhongxing Br.,2021-06-15T00:00:00,DO,3.648,mg/L,淡水河,淡水河,New Taipei / Taipei,25.063,121.508
04001,Tamsui River - Zhongxing Br.,2021-06-15T00:00:00,BOD5,8.63,mg/L,淡水河,淡水河,New Taipei / Taipei,25.063,121.508
04001,Tamsui River - Zhongxing Br.,2021-06-15T00:00:00,SS,34.965,mg/L,淡水河,淡水河,New Taipei / Taipei,25.063,121.508
04001,Tamsui River - Zhongxing Br.,2021-06-15T00:00:00,NH3-N,1.847,mg/L,淡水河,淡水河,New Taipei / Taipei,25.063,121.508
04001,Tamsui River - Zhongxing Br.,2021-07-15T00:00:00,DO,2.858,mg/L,淡水河,淡水河,New Taipei / Taipei,25.063,121.508
04001,Tamsui River - Zhongxing Br.,2021-07-15T00:00:00,BOD5,6.808,mg/L,淡水河,淡水河,New Taipei / Taipei,25.063,121.508
04001,Tamsui River - Zhongxing Br.,2021-07-15T00:00:00,SS,62.386,mg/L,淡水河,淡水河,New Taipei / Taipei,25.063,121.508
04001,Tamsui River - Zhongxing Br.,2021-07-15T00:00:00,NH3-N,1.837,mg/L,淡水河,淡水河,New Taipei / Taipei,25.063,121.508
04001,Tamsui River - Zhongxing Br.,2021-08-15T00:00:00,DO,3.064,mg/L,淡水河,淡水河,New Taipei / Taipei,25.063,121.508
04001,Tamsui River - Zhongxing Br.,2021-08-15T00:00:00,BOD5,6.11,mg/L,淡水河,淡水河,New Taipei / Taipei,25.063,121.508
04001,Tamsui River - Zhongxing Br.,2021-08-15T00:00:00,SS,90.183,mg/L,淡水河,淡水河,New Taipei / Taipei,25.063,121.508
04001,Tamsui River - Zhongxing Br.,2021-08-15T00:00:00,NH3-N,3.328,mg/L,淡水河,淡水河,New Taipei / Taipei,25.063,121.508
04001,Tamsui River - Zhongxing Br.,2021-09-15T00:00:00,DO,3.632,mg/L,淡水河,淡水河,New Taipei / Taipei,25.063,121.508
04001,Tamsui River - Zhongxing Br.,2021-09-15T00:00:00,BOD5,6.207,mg/L,淡水河,淡水河,New Taipei / Taipei,25.063,121.508
04001,Tamsui River - Zhongxing Br.,2021-09-15T00:00:00,SS,42.196,mg/L,淡水河,淡水河,New Taipei / Taipei,25.063,121.508
04001,Tamsui River - Zhongxing Br.,2021-09-15T00:00:00,NH3-N,1.537,mg/L,淡水河,淡水河,New Taipei / Taipei,25.063,121.508
04001,Tamsui River - Zhongxing Br.,2021-10-15T00:00:00,DO,4.113,mg/L,淡水河,淡水河,New Taipei / Taipei,25.063,121.508
04001,Tamsui River - Zhongxing Br.,2021-10-15T00:00:00,BOD5,4.922,mg/L,淡水河,淡水河,New Taipei / Taipei,25.063,121.508
04001,Tamsui River - Zhongxing Br.,2021-10-15T00:00:00,SS,44.045,mg/L,淡水河,淡水河,New Taipei / Taipei,25.063,121.508
04001,Tamsui River - Zhongxing Br.,2021-10-15T00:00:00,NH3-N,1.564,mg/L,淡水河,淡水河,New Taipei / Taipei,25.063,121.508
04001,Tamsui River - Zhongxing Br.,2021-11-15T00:00:00,DO,4.03,mg/L,淡水河,淡水河,New Taipei / Taipei,25.063,121.508
04001,Tamsui River - Zhongxing Br.,2021-11-15T00:00:00,BOD5,5.561,mg/L,淡水河,淡水河,New Taipei / Taipei,25.063,121.508
04001,Tamsui River - Zhongxing Br.,2021-11-15T00:00:00,SS,49.12,mg/L,淡水河,淡水河,New Taipei / Taipei,25.063,121.508
04001,Tamsui River - Zhongxing Br.,2021-11-15T00:00:00,NH3-N,2.377,mg/L,淡水河,淡水河,New Taipei / Taipei,25.063,121.508
04001,Tamsui River - Zhongxing Br.,2021-12-15T00:00:00,DO,3.919,mg/L,淡水河,淡水河,New Taipei / Taipei,25.063,121.508
04001,Tamsui River - Zhongxing Br.,2021-12-15T00:00:00,BOD5,5.884,mg/L,淡水河,淡水河,New Taipei / Taipei,25.063,121.508
04001,Tamsui River - Zhongxing Br.,2021-12-15T00:00:00,SS,35.998,mg/L,淡水河,淡水河,New Taipei / Taipei,25.063,121.508
04001,Tamsui River - Zhongxing Br.,2021-12-15T00:00:00,NH3-N,2.392,mg/L,淡水河,淡水河,New Taipei / Taipei,25.063,121.508
04001,Tamsui River - Zhongxing Br.,2022-01-15T00:00:00,DO,4.789,mg/L,淡水河,淡水河,New Taipei / Taipei,25.063,121.508
04001,Tamsui River - Zhongxing Br.,2022-01-15T00:00:00,BOD5,3.314,mg/L,淡水河,淡水河,New Taipei / Taipei,25.063,121.508
04001,Tamsui River - Zhongxing Br.,2022-01-15T00:00:00,SS,41.443,mg/L,淡水河,淡水河,New Taipei / Taipei,25.063,121.508
04001,Tamsui River - Zhongxing Br.,2022-01-15T00:00:00,NH3-N,2.238,mg/L,淡水河,淡水河,New Taipei / Taipei,25.063,121.508
04001,Tamsui River - Zhongxing Br.,2022-02-15T00:00:00,DO,5.087,mg/L,淡水河,淡水河,New Taipei / Taipei,25.063,121.508
04001,Tamsui River - Zhongxing Br.,2022-02-15T00:00:00,BOD5,4.809,mg/L,淡水河,淡水河,New Taipei / Taipei,25.063,121.508
04001,Tamsui River - Zhongxing Br.,2022-02-15T00:00:00,SS,62.233,mg/L,淡水河,淡水河,New Taipei / Taipei,25.063,121.508
04001,Tamsui River - Zhongxing Br.,2022-02-15T00:00:00,NH3-N,2.564,mg/L,淡水河,淡水河,New Taipei / Taipei,25.063,121.508
04001,Tamsui River - Zhongxing Br.,2022-03-15T00:00:00,DO,4.35,mg/L,淡水河,淡水河,New Taipei / Taipei,25.063,121.508
04001,Tamsui River - Zhongxing Br.,2022-03-15T00:00:00,BOD5,6.21,mg/L,淡水河,淡水河,New Taipei / Taipei,25.063,121.508
04001,Tamsui River - Zhongxing Br.,2022-03-15T00:00:00,SS,66.755,mg/L,淡水河,淡水河,New Taipei / Taipei,25.063,121.508
04001,Tamsui River - Zhongxing Br.,2022-03-15T00:00:00,NH3-N,3.087,mg/L,淡水河,淡水河,New Taipei / Taipei,25.063,121.508
04001,Tamsui River - Zhongxing Br.,2022-04-15T00:00:00,DO,3.471,mg/L,淡水河,淡水河,New Taipei / Taipei,25.063,121.508
04001,Tamsui River - Zhongxing Br.,2022-04-15T00:00:00,BOD5,4.999,mg/L,淡水河,淡水河,New Taipei / Taipei,25.063,121.508
04001,Tamsui River - Zhongxing Br.,2022-04-15T00:00:00,SS,61.705,mg/L,淡水河,淡水河,New Taipei / Taipei,25.063,121.508
04001,Tamsui River - Zhongxing Br.,2022-04-15T00:00:00,NH3-N,1.813,mg/L,淡水河,淡水河,New Taipei / Taipei,25.063,121.508
04001,Tamsui River - Zhongxing Br.,2022-05-15T00:00:00,DO,3.119,mg/L,淡水河,淡水河,New Taipei / Taipei,25.063,121.508
04001,Tamsui River - Zhongxing Br.,2022-05-15T00:00:00,BOD5,6.075,mg/L,淡水河,淡水河,New Taipei / Taipei,25.063,121.508
04001,Tamsui River - Zhongxing Br.,2022-05-15T00:00:00,SS,59.853,mg/L,淡水河,淡水河,New Taipei / Taipei,25.063,121.508
04001,Tamsui River - Zhongxing Br.,2022-05-15T00:00:00,NH3-N,2.368,mg/L,淡水河,淡水河,New Taipei / Taipei,25.063,121.508
04001,Tamsui River - Zhongxing Br.,2022-06-15T00:00:00,DO,3.306,mg/L,淡水河,淡水河,New Taipei / Taipei,25.063,121.508
04001,Tamsui River - Zhongxing Br.,2022-06-15T00:00:00,BOD5,6.311,mg/L,淡水河,淡水河,New Taipei / Taipei,25.063,121.508
04001,Tamsui River - Zhongxing Br.,2022-06-15T00:00:00,SS,54.523,mg/L,淡水河,淡水河,New Taipei / Taipei,25.063,121.508
04001,Tamsui River - Zhongxing Br.,2022-06-15T00:00:00,NH3-N,2.095,mg/L,淡水河,淡水河,New Taipei / Taipei,25.063,121.508
04001,Tamsui River - Zhongxing Br.,2022-07-15T00:00:00,DO,4.99,mg/L,淡水河,淡水河,New Taipei / Taipei,25.063,121.508
04001,Tamsui River - Zhongxing Br.,2022-07-15T00:00:00,BOD5,7.521,mg/L,淡水河,淡水河,New Taipei / Taipei,25.063,121.508
04001,Tamsui River - Zhongxing Br.,2022-07-15T00:00:00,SS,75.226,mg/L,淡水河,淡水河,New Taipei / Taipei,25.063,121.508
04001,Tamsui River - Zhongxing Br.,2022-07-15T00:00:00,NH3-N,2.305,mg/L,淡水河,淡水河,New Taipei / Taipei,25.063,121.508
04001,Tamsui River - Zhongxing Br.,2022-08-15T00:00:00,DO,3.594,mg/L,淡水河,淡水河,New Taipei / Taipei,25.063,121.508
04001,Tamsui River - Zhongxing Br.,2022-08-15T00:00:00,BOD5,6.269,mg/L,淡水河,淡水河,New Taipei / Taipei,25.063,121.508
04001,Tamsui River - Zhongxing Br.,2022-08-15T00:00:00,SS,32.705,mg/L,淡水河,淡水河,New Taipei / Taipei,25.063,121.508
04001,Tamsui River - Zhongxing Br.,2022-08-15T00:00:00,NH3-N,1.865,mg/L,淡水河,淡水河,New Taipei / Taipei,25.063,121.508
04001,Tamsui River - Zhongxing Br.,2022-09-15T00:00:00,DO,2.843,mg/L,淡水河,淡水河,New Taipei / Taipei,25.063,121.508
04001,Tamsui River - Zhongxing Br.,2022-09-15T00:00:00,BOD5,4.17,mg/L,淡水河,淡水河,New Taipei / Taipei,25.063,121.508
04001,Tamsui River - Zhongxing Br.,2022-09-15T00:00:00,SS,41.677,mg/L,淡水河,淡水河,New Taipei / Taipei,25.063,121.508
04001,Tamsui River - Zhongxing Br.,2022-09-15T00:00:00,NH3-N,3.024,mg/L,淡水河,淡水河,New Taipei / Taipei,25.063,121.508
04001,Tamsui River - Zhongxing Br.,2022-10-15T00:00:00,DO,4.206,mg/L,淡水河,淡水河,New Taipei / Taipei,25.063,121.508
04001,Tamsui River - Zhongxing Br.,2022-10-15T00:00:00,BOD5,7.394,mg/L,淡水河,淡水河,New Taipei / Taipei,25.063,121.508
04001,Tamsui River - Zhongxing Br.,2022-10-15T00:00:00,SS,49.624,mg/L,淡水河,淡水河,New Taipei / Taipei,25.063,121.508
04001,Tamsui River - Zhongxing Br.,2022-10-15T00:00:00,NH3-N,2.66,mg/L,淡水河,淡水河,New Taipei / Taipei,25.063,121.508
04001,Tamsui River - Zhongxing Br.,2022-11-15T00:00:00,DO,3.997,mg/L,淡水河,淡水河,New Taipei / Taipei,25.063,121.508
04001,Tamsui River - Zhongxing Br.,2022-11-15T00:00:00,BOD5,5.966,mg/L,淡水河,淡水河,New Taipei / Taipei,25.063,121.508
04001,Tamsui River - Zhongxing Br.,2022-11-15T00:00:00,SS,53.198,mg/L,淡水河,淡水河,New Taipei / Taipei,25.063,121.508
04001,Tamsui River - Zhongxing Br.,2022-11-15T00:00:00,NH3-N,1.92,mg/L,淡水河,淡水河,New Taipei / Taipei,25.063,121.508
04001,Tamsui River - Zhongxing Br.,2022-12-15T00:00:00,DO,5.097,mg/L,淡水河,淡水河,New Taipei / Taipei,25.063,121.508
04001,Tamsui River - Zhongxing Br.,2022-12-15T00:00:00,BOD5,5.572,mg/L,淡水河,淡水河,New Taipei / Taipei,25.063,121.508
04001,Tamsui River - Zhongxing Br.,2022-12-15T00:00:00,SS,38.818,mg/L,淡水河,淡水河,New Taipei / Taipei,25.063,121.508
04001,Tamsui River - Zhongxing Br.,2022-12-15T00:00:00,NH3-N,1.584,mg/L,淡水河,淡水河,New Taipei / Taipei,25.063,121.508
04001,Tamsui River - Zhongxing Br.,2023-01-15T00:00:00,DO,4.135,mg/L,淡水河,淡水河,New Taipei / Taipei,25.063,121.508
04001,Tamsui River - Zhongxing Br.,2023-01-15T00:00:00,BOD5,4.893,mg/L,淡水河,淡水河,New Taipei / Taipei,25.063,121.508
04001,Tamsui River - Zhongxing Br.,2023-01-15T00:00:00,SS,48.679,mg/L,淡水河,淡水河,New Taipei / Taipei,25.063,121.508
04001,Tamsui River - Zhongxing Br.,2023-01-15T00:00:00,NH3-N,1.705,mg/L,淡水河,淡水河,New Taipei / Taipei,25.063,121.508
04001,Tamsui River - Zhongxing Br.,2023-02-15T00:00:00,DO,4.786,mg/L,淡水河,淡水河,New Taipei / Taipei,25.063,121.508
04001,Tamsui River - Zhongxing Br.,2023-02-15T00:00:00,BOD5,5.577,mg/L,淡水河,淡水河,New Taipei / Taipei,25.063,121.508
04001,Tamsui River - Zhongxing Br.,2023-02-15T00:00:00,SS,51.955,mg/L,淡水河,淡水河,New Taipei / Taipei,25.063,121.508
04001,Tamsui River - Zhongxing Br.,2023-02-15T00:00:00,NH3-N,2.815,mg/L,淡水河,淡水河,New Taipei / Taipei,25.063,121.508
04001,Tamsui River - Zhongxing Br.,2023-03-15T00:00:00,DO,5.32,mg/L,淡水河,淡水河,New Taipei / Taipei,25.063,121.508
04001,Tamsui River - Zhongxing Br.,2023-03-15T00:00:00,BOD5,4.319,mg/L,淡水河,淡水河,New Taipei / Taipei,25.063,121.508
04001,Tamsui River - Zhongxing Br.,2023-03-15T00:00:00,SS,63.94,mg/L,淡水河,淡水河,New Taipei / Taipei,25.063,121.508
04001,Tamsui River - Zhongxing Br.,2023-03-15T00:00:00,NH3-N,1.941,mg/L,淡水河,淡水河,New Taipei / Taipei,25.063,121.508
04001,Tamsui River - Zhongxing Br.,2023-04-15T00:00:00,DO,4.885,mg/L,淡水河,淡水河,New Taipei / Taipei,25.063,121.508
04001,Tamsui River - Zhongxing Br.,2023-04-15T00:00:00,BOD5,6.073,mg/L,淡水河,淡水河,New Taipei / Taipei,25.063,121.508
04001,Tamsui River - Zhongxing Br.,2023-04-15T00:00:00,SS,40.363,mg/L,淡水河,淡水河,New Taipei / Taipei,25.063,121.508
04001,Tamsui River - Zhongxing Br.,2023-04-15T00:00:00,NH3-N,1.468,mg/L,淡水河,淡水河,New Taipei / Taipei,25.063,121.508
04001,Tamsui River - Zhongxing Br.,2023-05-15T00:00:00,DO,3.859,mg/L,淡水河,淡水河,New Taipei / Taipei,25.063,121.508
04001,Tamsui River - Zhongxing Br.,2023-05-15T00:00:00,BOD5,4.916,mg/L,淡水河,淡水河,New Taipei / Taipei,25.063,121.508
04001,Tamsui River - Zhongxing Br.,2023-05-15T00:00:00,SS,66.007,mg/L,淡水河,淡水河,New Taipei / Taipei,25.063,121.508
04001,Tamsui River - Zhongxing Br.,2023-05-15T00:00:00,NH3-N,3.113,mg/L,淡水河,淡水河,New Taipei / Taipei,25.063,121.508
04001,Tamsui River - Zhongxing Br.,2023-06-15T00:00:00,DO,3.269,mg/L,淡水河,淡水河,New Taipei / Taipei,25.063,121.508
04001,Tamsui River - Zhongxing Br.,2023-06-15T00:00:00,BOD5,7.365,mg/L,淡水河,淡水河,New Taipei / Taipei,25.063,121.508
04001,Tamsui River - Zhongxing Br.,2023-06-15T00:00:00,SS,54.376,mg/L,淡水河,淡水河,New Taipei / Taipei,25.063,121.508
04001,Tamsui River - Zhongxing Br.,2023-06-15T00:00:00,NH3-N,2.21,mg/L,淡水河,淡水河,New Taipei / Taipei,25.063,121.508
04001,Tamsui River - Zhongxing Br.,2023-07-15T00:00:00,DO,4.135,mg/L,淡水河,淡水河,New Taipei / Taipei,25.063,121.508
04001,Tamsui River - Zhongxing Br.,2023-07-15T00:00:00,BOD5,7.158,mg/L,淡水河,淡水河,New Taipei / Taipei,25.063,121.508
04001,Tamsui River - Zhongxing Br.,2023-07-15T00:00:00,SS,84.821,mg/L,淡水河,淡水河,New Taipei / Taipei,25.063,121.508
04001,Tamsui River - Zhongxing Br.,2023-07-15T00:00:00,NH3-N,2.308,mg/L,淡水河,淡水河,New Taipei / Taipei,25.063,121.508
04001,Tamsui River - Zhongxing Br.,2023-08-15T00:00:00,DO,4.355,mg/L,淡水河,淡水河,New Taipei / Taipei,25.063,121.508
04001,Tamsui River - Zhongxing Br.,2023-08-15T00:00:00,BOD5,7.144,mg/L,淡水河,淡水河,New Taipei / Taipei,25.063,121.508
04001,Tamsui River - Zhongxing Br.,2023-08-15T00:00:00,SS,71.49,mg/L,淡水河,淡水河,New Taipei / Taipei,25.063,121.508
04001,Tamsui River - Zhongxing Br.,2023-08-15T00:00:00,NH3-N,2.293,mg/L,淡水河,淡水河,New Taipei / Taipei,25.063,121.508
04001,Tamsui River - Zhongxing Br.,2023-09-15T00:00:00,DO,3.949,mg/L,淡水河,淡水河,New Taipei / Taipei,25.063,121.508
04001,Tamsui River - Zhongxing Br.,2023-09-15T00:00:00,BOD5,6.475,mg/L,淡水河,淡水河,New Taipei / Taipei,25.063,121.508
04001,Tamsui River - Zhongxing Br.,2023-09-15T00:00:00,SS,45.719,mg/L,淡水河,淡水河,New Taipei / Taipei,25.063,121.508
04001,Tamsui River - Zhongxing Br.,2023-09-15T00:00:00,NH3-N,2.72,mg/L,淡水河,淡水河,New Taipei / Taipei,25.063,121.508
04001,Tamsui River - Zhongxing Br.,2023-10-15T00:00:00,DO,4.673,mg/L,淡水河,淡水河,New Taipei / Taipei,25.063,121.508
04001,Tamsui River - Zhongxing Br.,2023-10-15T00:00:00,BOD5,6.641,mg/L,淡水河,淡水河,New Taipei / Taipei,25.063,121.508
04001,Tamsui River - Zhongxing Br.,2023-10-15T00:00:00,SS,62.291,mg/L,淡水河,淡水河,New Taipei / Taipei,25.063,121.508
04001,Tamsui River - Zhongxing Br.,2023-10-15T00:00:00,NH3-N,2.967,mg/L,淡水河,淡水河,New Taipei / Taipei,25.063,121.508
04001,Tamsui River - Zhongxing Br.,2023-11-15T00:00:00,DO,4.362,mg/L,淡水河,淡水河,New Taipei / Taipei,25.063,121.508
04001,Tamsui River - Zhongxing Br.,2023-11-15T00:00:00,BOD5,5.803,mg/L,淡水河,淡水河,New Taipei / Taipei,25.063,121.508
04001,Tamsui River - Zhongxing Br.,2023-11-15T00:00:00,SS,37.984,mg/L,淡水河,淡水河,New Taipei / Taipei,25.063,121.508
04001,Tamsui River - Zhongxing Br.,2023-11-15T00:00:00,NH3-N,2.196,mg/L,淡水河,淡水河,New Taipei / Taipei,25.063,121.508
04001,Tamsui River - Zhongxing Br.,2023-12-15T00:00:00,DO,4.451,mg/L,淡水河,淡水河,New Taipei / Taipei,25.063,121.508
04001,Tamsui River - Zhongxing Br.,2023-12-15T00:00:00,BOD5,6.71,mg/L,淡水河,淡水河,New Taipei / Taipei,25.063,121.508
04001,Tamsui River - Zhongxing Br.,2023-12-15T00:00:00,SS,49.092,mg/L,淡水河,淡水河,New Taipei / Taipei,25.063,121.508
04001,Tamsui River - Zhongxing Br.,2023-12-15T00:00:00,NH3-N,2.001,mg/L,淡水河,淡水河,New Taipei / Taipei,25.063,121.508
04001,Tamsui River - Zhongxing Br.,2024-01-15T00:00:00,DO,5.612,mg/L,淡水河,淡水河,New Taipei / Taipei,25.063,121.508
04001,Tamsui River - Zhongxing Br.,2024-01-15T00:00:00,BOD5,2.456,mg/L,淡水河,淡水河,New Taipei / Taipei,25.063,121.508
04001,Tamsui River - Zhongxing Br.,2024-01-15T00:00:00,SS,22.341,mg/L,淡水河,淡水河,New Taipei / Taipei,25.063,121.508
04001,Tamsui River - Zhongxing Br.,2024-01-15T00:00:00,NH3-N,2.436,mg/L,淡水河,淡水河,New Taipei / Taipei,25.063,121.508
04001,Tamsui River - Zhongxing Br.,2024-02-15T00:00:00,DO,4.856,mg/L,淡水河,淡水河,New Taipei / Taipei,25.063,121.508
04001,Tamsui River - Zhongxing Br.,2024-02-15T00:00:00,BOD5,5.231,mg/L,淡水河,淡水河,New Taipei / Taipei,25.063,121.508
04001,Tamsui River - Zhongxing Br.,2024-02-15T00:00:00,SS,30.078,mg/L,淡水河,淡水河,New Taipei / Taipei,25.063,121.508
04001,Tamsui River - Zhongxing Br.,2024-02-15T00:00:00,NH3-N,2.09,mg/L,淡水河,淡水河,New Taipei / Taipei,25.063,121.508
04001,Tamsui River - Zhongxing Br.,2024-03-15T00:00:00,DO,5.806,mg/L,淡水河,淡水河,New Taipei / Taipei,25.063,121.508
04001,Tamsui River - Zhongxing Br.,2024-03-15T00:00:00,BOD5,6.29,mg/L,淡水河,淡水河,New Taipei / Taipei,25.063,121.508
04001,Tamsui River - Zhongxing Br.,2024-03-15T00:00:00,SS,46.909,mg/L,淡水河,淡水河,New Taipei / Taipei,25.063,121.508
04001,Tamsui River - Zhongxing Br.,2024-03-15T00:00:00,NH3-N,1.983,mg/L,淡水河,淡水河,New Taipei / Taipei,25.063,121.508
04001,Tamsui River - Zhongxing Br.,2024-04-15T00:00:00,DO,4.071,mg/L,淡水河,淡水河,New Taipei / Taipei,25.063,121.508
04001,Tamsui River - Zhongxing Br.,2024-04-15T00:00:00,BOD5,3.7,mg/L,淡水河,淡水河,New Taipei / Taipei,25.063,121.508
04001,Tamsui River - Zhongxing Br.,2024-04-15T00:00:00,SS,47.898,mg/L,淡水河,淡水河,New Taipei / Taipei,25.063,121.508
04001,Tamsui River - Zhongxing Br.,2024-04-15T00:00:00,NH3-N,2.689,mg/L,淡水河,淡水河,New Taipei / Taipei,25.063,121.508
04001,Tamsui River - Zhongxing Br.,2024-05-15T00:00:00,DO,3.067,mg/L,淡水河,淡水河,New Taipei / Taipei,25.063,121.508
04001,Tamsui River - Zhongxing Br.,2024-05-15T00:00:00,BOD5,5.886,mg/L,淡水河,淡水河,New Taipei / Taipei,25.063,121.508
04001,Tamsui River - Zhongxing Br.,2024-05-15T00:00:00,SS,42.104,mg/L,淡水河,淡水河,New Taipei / Taipei,25.063,121.508
04001,Tamsui River - Zhongxing Br.,2024-05-15T00:00:00,NH3-N,1.971,mg/L,淡水河,淡水河,New Taipei / Taipei,25.063,121.508
04001,Tamsui River - Zhongxing Br.,2024-06-15T00:00:00,DO,3.829,mg/L,淡水河,淡水河,New Taipei / Taipei,25.063,121.508
04001,Tamsui River - Zhongxing Br.,2024-06-15T00:00:00,BOD5,4.788,mg/L,淡水河,淡水河,New Taipei / Taipei,25.063,121.508
04001,Tamsui River - Zhongxing Br.,2024-06-15T00:00:00,SS,69.448,mg/L,淡水河,淡水河,New Taipei / Taipei,25.063,121.508
04001,Tamsui River - Zhongxing Br.,2024-06-15T00:00:00,NH3-N,2.846,mg/L,淡水河,淡水河,New Taipei / Taipei,25.063,121.508
04001,Tamsui River - Zhongxing Br.,2024-07-15T00:00:00,DO,3.57,mg/L,淡水河,淡水河,New Taipei / Taipei,25.063,121.508
04001,Tamsui River - Zhongxing Br.,2024-07-15T00:00:00,BOD5,4.521,mg/L,淡水河,淡水河,New Taipei / Taipei,25.063,121.508
04001,Tamsui River - Zhongxing Br.,2024-07-15T00:00:00,SS,54.04,mg/L,淡水河,淡水河,New Taipei / Taipei,25.063,121.508
04001,Tamsui River - Zhongxing Br.,2024-07-15T00:00:00,NH3-N,3.097,mg/L,淡水河,淡水河,New Taipei / Taipei,25.063,121.508
04001,Tamsui River - Zhongxing Br.,2024-08-15T00:00:00,DO,2.138,mg/L,淡水河,淡水河,New Taipei / Taipei,25.063,121.508
04001,Tamsui River - Zhongxing Br.,2024-08-15T00:00:00,BOD5,6.664,mg/L,淡水河,淡水河,New Taipei / Taipei,25.063,121.508
04001,Tamsui River - Zhongxing Br.,2024-08-15T00:00:00,SS,49.262,mg/L,淡水河,淡水河,New Taipei / Taipei,25.063,121.508
04001,Tamsui River - Zhongxing Br.,2024-08-15T00:00:00,NH3-N,2.869,mg/L,淡水河,淡水河,New Taipei / Taipei,25.063,121.508
04001,Tamsui River - Zhongxing Br.,2024-09-15T00:00:00,DO,3.624,mg/L,淡水河,淡水河,New Taipei / Taipei,25.063,121.508
04001,Tamsui River - Zhongxing Br.,2024-09-15T00:00:00,BOD5,7.036,mg/L,淡水河,淡水河,New Taipei / Taipei,25.063,121.508
04001,Tamsui River - Zhongxing Br.,2024-09-15T00:00:00,SS,61.486,mg/L,淡水河,淡水河,New Taipei / Taipei,25.063,121.508
04001,Tamsui River - Zhongxing Br.,2024-09-15T00:00:00,NH3-N,3.26,mg/L,淡水河,淡水河,New Taipei / Taipei,25.063,121.508
04001,Tamsui River - Zhongxing Br.,2024-10-15T00:00:00,DO,4.211,mg/L,淡水河,淡水河,New Taipei / Taipei,25.063,121.508
04001,Tamsui River - Zhongxing Br.,2024-10-15T00:00:00,BOD5,6.406,mg/L,淡水河,淡水河,New Taipei / Taipei,25.063,121.508
04001,Tamsui River - Zhongxing Br.,2024-10-15T00:00:00,SS,28.293,mg/L,淡水河,淡水河,New Taipei / Taipei,25.063,121.508
04001,Tamsui River - Zhongxing Br.,2024-10-15T00:00:00,NH3-N,2.848,mg/L,淡水河,淡水河,New Taipei / Taipei,25.063,121.508
04001,Tamsui River - Zhongxing Br.,2024-11-15T00:00:00,DO,4.181,mg/L,淡水河,淡水河,New Taipei / Taipei,25.063,121.508
04001,Tamsui River - Zhongxing Br.,2024-11-15T00:00:00,BOD5,4.794,mg/L,淡水河,淡水河,New Taipei / Taipei,25.063,121.508
04001,Tamsui River - Zhongxing Br.,2024-11-15T00:00:00,SS,44.75,mg/L,淡水河,淡水河,New Taipei / Taipei,25.063,121.508
04001,Tamsui River - Zhongxing Br.,2024-11-15T00:00:00,NH3-N,1.466,mg/L,淡水河,淡水河,New Taipei / Taipei,25.063,121.508
04001,Tamsui River - Zhongxing Br.,2024-12-15T00:00:00,DO,4.998,mg/L,淡水河,淡水河,New Taipei / Taipei,25.063,121.508
04001,Tamsui River - Zhongxing Br.,2024-12-15T00:00:00,BOD5,6.006,mg/L,淡水河,淡水河,New Taipei / Taipei,25.063,121.508
04001,Tamsui River - Zhongxing Br.,2024-12-15T00:00:00,SS,48.296,mg/L,淡水河,淡水河,New Taipei / Taipei,25.063,121.508
04001,Tamsui River - Zhongxing Br.,2024-12-15T00:00:00,NH3-N,1.37,mg/L,淡水河,淡水河,New Taipei / Taipei,25.063,121.508
05001,Tamsui River - Guandu Br.,2018-02-15T00:00:00,DO,5.445,mg/L,淡水河,淡水河,New Taipei / Taipei,25.115,121.459
05001,Tamsui River - Guandu Br.,2018-02-15T00:00:00,BOD5,3.841,mg/L,淡水河,淡水河,New Taipei / Taipei,25.115,121.459
05001,Tamsui River - Guandu Br.,2018-02-15T00:00:00,SS,21.22,mg/L,淡水河,淡水河,New Taipei / Taipei,25.115,121.459
05001,Tamsui River - Guandu Br.,2018-02-15T00:00:00,NH3-N,1.048,mg/L,淡水河,淡水河,New Taipei / Taipei,25.115,121.459
05001,Tamsui River - Guandu Br.,2018-03-15T00:00:00,DO,5.831,mg/L,淡水河,淡水河,New Taipei / Taipei,25.115,121.459
05001,Tamsui River - Guandu Br.,2018-03-15T00:00:00,BOD5,3.794,mg/L,淡水河,淡水河,New Taipei / Taipei,25.115,121.459
05001,Tamsui River - Guandu Br.,2018-03-15T00:00:00,SS,44.12,mg/L,淡水河,淡水河,New Taipei / Taipei,25.115,121.459
05001,Tamsui River - Guandu Br.,2018-03-15T00:00:00,NH3-N,1.983,mg/L,淡水河,淡水河,New Taipei / Taipei,25.115,121.459
05001,Tamsui River - Guandu Br.,2018-04-15T00:00:00,DO,5.291,mg/L,淡水河,淡水河,New Taipei / Taipei,25.115,121.459
05001,Tamsui River - Guandu Br.,2018-04-15T00:00:00,BOD5,4.474,mg/L,淡水河,淡水河,New Taipei / Taipei,25.115,121.459
05001,Tamsui River - Guandu Br.,2018-04-15T00:00:00,SS,67.107,mg/L,淡水河,淡水河,New Taipei / Taipei,25.115,121.459
05001,Tamsui River - Guandu Br.,2018-04-15T00:00:00,NH3-N,1.436,mg/L,淡水河,淡水河,New Taipei / Taipei,25.115,121.459
05001,Tamsui River - Guandu Br.,2018-05-15T00:00:00,DO,4.236,mg/L,淡水河,淡水河,New Taipei / Taipei,25.115,121.459
05001,Tamsui River - Guandu Br.,2018-05-15T00:00:00,BOD5,4.708,mg/L,淡水河,淡水河,New Taipei / Taipei,25.115,121.459
05001,Tamsui River - Guandu Br.,2018-05-15T00:00:00,SS,53.39,mg/L,淡水河,淡水河,New Taipei / Taipei,25.115,121.459
05001,Tamsui River - Guandu Br.,2018-05-15T00:00:00,NH3-N,1.417,mg/L,淡水河,淡水河,New Taipei / Taipei,25.115,121.459
05001,Tamsui River - Guandu Br.,2018-06-15T00:00:00,DO,3.881,mg/L,淡水河,淡水河,New Taipei / Taipei,25.115,121.459
05001,Tamsui River - Guandu Br.,2018-06-15T00:00:00,BOD5,6.356,mg/L,淡水河,淡水河,New Taipei / Taipei,25.115,121.459
05001,Tamsui River - Guandu Br.,2018-06-15T00:00:00,SS,58.857,mg/L,淡水河,淡水河,New Taipei / Taipei,25.115,121.459
05001,Tamsui River - Guandu Br.,2018-06-15T00:00:00,NH3-N,1.41,mg/L,淡水河,淡水河,New Taipei / Taipei,25.115,121.459
05001,Tamsui River - Guandu Br.,2018-07-15T00:00:00,DO,4.974,mg/L,淡水河,淡水河,New Taipei / Taipei,25.115,121.459
05001,Tamsui River - Guandu Br.,2018-07-15T00:00:00,BOD5,4.721,mg/L,淡水河,淡水河,New Taipei / Taipei,25.115,121.459
05001,Tamsui River - Guandu Br.,2018-07-15T00:00:00,SS,55.471,mg/L,淡水河,淡水河,New Taipei / Taipei,25.115,121.459
05001,Tamsui River - Guandu Br.,2018-07-15T00:00:00,NH3-N,1.819,mg/L,淡水河,淡水河,New Taipei / Taipei,25.115,121.459
05001,Tamsui River - Guandu Br.,2018-08-15T00:00:00,DO,3.735,mg/L,淡水河,淡水河,New Taipei / Taipei,25.115,121.459
05001,Tamsui River - Guandu Br.,2018-08-15T00:00:00,BOD5,4.947,mg/L,淡水河,淡水河,New Taipei / Taipei,25.115,121.459
05001,Tamsui River - Guandu Br.,2018-08-15T00:00:00,SS,74.718,mg/L,淡水河,淡水河,New Taipei / Taipei,25.115,121.459
05001,Tamsui River - Guandu Br.,2018-08-15T00:00:00,NH3-N,1.77,mg/L,淡水河,淡水河,New Taipei / Taipei,25.115,121.459
05001,Tamsui River - Guandu Br.,2018-09-15T00:00:00,DO,4.509,mg/L,淡水河,淡水河,New Taipei / Taipei,25.115,121.459
05001,Tamsui River - Guandu Br.,2018-09-15T00:00:00,BOD5,4.035,mg/L,淡水河,淡水河,New Taipei / Taipei,25.115,121.459
05001,Tamsui River - Guandu Br.,2018-09-15T00:00:00,SS,44.897,mg/L,淡水河,淡水河,New Taipei / Taipei,25.115,121.459
05001,Tamsui River - Guandu Br.,2018-09-15T00:00:00,NH3-N,1.499,mg/L,淡水河,淡水河,New Taipei / Taipei,25.115,121.459
05001,Tamsui River - Guandu Br.,2018-10-15T00:00:00,DO,4.813,mg/L,淡水河,淡水河,New Taipei / Taipei,25.115,121.459
05001,Tamsui River - Guandu Br.,2018-10-15T00:00:00,BOD5,4.66,mg/L,淡水河,淡水河,New Taipei / Taipei,25.115,121.459
05001,Tamsui River - Guandu Br.,2018-10-15T00:00:00,SS,22.668,mg/L,淡水河,淡水河,New Taipei / Taipei,25.115,121.459
05001,Tamsui River - Guandu Br.,2018-10-15T00:00:00,NH3-N,1.759,mg/L,淡水河,淡水河,New Taipei / Taipei,25.115,121.459
05001,Tamsui River - Guandu Br.,2018-11-15T00:00:00,DO,5.117,mg/L,淡水河,淡水河,New Taipei / Taipei,25.115,121.459
05001,Tamsui River - Guandu Br.,2018-11-15T00:00:00,BOD5,3.871,mg/L,淡水河,淡水河,New Taipei / Taipei,25.115,121.459
05001,Tamsui River - Guandu Br.,2018-11-15T00:00:00,SS,28.73,mg/L,淡水河,淡水河,New Taipei / Taipei,25.115,121.459
05001,Tamsui River - Guandu Br.,2018-11-15T00:00:00,NH3-N,1.824,mg/L,淡水河,淡水河,New Taipei / Taipei,25.115,121.459
05001,Tamsui River - Guandu Br.,2018-12-15T00:00:00,DO,6.317,mg/L,淡水河,淡水河,New Taipei / Taipei,25.115,121.459
05001,Tamsui River - Guandu Br.,2018-12-15T00:00:00,BOD5,3.998,mg/L,淡水河,淡水河,New Taipei / Taipei,25.115,121.459
05001,Tamsui River - Guandu Br.,2018-12-15T00:00:00,SS,24.852,mg/L,淡水河,淡水河,New Taipei / Taipei,25.115,121.459
05001,Tamsui River - Guandu Br.,2018-12-15T00:00:00,NH3-N,1.619,mg/L,淡水河,淡水河,New Taipei / Taipei,25.115,121.459
05001,Tamsui River - Guandu Br.,2019-01-15T00:00:00,DO,5.898,mg/L,淡水河,淡水河,New Taipei / Taipei,25.115,121.459
05001,Tamsui River - Guandu Br.,2019-01-15T00:00:00,BOD5,2.044,mg/L,淡水河,淡水河,New Taipei / Taipei,25.115,121.459
05001,Tamsui River - Guandu Br.,2019-01-15T00:00:00,SS,39.757,mg/L,淡水河,淡水河,New Taipei / Taipei,25.115,121.459
05001,Tamsui River - Guandu Br.,2019-01-15T00:00:00,NH3-N,1.459,mg/L,淡水河,淡水河,New Taipei / Taipei,25.115,121.459
05001,Tamsui River - Guandu Br.,2019-02-15T00:00:00,DO,5.913,mg/L,淡水河,淡水河,New Taipei / Taipei,25.115,121.459
05001,Tamsui River - Guandu Br.,2019-02-15T00:00:00,BOD5,3.435,mg/L,淡水河,淡水河,New Taipei / Taipei,25.115,121.459
05001,Tamsui River - Guandu Br.,2019-02-15T00:00:00,SS,42.912,mg/L,淡水河,淡水河,New Taipei / Taipei,25.115,121.459
05001,Tamsui River - Guandu Br.,2019-02-15T00:00:00,NH3-N,1.812,mg/L,淡水河,淡水河,New Taipei / Taipei,25.115,121.459
05001,Tamsui River - Guandu Br.,2019-03-15T00:00:00,DO,6.1,mg/L,淡水河,淡水河,New Taipei / Taipei,25.115,121.459
05001,Tamsui River - Guandu Br.,2019-03-15T00:00:00,BOD5,1.536,mg/L,淡水河,淡水河,New Taipei / Taipei,25.115,121.459
05001,Tamsui River - Guandu Br.,2019-03-15T00:00:00,SS,36.826,mg/L,淡水河,淡水河,New Taipei / Taipei,25.115,121.459
05001,Tamsui River - Guandu Br.,2019-03-15T00:00:00,NH3-N,1.376,mg/L,淡水河,淡水河,New Taipei / Taipei,25.115,121.459
05001,Tamsui River - Guandu Br.,2019-04-15T00:00:00,DO,4.018,mg/L,淡水河,淡水河,New Taipei / Taipei,25.115,121.459
05001,Tamsui River - Guandu Br.,2019-04-15T00:00:00,BOD5,4.068,mg/L,淡水河,淡水河,New Taipei / Taipei,25.115,121.459
05001,Tamsui River - Guandu Br.,2019-04-15T00:00:00,SS,52.488,mg/L,淡水河,淡水河,New Taipei / Taipei,25.115,121.459
05001,Tamsui River - Guandu Br.,2019-04-15T00:00:00,NH3-N,1.174,mg/L,淡水河,淡水河,New Taipei / Taipei,25.115,121.459
05001,Tamsui River - Guandu Br.,2019-05-15T00:00:00,DO,4.976,mg/L,淡水河,淡水河,New Taipei / Taipei,25.115,121.459
05001,Tamsui River - Guandu Br.,2019-05-15T00:00:00,BOD5,3.741,mg/L,淡水河,淡水河,New Taipei / Taipei,25.115,121.459
05001,Tamsui River - Guandu Br.,2019-05-15T00:00:00,SS,42.281,mg/L,淡水河,淡水河,New Taipei / Taipei,25.115,121.459
05001,Tamsui River - Guandu Br.,2019-05-15T00:00:00,NH3-N,2.018,mg/L,淡水河,淡水河,New Taipei / Taipei,25.115,121.459
05001,Tamsui River - Guandu Br.,2019-06-15T00:00:00,DO,4.235,mg/L,淡水河,淡水河,New Taipei / Taipei,25.115,121.459
05001,Tamsui River - Guandu Br.,2019-06-15T00:00:00,BOD5,5.026,mg/L,淡水河,淡水河,New Taipei / Taipei,25.115,121.459
05001,Tamsui River - Guandu Br.,2019-06-15T00:00:00,SS,36.876,mg/L,淡水河,淡水河,New Taipei / Taipei,25.115,121.459
05001,Tamsui River - Guandu Br.,2019-06-15T00:00:00,NH3-N,2.189,mg/L,淡水河,淡水河,New Taipei / Taipei,25.115,121.459
05001,Tamsui River - Guandu Br.,2019-07-15T00:00:00,DO,4.846,mg/L,淡水河,淡水河,New Taipei / Taipei,25.115,121.459
05001,Tamsui River - Guandu Br.,2019-07-15T00:00:00,BOD5,4.669,mg/L,淡水河,淡水河,New Taipei / Taipei,25.115,121.459
05001,Tamsui River - Guandu Br.,2019-07-15T00:00:00,SS,63.755,mg/L,淡水河,淡水河,New Taipei / Taipei,25.115,121.459
05001,Tamsui River - Guandu Br.,2019-07-15T00:00:00,NH3-N,1.227,mg/L,淡水河,淡水河,New Taipei / Taipei,25.115,121.459
05001,Tamsui River - Guandu Br.,2019-08-15T00:00:00,DO,5.28,mg/L,淡水河,淡水河,New Taipei / Taipei,25.115,121.459
05001,Tamsui River - Guandu Br.,2019-08-15T00:00:00,BOD5,4.46,mg/L,淡水河,淡水河,New Taipei / Taipei,25.115,121.459
05001,Tamsui River - Guandu Br.,2019-08-15T00:00:00,SS,53.548,mg/L,淡水河,淡水河,New Taipei / Taipei,25.115,121.459
05001,Tamsui River - Guandu Br.,2019-08-15T00:00:00,NH3-N,1.482,mg/L,淡水河,淡水河,New Taipei / Taipei,25.115,121.459
05001,Tamsui River - Guandu Br.,2019-09-15T00:00:00,DO,4.446,mg/L,淡水河,淡水河,New Taipei / Taipei,25.115,121.459
05001,Tamsui River - Guandu Br.,2019-09-15T00:00:00,BOD5,4.9,mg/L,淡水河,淡水河,New Taipei / Taipei,25.115,121.459
05001,Tamsui River - Guandu Br.,2019-09-15T00:00:00,SS,51.559,mg/L,淡水河,淡水河,New Taipei / Taipei,25.115,121.459
05001,Tamsui River - Guandu Br.,2019-09-15T00:00:00,NH3-N,1.771,mg/L,淡水河,淡水河,New Taipei / Taipei,25.115,121.459
05001,Tamsui River - Guandu Br.,2019-10-15T00:00:00,DO,5.094,mg/L,淡水河,淡水河,New Taipei / Taipei,25.115,121.459
05001,Tamsui River - Guandu Br.,2019-10-15T00:00:00,BOD5,4.37,mg/L,淡水河,淡水河,New Taipei / Taipei,25.115,121.459
05001,Tamsui River - Guandu Br.,2019-10-15T00:00:00,SS,35.812,mg/L,淡水河,淡水河,New Taipei / Taipei,25.115,121.459
05001,Tamsui River - Guandu Br.,2019-10-15T00:00:00,NH3-N,2.169,mg/L,淡水河,淡水河,New Taipei / Taipei,25.115,121.459
05001,Tamsui River - Guandu Br.,2019-11-15T00:00:00,DO,4.464,mg/L,淡水河,淡水河,New Taipei / Taipei,25.115,121.459
05001,Tamsui River - Guandu Br.,2019-11-15T00:00:00,BOD5,4.508,mg/L,淡水河,淡水河,New Taipei / Taipei,25.115,121.459
05001,Tamsui River - Guandu Br.,2019-11-15T00:00:00,SS,53.679,mg/L,淡水河,淡水河,New Taipei / Taipei,25.115,121.459
05001,Tamsui River - Guandu Br.,2019-11-15T00:00:00,NH3-N,1.169,mg/L,淡水河,淡水河,New Taipei / Taipei,25.115,121.459
05001,Tamsui River - Guandu Br.,2019-12-15T00:00:00,DO,6.967,mg/L,淡水河,淡水河,New Taipei / Taipei,25.115,121.459
05001,Tamsui River - Guandu Br.,2019-12-15T00:00:00,BOD5,4.024,mg/L,淡水河,淡水河,New Taipei / Taipei,25.115,121.459
05001,Tamsui River - Guandu Br.,2019-12-15T00:00:00,SS,49.711,mg/L,淡水河,淡水河,New Taipei / Taipei,25.115,121.459
05001,Tamsui River - Guandu Br.,2019-12-15T00:00:00,NH3-N,1.379,mg/L,淡水河,淡水河,New Taipei / Taipei,25.115,121.459
05001,Tamsui River - Guandu Br.,2020-01-15T00:00:00,DO,5.584,mg/L,淡水河,淡水河,New Taipei / Taipei,25.115,121.459
05001,Tamsui River - Guandu Br.,2020-01-15T00:00:00,BOD5,3.049,mg/L,淡水河,淡水河,New Taipei / Taipei,25.115,121.459
05001,Tamsui River - Guandu Br.,2020-01-15T00:00:00,SS,43.905,mg/L,淡水河,淡水河,New Taipei / Taipei,25.115,121.459
05001,Tamsui River - Guandu Br.,2020-01-15T00:00:00,NH3-N,1.77,mg/L,淡水河,淡水河,New Taipei / Taipei,25.115,121.459
05001,Tamsui River - Guandu Br.,2020-02-15T00:00:00,DO,5.748,mg/L,淡水河,淡水河,New Taipei / Taipei,25.115,121.459
05001,Tamsui River - Guandu Br.,2020-02-15T00:00:00,BOD5,2.651,mg/L,淡水河,淡水河,New Taipei / Taipei,25.115,121.459
05001,Tamsui River - Guandu Br.,2020-02-15T00:00:00,SS,48.244,mg/L,淡水河,淡水河,New Taipei / Taipei,25.115,121.459
05001,Tamsui River - Guandu Br.,2020-02-15T00:00:00,NH3-N,1.646,mg/L,淡水河,淡水河,New Taipei / Taipei,25.115,121.459
05001,Tamsui River - Guandu Br.,2020-03-15T00:00:00,DO,5.817,mg/L,淡水河,淡水河,New Taipei / Taipei,25.115,121.459
05001,Tamsui River - Guandu Br.,2020-03-15T00:00:00,BOD5,4.137,mg/L,淡水河,淡水河,New Taipei / Taipei,25.115,121.459
05001,Tamsui River - Guandu Br.,2020-03-15T00:00:00,SS,37.291,mg/L,淡水河,淡水河,New Taipei / Taipei,25.115,121.459
05001,Tamsui River - Guandu Br.,2020-03-15T00:00:00,NH3-N,1.146,mg/L,淡水河,淡水河,New Taipei / Taipei,25.115,121.459
05001,Tamsui River - Guandu Br.,2020-04-15T00:00:00,DO,4.609,mg/L,淡水河,淡水河,New Taipei / Taipei,25.115,121.459
05001,Tamsui River - Guandu Br.,2020-04-15T00:00:00,BOD5,2.822,mg/L,淡水河,淡水河,New Taipei / Taipei,25.115,121.459
05001,Tamsui River - Guandu Br.,2020-04-15T00:00:00,SS,42.369,mg/L,淡水河,淡水河,New Taipei / Taipei,25.115,121.459
05001,Tamsui River - Guandu Br.,2020-04-15T00:00:00,NH3-N,1.475,mg/L,淡水河,淡水河,New Taipei / Taipei,25.115,121.459
05001,Tamsui River - Guandu Br.,2020-05-15T00:00:00,DO,4.571,mg/L,淡水河,淡水河,New Taipei / Taipei,25.115,121.459
05001,Tamsui River - Guandu Br.,2020-05-15T00:00:00,BOD5,2.272,mg/L,淡水河,淡水河,New Taipei / Taipei,25.115,121.459
05001,Tamsui River - Guandu Br.,2020-05-15T00:00:00,SS,36.527,mg/L,淡水河,淡水河,New Taipei / Taipei,25.115,121.459
05001,Tamsui River - Guandu Br.,2020-05-15T00:00:00,NH3-N,1.911,mg/L,淡水河,淡水河,New Taipei / Taipei,25.115,121.459
05001,Tamsui River - Guandu Br.,2020-06-15T00:00:00,DO,4.221,mg/L,淡水河,淡水河,New Taipei / Taipei,25.115,121.459
05001,Tamsui River - Guandu Br.,2020-06-15T00:00:00,BOD5,4.952,mg/L,淡水河,淡水河,New Taipei / Taipei,25.115,121.459
05001,Tamsui River - Guandu Br.,2020-06-15T00:00:00,SS,41.682,mg/L,淡水河,淡水河,New Taipei / Taipei,25.115,121.459
05001,Tamsui River - Guandu Br.,2020-06-15T00:00:00,NH3-N,2.062,mg/L,淡水河,淡水河,New Taipei / Taipei,25.115,121.459
05001,Tamsui River - Guandu Br.,2020-07-15T00:00:00,DO,4.458,mg/L,淡水河,淡水河,New Taipei / Taipei,25.115,121.459
05001,Tamsui River - Guandu Br.,2020-07-15T00:00:00,BOD5,5.009,mg/L,淡水河,淡水河,New Taipei / Taipei,25.115,121.459
05001,Tamsui River - Guandu Br.,2020-07-15T00:00:00,SS,81.258,mg/L,淡水河,淡水河,New Taipei / Taipei,25.115,121.459
05001,Tamsui River - Guandu Br.,2020-07-15T00:00:00,NH3-N,2.105,mg/L,淡水河,淡水河,New Taipei / Taipei,25.115,121.459
05001,Tamsui River - Guandu Br.,2020-08-15T00:00:00,DO,4.446,mg/L,淡水河,淡水河,New Taipei / Taipei,25.115,121.459
05001,Tamsui River - Guandu Br.,2020-08-15T00:00:00,BOD5,4.266,mg/L,淡水河,淡水河,New Taipei / Taipei,25.115,121.459
05001,Tamsui River - Guandu Br.,2020-08-15T00:00:00,SS,52.333,mg/L,淡水河,淡水河,New Taipei / Taipei,25.115,121.459
05001,Tamsui River - Guandu Br.,2020-08-15T00:00:00,NH3-N,1.783,mg/L,淡水河,淡水河,New Taipei / Taipei,25.115,121.459
05001,Tamsui River - Guandu Br.,2020-09-15T00:00:00,DO,4.792,mg/L,淡水河,淡水河,New Taipei / Taipei,25.115,121.459
05001,Tamsui River - Guandu Br.,2020-09-15T00:00:00,BOD5,4.115,mg/L,淡水河,淡水河,New Taipei / Taipei,25.115,121.459
05001,Tamsui River - Guandu Br.,2020-09-15T00:00:00,SS,63.672,mg/L,淡水河,淡水河,New Taipei / Taipei,25.115,121.459
05001,Tamsui River - Guandu Br.,2020-09-15T00:00:00,NH3-N,1.541,mg/L,淡水河,淡水河,New Taipei / Taipei,25.115,121.459
05001,Tamsui River - Guandu Br.,2020-10-15T00:00:00,DO,6.54,mg/L,淡水河,淡水河,New Taipei / Taipei,25.115,121.459
05001,Tamsui River - Guandu Br.,2020-10-15T00:00:00,BOD5,4.065,mg/L,淡水河,淡水河,New Taipei / Taipei,25.115,121.459
05001,Tamsui River - Guandu Br.,2020-10-15T00:00:00,SS,57.853,mg/L,淡水河,淡水河,New Taipei / Taipei,25.115,121.459
05001,Tamsui River - Guandu Br.,2020-10-15T00:00:00,NH3-N,1.607,mg/L,淡水河,淡水河,New Taipei / Taipei,25.115,121.459
05001,Tamsui River - Guandu Br.,2020-11-15T00:00:00,DO,6.043,mg/L,淡水河,淡水河,New Taipei / Taipei,25.115,121.459
05001,Tamsui River - Guandu Br.,2020-11-15T00:00:00,BOD5,3.078,mg/L,淡水河,淡水河,New Taipei / Taipei,25.115,121.459
05001,Tamsui River - Guandu Br.,2020-11-15T00:00:00,SS,31.462,mg/L,淡水河,淡水河,New Taipei / Taipei,25.115,121.459
05001,Tamsui River - Guandu Br.,2020-11-15T00:00:00,NH3-N,1.563,mg/L,淡水河,淡水河,New Taipei / Taipei,25.115,121.459
05001,Tamsui River - Guandu Br.,2020-12-15T00:00:00,DO,6.283,mg/L,淡水河,淡水河,New Taipei / Taipei,25.115,121.459
05001,Tamsui River - Guandu Br.,2020-12-15T00:00:00,BOD5,3.336,mg/L,淡水河,淡水河,New Taipei / Taipei,25.115,121.459
05001,Tamsui River - Guandu Br.,2020-12-15T00:00:00,SS,27.136,mg/L,淡水河,淡水河,New Taipei / Taipei,25.115,121.459
05001,Tamsui River - Guandu Br.,2020-12-15T00:00:00,NH3-N,0.962,mg/L,淡水河,淡水河,New Taipei / Taipei,25.115,121.459
05001,Tamsui River - Guandu Br.,2021-01-15T00:00:00,DO,4.919,mg/L,淡水河,淡水河,New Taipei / Taipei,25.115,121.459
05001,Tamsui River - Guandu Br.,2021-01-15T00:00:00,BOD5,1.927,mg/L,淡水河,淡水河,New Taipei / Taipei,25.115,121.459
05001,Tamsui River - Guandu Br.,2021-01-15T00:00:00,SS,41.095,mg/L,淡水河,淡水河,New Taipei / Taipei,25.115,121.459
05001,Tamsui River - Guandu Br.,2021-01-15T00:00:00,NH3-N,1.688,mg/L,淡水河,淡水河,New Taipei / Taipei,25.115,121.459
05001,Tamsui River - Guandu Br.,2021-02-15T00:00:00,DO,5.692,mg/L,淡水河,淡水河,New Taipei / Taipei,25.115,121.459
05001,Tamsui River - Guandu Br.,2021-02-15T00:00:00,BOD5,1.68,mg/L,淡水河,淡水河,New Taipei / Taipei,25.115,121.459
05001,Tamsui River - Guandu Br.,2021-02-15T00:00:00,SS,38.092,mg/L,淡水河,淡水河,New Taipei / Taipei,25.115,121.459
05001,Tamsui River - Guandu Br.,2021-02-15T00:00:00,NH3-N,1.321,mg/L,淡水河,淡水河,New Taipei / Taipei,25.115,121.459
05001,Tamsui River - Guandu Br.,2021-03-15T00:00:00,DO,6.742,mg/L,淡水河,淡水河,New Taipei / Taipei,25.115,121.459
05001,Tamsui River - Guandu Br.,2021-03-15T00:00:00,BOD5,2.551,mg/L,淡水河,淡水河,New Taipei / Taipei,25.115,121.459
05001,Tamsui River - Guandu Br.,2021-03-15T00:00:00,SS,36.093,mg/L,淡水河,淡水河,New Taipei / Taipei,25.115,121.459
05001,Tamsui River - Guandu Br.,2021-03-15T00:00:00,NH3-N,1.937,mg/L,淡水河,淡水河,New Taipei / Taipei,25.115,121.459
05001,Tamsui River - Guandu Br.,2021-04-15T00:00:00,DO,5.46,mg/L,淡水河,淡水河,New Taipei / Taipei,25.115,121.459
05001,Tamsui River - Guandu Br.,2021-04-15T00:00:00,BOD5,4.406,mg/L,淡水河,淡水河,New Taipei / Taipei,25.115,121.459
05001,Tamsui River - Guandu Br.,2021-04-15T00:00:00,SS,41.146,mg/L,淡水河,淡水河,New Taipei / Taipei,25.115,121.459
05001,Tamsui River - Guandu Br.,2021-04-15T00:00:00,NH3-N,1.599,mg/L,淡水河,淡水河,New Taipei / Taipei,25.115,121.459
05001,Tamsui River - Guandu Br.,2021-05-15T00:00:00,DO,5.361,mg/L,淡水河,淡水河,New Taipei / Taipei,25.115,121.459
05001,Tamsui River - Guandu Br.,2021-05-15T00:00:00,BOD5,3.817,mg/L,淡水河,淡水河,New Taipei / Taipei,25.115,121.459
05001,Tamsui River - Guandu Br.,2021-05-15T00:00:00,SS,57.781,mg/L,淡水河,淡水河,New Taipei / Taipei,25.115,121.459
05001,Tamsui River - Guandu Br.,2021-05-15T00:00:00,NH3-N,1.163,mg/L,淡水河,淡水河,New Taipei / Taipei,25.115,121.459
05001,Tamsui River - Guandu Br.,2021-06-15T00:00:00,DO,4.877,mg/L,淡水河,淡水河,New Taipei / Taipei,25.115,121.459
05001,Tamsui River - Guandu Br.,2021-06-15T00:00:00,BOD5,4.822,mg/L,淡水河,淡水河,New Taipei / Taipei,25.115,121.459
05001,Tamsui River - Guandu Br.,2021-06-15T00:00:00,SS,49.426,mg/L,淡水河,淡水河,New Taipei / Taipei,25.115,121.459
05001,Tamsui River - Guandu Br.,2021-06-15T00:00:00,NH3-N,1.623,mg/L,淡水河,淡水河,New Taipei / Taipei,25.115,121.459
05001,Tamsui River - Guandu Br.,2021-07-15T00:00:00,DO,4.231,mg/L,淡水河,淡水河,New Taipei / Taipei,25.115,121.459
05001,Tamsui River - Guandu Br.,2021-07-15T00:00:00,BOD5,4.028,mg/L,淡水河,淡水河,New Taipei / Taipei,25.115,121.459
05001,Tamsui River - Guandu Br.,2021-07-15T00:00:00,SS,54.464,mg/L,淡水河,淡水河,New Taipei / Taipei,25.115,121.459
05001,Tamsui River - Guandu Br.,2021-07-15T00:00:00,NH3-N,1.319,mg/L,淡水河,淡水河,New Taipei / Taipei,25.115,121.459
05001,Tamsui River - Guandu Br.,2021-08-15T00:00:00,DO,4.884,mg/L,淡水河,淡水河,New Taipei / Taipei,25.115,121.459
05001,Tamsui River - Guandu Br.,2021-08-15T00:00:00,BOD5,3.865,mg/L,淡水河,淡水河,New Taipei / Taipei,25.115,121.459
05001,Tamsui River - Guandu Br.,2021-08-15T00:00:00,SS,62.708,mg/L,淡水河,淡水河,New Taipei / Taipei,25.115,121.459
05001,Tamsui River - Guandu Br.,2021-08-15T00:00:00,NH3-N,1.275,mg/L,淡水河,淡水河,New Taipei / Taipei,25.115,121.459
05001,Tamsui River - Guandu Br.,2021-09-15T00:00:00,DO,4.575,mg/L,淡水河,淡水河,New Taipei / Taipei,25.115,121.459
05001,Tamsui River - Guandu Br.,2021-09-15T00:00:00,BOD5,3.95,mg/L,淡水河,淡水河,New Taipei / Taipei,25.115,121.459
05001,Tamsui River - Guandu Br.,2021-09-15T00:00:00,SS,62.251,mg/L,淡水河,淡水河,New Taipei / Taipei,25.115,121.459
05001,Tamsui River - Guandu Br.,2021-09-15T00:00:00,NH3-N,1.674,mg/L,淡水河,淡水河,New Taipei / Taipei,25.115,121.459
05001,Tamsui River - Guandu Br.,2021-10-15T00:00:00,DO,5.093,mg/L,淡水河,淡水河,New Taipei / Taipei,25.115,121.459
05001,Tamsui River - Guandu Br.,2021-10-15T00:00:00,BOD5,4.359,mg/L,淡水河,淡水河,New Taipei / Taipei,25.115,121.459
05001,Tamsui River - Guandu Br.,2021-10-15T00:00:00,SS,18.928,mg/L,淡水河,淡水河,New Taipei / Taipei,25.115,121.459
05001,Tamsui River - Guandu Br.,2021-10-15T00:00:00,NH3-N,1.487,mg/L,淡水河,淡水河,New Taipei / Taipei,25.115,121.459
05001,Tamsui River - Guandu Br.,2021-11-15T00:00:00,DO,6.723,mg/L,淡水河,淡水河,New Taipei / Taipei,25.115,121.459
05001,Tamsui River - Guandu Br.,2021-11-15T00:00:00,BOD5,3.695,mg/L,淡水河,淡水河,New Taipei / Taipei,25.115,121.459
05001,Tamsui River - Guandu Br.,2021-11-15T00:00:00,SS,40.679,mg/L,淡水河,淡水河,New Taipei / Taipei,25.115,121.459
05001,Tamsui River - Guandu Br.,2021-11-15T00:00:00,NH3-N,1.589,mg/L,淡水河,淡水河,New Taipei / Taipei,25.115,121.459
05001,Tamsui River - Guandu Br.,2021-12-15T00:00:00,DO,6.287,mg/L,淡水河,淡水河,New Taipei / Taipei,25.115,121.459
05001,Tamsui River - Guandu Br.,2021-12-15T00:00:00,BOD5,1.869,mg/L,淡水河,淡水河,New Taipei / Taipei,25.115,121.459
05001,Tamsui River - Guandu Br.,2021-12-15T00:00:00,SS,23.177,mg/L,淡水河,淡水河,New Taipei / Taipei,25.115,121.459
05001,Tamsui River - Guandu Br.,2021-12-15T00:00:00,NH3-N,1.433,mg/L,淡水河,淡水河,New Taipei / Taipei,25.115,121.459
05001,Tamsui River - Guandu Br.,2022-01-15T00:00:00,DO,5.406,mg/L,淡水河,淡水河,New Taipei / Taipei,25.115,121.459
05001,Tamsui River - Guandu Br.,2022-01-15T00:00:00,BOD5,4.145,mg/L,淡水河,淡水河,New Taipei / Taipei,25.115,121.459
05001,Tamsui River - Guandu Br.,2022-01-15T00:00:00,SS,36.848,mg/L,淡水河,淡水河,New Taipei / Taipei,25.115,121.459
05001,Tamsui River - Guandu Br.,2022-01-15T00:00:00,NH3-N,0.77,mg/L,淡水河,淡水河,New Taipei / Taipei,25.115,121.459
05001,Tamsui River - Guandu Br.,2022-02-15T00:00:00,DO,4.999,mg/L,淡水河,淡水河,New Taipei / Taipei,25.115,121.459
05001,Tamsui River - Guandu Br.,2022-02-15T00:00:00,BOD5,1.327,mg/L,淡水河,淡水河,New Taipei / Taipei,25.115,121.459
05001,Tamsui River - Guandu Br.,2022-02-15T00:00:00,SS,37.659,mg/L,淡水河,淡水河,New Taipei / Taipei,25.115,121.459
05001,Tamsui River - Guandu Br.,2022-02-15T00:00:00,NH3-N,1.314,mg/L,淡水河,淡水河,New Taipei / Taipei,25.115,121.459
05001,Tamsui River - Guandu Br.,2022-03-15T00:00:00,DO,5.29,mg/L,淡水河,淡水河,New Taipei / Taipei,25.115,121.459
05001,Tamsui River - Guandu Br.,2022-03-15T00:00:00,BOD5,4.377,mg/L,淡水河,淡水河,New Taipei / Taipei,25.115,121.459
05001,Tamsui River - Guandu Br.,2022-03-15T00:00:00,SS,51.985,mg/L,淡水河,淡水河,New Taipei / Taipei,25.115,121.459
05001,Tamsui River - Guandu Br.,2022-03-15T00:00:00,NH3-N,1.374,mg/L,淡水河,淡水河,New Taipei / Taipei,25.115,121.459
05001,Tamsui River - Guandu Br.,2022-04-15T00:00:00,DO,3.969,mg/L,淡水河,淡水河,New Taipei / Taipei,25.115,121.459
05001,Tamsui River - Guandu Br.,2022-04-15T00:00:00,BOD5,4.444,mg/L,淡水河,淡水河,New Taipei / Taipei,25.115,121.459
05001,Tamsui River - Guandu Br.,2022-04-15T00:00:00,SS,45.554,mg/L,淡水河,淡水河,New Taipei / Taipei,25.115,121.459
05001,Tamsui River - Guandu Br.,2022-04-15T00:00:00,NH3-N,1.593,mg/L,淡水河,淡水河,New Taipei / Taipei,25.115,121.459
05001,Tamsui River - Guandu Br.,2022-05-15T00:00:00,DO,5.544,mg/L,淡水河,淡水河,New Taipei / Taipei,25.115,121.459
05001,Tamsui River - Guandu Br.,2022-05-15T00:00:00,BOD5,3.561,mg/L,淡水河,淡水河,New Taipei / Taipei,25.115,121.459
05001,Tamsui River - Guandu Br.,2022-05-15T00:00:00,SS,69.088,mg/L,淡水河,淡水河,New Taipei / Taipei,25.115,121.459
05001,Tamsui River - Guandu Br.,2022-05-15T00:00:00,NH3-N,1.287,mg/L,淡水河,淡水河,New Taipei / Taipei,25.115,121.459
05001,Tamsui River - Guandu Br.,2022-06-15T00:00:00,DO,5.19,mg/L,淡水河,淡水河,New Taipei / Taipei,25.115,121.459
05001,Tamsui River - Guandu Br.,2022-06-15T00:00:00,BOD5,3.478,mg/L,淡水河,淡水河,New Taipei / Taipei,25.115,121.459
05001,Tamsui River - Guandu Br.,2022-06-15T00:00:00,SS,46.286,mg/L,淡水河,淡水河,New Taipei / Taipei,25.115,121.459
05001,Tamsui River - Guandu Br.,2022-06-15T00:00:00,NH3-N,2.085,mg/L,淡水河,淡水河,New Taipei / Taipei,25.115,121.459
05001,Tamsui River - Guandu Br.,2022-07-15T00:00:00,DO,4.508,mg/L,淡水河,淡水河,New Taipei / Taipei,25.115,121.459
05001,Tamsui River - Guandu Br.,2022-07-15T00:00:00,BOD5,5.405,mg/L,淡水河,淡水河,New Taipei / Taipei,25.115,121.459
05001,Tamsui River - Guandu Br.,2022-07-15T00:00:00,SS,60.37,mg/L,淡水河,淡水河,New Taipei / Taipei,25.115,121.459
05001,Tamsui River - Guandu Br.,2022-07-15T00:00:00,NH3-N,1.619,mg/L,淡水河,淡水河,New Taipei / Taipei,25.115,121.459
05001,Tamsui River - Guandu Br.,2022-08-15T00:00:00,DO,5.568,mg/L,淡水河,淡水河,New Taipei / Taipei,25.115,121.459
05001,Tamsui River - Guandu Br.,2022-08-15T00:00:00,BOD5,4.522,mg/L,淡水河,淡水河,New Taipei / Taipei,25.115,121.459
05001,Tamsui River - Guandu Br.,2022-08-15T00:00:00,SS,37.781,mg/L,淡水河,淡水河,New Taipei / Taipei,25.115,121.459
05001,Tamsui River - Guandu Br.,2022-08-15T00:00:00,NH3-N,1.389,mg/L,淡水河,淡水河,New Taipei / Taipei,25.115,121.459
05001,Tamsui River - Guandu Br.,2022-09-15T00:00:00,DO,5.306,mg/L,淡水河,淡水河,New Taipei / Taipei,25.115,121.459
05001,Tamsui River - Guandu Br.,2022-09-15T00:00:00,BOD5,4.685,mg/L,淡水河,淡水河,New Taipei / Taipei,25.115,121.459
05001,Tamsui River - Guandu Br.,2022-09-15T00:00:00,SS,33.329,mg/L,淡水河,淡水河,New Taipei / Taipei,25.115,121.459
05001,Tamsui River - Guandu Br.,2022-09-15T00:00:00,NH3-N,1.358,mg/L,淡水河,淡水河,New Taipei / Taipei,25.115,121.459
05001,Tamsui River - Guandu Br.,2022-10-15T00:00:00,DO,4.931,mg/L,淡水河,淡水河,New Taipei / Taipei,25.115,121.459
05001,Tamsui River - Guandu Br.,2022-10-15T00:00:00,BOD5,3.737,mg/L,淡水河,淡水河,New Taipei / Taipei,25.115,121.459
05001,Tamsui River - Guandu Br.,2022-10-15T00:00:00,SS,26.241,mg/L,淡水河,淡水河,New Taipei / Taipei,25.115,121.459
05001,Tamsui River - Guandu Br.,2022-10-15T00:00:00,NH3-N,1.311,mg/L,淡水河,淡水河,New Taipei / Taipei,25.115,121.459
05001,Tamsui River - Guandu Br.,2022-11-15T00:00:00,DO,5.148,mg/L,淡水河,淡水河,New Taipei / Taipei,25.115,121.459
05001,Tamsui River - Guandu Br.,2022-11-15T00:00:00,BOD5,4.156,mg/L,淡水河,淡水河,New Taipei / Taipei,25.115,121.459
05001,Tamsui River - Guandu Br.,2022-11-15T00:00:00,SS,48.091,mg/L,淡水河,淡水河,New Taipei / Taipei,25.115,121.459
05001,Tamsui River - Guandu Br.,2022-11-15T00:00:00,NH3-N,1.381,mg/L,淡水河,淡水河,New Taipei / Taipei,25.115,121.459
05001,Tamsui River - Guandu Br.,2022-12-15T00:00:00,DO,5.574,mg/L,淡水河,淡水河,New Taipei / Taipei,25.115,121.459
05001,Tamsui River - Guandu Br.,2022-12-15T00:00:00,BOD5,3.408,mg/L,淡水河,淡水河,New Taipei / Taipei,25.115,121.459
05001,Tamsui River - Guandu Br.,2022-12-15T00:00:00,SS,31.834,mg/L,淡水河,淡水河,New Taipei / Taipei,25.115,121.459
05001,Tamsui River - Guandu Br.,2022-12-15T00:00:00,NH3-N,1.026,mg/L,淡水河,淡水河,New Taipei / Taipei,25.115,121.459
05001,Tamsui River - Guandu Br.,2023-01-15T00:00:00,DO,5.331,mg/L,淡水河,淡水河,New Taipei / Taipei,25.115,121.459
05001,Tamsui River - Guandu Br.,2023-01-15T00:00:00,BOD5,2.743,mg/L,淡水河,淡水河,New Taipei / Taipei,25.115,121.459
05001,Tamsui River - Guandu Br.,2023-01-15T00:00:00,SS,28.365,mg/L,淡水河,淡水河,New Taipei / Taipei,25.115,121.459
05001,Tamsui River - Guandu Br.,2023-01-15T00:00:00,NH3-N,1.399,mg/L,淡水河,淡水河,New Taipei / Taipei,25.115,121.459
05001,Tamsui River - Guandu Br.,2023-02-15T00:00:00,DO,6.257,mg/L,淡水河,淡水河,New Taipei / Taipei,25.115,121.459
05001,Tamsui River - Guandu Br.,2023-02-15T00:00:00,BOD5,2.164,mg/L,淡水河,淡水河,New Taipei / Taipei,25.115,121.459
05001,Tamsui River - Guandu Br.,2023-02-15T00:00:00,SS,40.251,mg/L,淡水河,淡水河,New Taipei / Taipei,25.115,121.459
05001,Tamsui River - Guandu Br.,2023-02-15T00:00:00,NH3-N,1.304,mg/L,淡水河,淡水河,New Taipei / Taipei,25.115,121.459
05001,Tamsui River - Guandu Br.,2023-03-15T00:00:00,DO,5.809,mg/L,淡水河,淡水河,New Taipei / Taipei,25.115,121.459
05001,Tamsui River - Guandu Br.,2023-03-15T00:00:00,BOD5,3.591,mg/L,淡水河,淡水河,New Taipei / Taipei,25.115,121.459
05001,Tamsui River - Guandu Br.,2023-03-15T00:00:00,SS,25.464,mg/L,淡水河,淡水河,New Taipei / Taipei,25.115,121.459
05001,Tamsui River - Guandu Br.,2023-03-15T00:00:00,NH3-N,1.046,mg/L,淡水河,淡水河,New Taipei / Taipei,25.115,121.459
05001,Tamsui River - Guandu Br.,2023-04-15T00:00:00,DO,5.327,mg/L,淡水河,淡水河,New Taipei / Taipei,25.115,121.459
05001,Tamsui River - Guandu Br.,2023-04-15T00:00:00,BOD5,4.741,mg/L,淡水河,淡水河,New Taipei / Taipei,25.115,121.459
05001,Tamsui River - Guandu Br.,2023-04-15T00:00:00,SS,17.858,mg/L,淡水河,淡水河,New Taipei / Taipei,25.115,121.459
05001,Tamsui River - Guandu Br.,2023-04-15T00:00:00,NH3-N,1.604,mg/L,淡水河,淡水河,New Taipei / Taipei,25.115,121.459
05001,Tamsui River - Guandu Br.,2023-05-15T00:00:00,DO,5.728,mg/L,淡水河,淡水河,New Taipei / Taipei,25.115,121.459
05001,Tamsui River - Guandu Br.,2023-05-15T00:00:00,BOD5,4.29,mg/L,淡水河,淡水河,New Taipei / Taipei,25.115,121.459
05001,Tamsui River - Guandu Br.,2023-05-15T00:00:00,SS,54.502,mg/L,淡水河,淡水河,New Taipei / Taipei,25.115,121.459
05001,Tamsui River - Guandu Br.,2023-05-15T00:00:00,NH3-N,1.364,mg/L,淡水河,淡水河,New Taipei / Taipei,25.115,121.459
05001,Tamsui River - Guandu Br.,2023-06-15T00:00:00,DO,4.728,mg/L,淡水河,淡水河,New Taipei / Taipei,25.115,121.459
05001,Tamsui River - Guandu Br.,2023-06-15T00:00:00,BOD5,3.526,mg/L,淡水河,淡水河,New Taipei / Taipei,25.115,121.459
05001,Tamsui River - Guandu Br.,2023-06-15T00:00:00,SS,32.145,mg/L,淡水河,淡水河,New Taipei / Taipei,25.115,121.459
05001,Tamsui River - Guandu Br.,2023-06-15T00:00:00,NH3-N,1.913,mg/L,淡水河,淡水河,New Taipei / Taipei,25.115,121.459
05001,Tamsui River - Guandu Br.,2023-07-15T00:00:00,DO,4.134,mg/L,淡水河,淡水河,New Taipei / Taipei,25.115,121.459
05001,Tamsui River - Guandu Br.,2023-07-15T00:00:00,BOD5,4.472,mg/L,淡水河,淡水河,New Taipei / Taipei,25.115,121.459
05001,Tamsui River - Guandu Br.,2023-07-15T00:00:00,SS,44.136,mg/L,淡水河,淡水河,New Taipei / Taipei,25.115,121.459
05001,Tamsui River - Guandu Br.,2023-07-15T00:00:00,NH3-N,1.227,mg/L,淡水河,淡水河,New Taipei / Taipei,25.115,121.459
05001,Tamsui River - Guandu Br.,2023-08-15T00:00:00,DO,4.706,mg/L,淡水河,淡水河,New Taipei / Taipei,25.115,121.459
05001,Tamsui River - Guandu Br.,2023-08-15T00:00:00,BOD5,4.168,mg/L,淡水河,淡水河,New Taipei / Taipei,25.115,121.459
05001,Tamsui River - Guandu Br.,2023-08-15T00:00:00,SS,59.368,mg/L,淡水河,淡水河,New Taipei / Taipei,25.115,121.459
05001,Tamsui River - Guandu Br.,2023-08-15T00:00:00,NH3-N,1.766,mg/L,淡水河,淡水河,New Taipei / Taipei,25.115,121.459
05001,Tamsui River - Guandu Br.,2023-09-15T00:00:00,DO,5.227,mg/L,淡水河,淡水河,New Taipei / Taipei,25.115,121.459
05001,Tamsui River - Guandu Br.,2023-09-15T00:00:00,BOD5,4.572,mg/L,淡水河,淡水河,New Taipei / Taipei,25.115,121.459
05001,Tamsui River - Guandu Br.,2023-09-15T00:00:00,SS,64.778,mg/L,淡水河,淡水河,New Taipei / Taipei,25.115,121.459
05001,Tamsui River - Guandu Br.,2023-09-15T00:00:00,NH3-N,1.255,mg/L,淡水河,淡水河,New Taipei / Taipei,25.115,121.459
05001,Tamsui River - Guandu Br.,2023-10-15T00:00:00,DO,5.307,mg/L,淡水河,淡水河,New Taipei / Taipei,25.115,121.459
05001,Tamsui River - Guandu Br.,2023-10-15T00:00:00,BOD5,4.816,mg/L,淡水河,淡水河,New Taipei / Taipei,25.115,121.459
05001,Tamsui River - Guandu Br.,2023-10-15T00:00:00,SS,52.645,mg/L,淡水河,淡水河,New Taipei / Taipei,25.115,121.459
05001,Tamsui River - Guandu Br.,2023-10-15T00:00:00,NH3-N,1.073,mg/L,淡水河,淡水河,New Taipei / Taipei,25.115,121.459
05001,Tamsui River - Guandu Br.,2023-11-15T00:00:00,DO,5.457,mg/L,淡水河,淡水河,New Taipei / Taipei,25.115,121.459
05001,Tamsui River - Guandu Br.,2023-11-15T00:00:00,BOD5,4.578,mg/L,淡水河,淡水河,New Taipei / Taipei,25.115,121.459
05001,Tamsui River - Guandu Br.,2023-11-15T00:00:00,SS,45.081,mg/L,淡水河,淡水河,New Taipei / Taipei,25.115,121.459
05001,Tamsui River - Guandu Br.,2023-11-15T00:00:00,NH3-N,1.484,mg/L,淡水河,淡水河,New Taipei / Taipei,25.115,121.459
05001,Tamsui River - Guandu Br.,2023-12-15T00:00:00,DO,5.739,mg/L,淡水河,淡水河,New Taipei / Taipei,25.115,121.459
05001,Tamsui River - Guandu Br.,2023-12-15T00:00:00,BOD5,3.031,mg/L,淡水河,淡水河,New Taipei / Taipei,25.115,121.459
05001,Tamsui River - Guandu Br.,2023-12-15T00:00:00,SS,42.882,mg/L,淡水河,淡水河,New Taipei / Taipei,25.115,121.459
05001,Tamsui River - Guandu Br.,2023-12-15T00:00:00,NH3-N,1.294,mg/L,淡水河,淡水河,New Taipei / Taipei,25.115,121.459
05001,Tamsui River - Guandu Br.,2024-01-15T00:00:00,DO,5.929,mg/L,淡水河,淡水河,New Taipei / Taipei,25.115,121.459
05001,Tamsui River - Guandu Br.,2024-01-15T00:00:00,BOD5,3.257,mg/L,淡水河,淡水河,New Taipei / Taipei,25.115,121.459
05001,Tamsui River - Guandu Br.,2024-01-15T00:00:00,SS,33.219,mg/L,淡水河,淡水河,New Taipei / Taipei,25.115,121.459
05001,Tamsui River - Guandu Br.,2024-01-15T00:00:00,NH3-N,1.51,mg/L,淡水河,淡水河,New Taipei / Taipei,25.115,121.459
05001,Tamsui River - Guandu Br.,2024-02-15T00:00:00,DO,7.628,mg/L,淡水河,淡水河,New Taipei / Taipei,25.115,121.459
05001,Tamsui River - Guandu Br.,2024-02-15T00:00:00,BOD5,2.028,mg/L,淡水河,淡水河,New Taipei / Taipei,25.115,121.459
05001,Tamsui River - Guandu Br.,2024-02-15T00:00:00,SS,43.24,mg/L,淡水河,淡水河,New Taipei / Taipei,25.115,121.459
05001,Tamsui River - Guandu Br.,2024-02-15T00:00:00,NH3-N,1.142,mg/L,淡水河,淡水河,New Taipei / Taipei,25.115,121.459
05001,Tamsui River - Guandu Br.,2024-03-15T00:00:00,DO,6.011,mg/L,淡水河,淡水河,New Taipei / Taipei,25.115,121.459
05001,Tamsui River - Guandu Br.,2024-03-15T00:00:00,BOD5,3.634,mg/L,淡水河,淡水河,New Taipei / Taipei,25.115,121.459
05001,Tamsui River - Guandu Br.,2024-03-15T00:00:00,SS,47.619,mg/L,淡水河,淡水河,New Taipei / Taipei,25.115,121.459
05001,Tamsui River - Guandu Br.,2024-03-15T00:00:00,NH3-N,1.778,mg/L,淡水河,淡水河,New Taipei / Taipei,25.115,121.459
05001,Tamsui River - Guandu Br.,2024-04-15T00:00:00,DO,5.485,mg/L,淡水河,淡水河,New Taipei / Taipei,25.115,121.459
05001,Tamsui River - Guandu Br.,2024-04-15T00:00:00,BOD5,4.815,mg/L,淡水河,淡水河,New Taipei / Taipei,25.115,121.459
05001,Tamsui River - Guandu Br.,2024-04-15T00:00:00,SS,16.557,mg/L,淡水河,淡水河,New Taipei / Taipei,25.115,121.459
05001,Tamsui River - Guandu Br.,2024-04-15T00:00:00,NH3-N,1.977,mg/L,淡水河,淡水河,New Taipei / Taipei,25.115,121.459
05001,Tamsui River - Guandu Br.,2024-05-15T00:00:00,DO,5.3,mg/L,淡水河,淡水河,New Taipei / Taipei,25.115,121.459
05001,Tamsui River - Guandu Br.,2024-05-15T00:00:00,BOD5,5.176,mg/L,淡水河,淡水河,New Taipei / Taipei,25.115,121.459
05001,Tamsui River - Guandu Br.,2024-05-15T00:00:00,SS,36.801,mg/L,淡水河,淡水河,New Taipei / Taipei,25.115,121.459
05001,Tamsui River - Guandu Br.,2024-05-15T00:00:00,NH3-N,1.326,mg/L,淡水河,淡水河,New Taipei / Taipei,25.115,121.459
05001,Tamsui River - Guandu Br.,2024-06-15T00:00:00,DO,4.948,mg/L,淡水河,淡水河,New Taipei / Taipei,25.115,121.459
05001,Tamsui River - Guandu Br.,2024-06-15T00:00:00,BOD5,4.681,mg/L,淡水河,淡水河,New Taipei / Taipei,25.115,121.459
05001,Tamsui River - Guandu Br.,2024-06-15T00:00:00,SS,58.419,mg/L,淡水河,淡水河,New Taipei / Taipei,25.115,121.459
05001,Tamsui River - Guandu Br.,2024-06-15T00:00:00,NH3-N,1.955,mg/L,淡水河,淡水河,New Taipei / Taipei,25.115,121.459
05001,Tamsui River - Guandu Br.,2024-07-15T00:00:00,DO,3.726,mg/L,淡水河,淡水河,New Taipei / Taipei,25.115,121.459
05001,Tamsui River - Guandu Br.,2024-07-15T00:00:00,BOD5,5.501,mg/L,淡水河,淡水河,New Taipei / Taipei,25.115,121.459
05001,Tamsui River - Guandu Br.,2024-07-15T00:00:00,SS,58.083,mg/L,淡水河,淡水河,New Taipei / Taipei,25.115,121.459
05001,Tamsui River - Guandu Br.,2024-07-15T00:00:00,NH3-N,1.589,mg/L,淡水河,淡水河,New Taipei / Taipei,25.115,121.459
05001,Tamsui River - Guandu Br.,2024-08-15T00:00:00,DO,3.988,mg/L,淡水河,淡水河,New Taipei / Taipei,25.115,121.459
05001,Tamsui River - Guandu Br.,2024-08-15T00:00:00,BOD5,5.055,mg/L,淡水河,淡水河,New Taipei / Taipei,25.115,121.459
05001,Tamsui River - Guandu Br.,2024-08-15T00:00:00,SS,31.447,mg/L,淡水河,淡水河,New Taipei / Taipei,25.115,121.459
05001,Tamsui River - Guandu Br.,2024-08-15T00:00:00,NH3-N,1.824,mg/L,淡水河,淡水河,New Taipei / Taipei,25.115,121.459
05001,Tamsui River - Guandu Br.,2024-09-15T00:00:00,DO,4.2,mg/L,淡水河,淡水河,New Taipei / Taipei,25.115,121.459
05001,Tamsui River - Guandu Br.,2024-09-15T00:00:00,BOD5,4.438,mg/L,淡水河,淡水河,New Taipei / Taipei,25.115,121.459
05001,Tamsui River - Guandu Br.,2024-09-15T00:00:00,SS,47.808,mg/L,淡水河,淡水河,New Taipei / Taipei,25.115,121.459
05001,Tamsui River - Guandu Br.,2024-09-15T00:00:00,NH3-N,1.926,mg/L,淡水河,淡水河,New Taipei / Taipei,25.115,121.459
05001,Tamsui River - Guandu Br.,2024-10-15T00:00:00,DO,5.293,mg/L,淡水河,淡水河,New Taipei / Taipei,25.115,121.459
05001,Tamsui River - Guandu Br.,2024-10-15T00:00:00,BOD5,3.5,mg/L,淡水河,淡水河,New Taipei / Taipei,25.115,121.459
05001,Tamsui River - Guandu Br.,2024-10-15T00:00:00,SS,34.934,mg/L,淡水河,淡水河,New Taipei / Taipei,25.115,121.459
05001,Tamsui River - Guandu Br.,2024-10-15T00:00:00,NH3-N,1.882,mg/L,淡水河,淡水河,New Taipei / Taipei,25.115,121.459
05001,Tamsui River - Guandu Br.,2024-11-15T00:00:00,DO,6.027,mg/L,淡水河,淡水河,New Taipei / Taipei,25.115,121.459
05001,Tamsui River - Guandu Br.,2024-11-15T00:00:00,BOD5,3.322,mg/L,淡水河,淡水河,New Taipei / Taipei,25.115,121.459
05001,Tamsui River - Guandu Br.,2024-11-15T00:00:00,SS,37.636,mg/L,淡水河,淡水河,New Taipei / Taipei,25.115,121.459
05001,Tamsui River - Guandu Br.,2024-11-15T00:00:00,NH3-N,0.955,mg/L,淡水河,淡水河,New Taipei / Taipei,25.115,121.459
05001,Tamsui River - Guandu Br.,2024-12-15T00:00:00,DO,6.163,mg/L,淡水河,淡水河,New Taipei / Taipei,25.115,121.459
05001,Tamsui River - Guandu Br.,2024-12-15T00:00:00,BOD5,2.04,mg/L,淡水河,淡水河,New Taipei / Taipei,25.115,121.459
05001,Tamsui River - Guandu Br.,2024-12-15T00:00:00,SS,47.518,mg/L,淡水河,淡水河,New Taipei / Taipei,25.115,121.459
05001,Tamsui River - Guandu Br.,2024-12-15T00:00:00,NH3-N,1.409,mg/L,淡水河,淡水河,New Taipei / Taipei,25.115,121.459
06001,Tamsui River - Estuary,2018-02-15T00:00:00,DO,7.952,mg/L,淡水河,淡水河,New Taipei / Taipei,25.182,121.413
06001,Tamsui River - Estuary,2018-02-15T00:00:00,BOD5,1.572,mg/L,淡水河,淡水河,New Taipei / Taipei,25.182,121.413
06001,Tamsui River - Estuary,2018-02-15T00:00:00,SS,34.102,mg/L,淡水河,淡水河,New Taipei / Taipei,25.182,121.413
06001,Tamsui River - Estuary,2018-02-15T00:00:00,NH3-N,1.146,mg/L,淡水河,淡水河,New Taipei / Taipei,25.182,121.413
06001,Tamsui River - Estuary,2018-03-15T00:00:00,DO,7.018,mg/L,淡水河,淡水河,New Taipei / Taipei,25.182,121.413
06001,Tamsui River - Estuary,2018-03-15T00:00:00,BOD5,1.937,mg/L,淡水河,淡水河,New Taipei / Taipei,25.182,121.413
06001,Tamsui River - Estuary,2018-03-15T00:00:00,SS,36.96,mg/L,淡水河,淡水河,New Taipei / Taipei,25.182,121.413
06001,Tamsui River - Estuary,2018-03-15T00:00:00,NH3-N,0.855,mg/L,淡水河,淡水河,New Taipei / Taipei,25.182,121.413
06001,Tamsui River - Estuary,2018-04-15T00:00:00,DO,6.176,mg/L,淡水河,淡水河,New Taipei / Taipei,25.182,121.413
06001,Tamsui River - Estuary,2018-04-15T00:00:00,BOD5,2.186,mg/L,淡水河,淡水河,New Taipei / Taipei,25.182,121.413
06001,Tamsui River - Estuary,2018-04-15T00:00:00,SS,34.218,mg/L,淡水河,淡水河,New Taipei / Taipei,25.182,121.413
06001,Tamsui River - Estuary,2018-04-15T00:00:00,NH3-N,0.612,mg/L,淡水河,淡水河,New Taipei / Taipei,25.182,121.413
06001,Tamsui River - Estuary,2018-05-15T00:00:00,DO,5.791,mg/L,淡水河,淡水河,New Taipei / Taipei,25.182,121.413
06001,Tamsui River - Estuary,2018-05-15T00:00:00,BOD5,2.953,mg/L,淡水河,淡水河,New Taipei / Taipei,25.182,121.413
06001,Tamsui River - Estuary,2018-05-15T00:00:00,SS,40.885,mg/L,淡水河,淡水河,New Taipei / Taipei,25.182,121.413
06001,Tamsui River - Estuary,2018-05-15T00:00:00,NH3-N,0.654,mg/L,淡水河,淡水河,New Taipei / Taipei,25.182,121.413
06001,Tamsui River - Estuary,2018-06-15T00:00:00,DO,6.087,mg/L,淡水河,淡水河,New Taipei / Taipei,25.182,121.413
06001,Tamsui River - Estuary,2018-06-15T00:00:00,BOD5,3.097,mg/L,淡水河,淡水河,New Taipei / Taipei,25.182,121.413
06001,Tamsui River - Estuary,2018-06-15T00:00:00,SS,42.287,mg/L,淡水河,淡水河,New Taipei / Taipei,25.182,121.413
06001,Tamsui River - Estuary,2018-06-15T00:00:00,NH3-N,0.927,mg/L,淡水河,淡水河,New Taipei / Taipei,25.182,121.413
06001,Tamsui River - Estuary,2018-07-15T00:00:00,DO,4.516,mg/L,淡水河,淡水河,New Taipei / Taipei,25.182,121.413
06001,Tamsui River - Estuary,2018-07-15T00:00:00,BOD5,2.539,mg/L,淡水河,淡水河,New Taipei / Taipei,25.182,121.413
06001,Tamsui River - Estuary,2018-07-15T00:00:00,SS,46.044,mg/L,淡水河,淡水河,New Taipei / Taipei,25.182,121.413
06001,Tamsui River - Estuary,2018-07-15T00:00:00,NH3-N,1.211,mg/L,淡水河,淡水河,New Taipei / Taipei,25.182,121.413
06001,Tamsui River - Estuary,2018-08-15T00:00:00,DO,5.117,mg/L,淡水河,淡水河,New Taipei / Taipei,25.182,121.413
06001,Tamsui River - Estuary,2018-08-15T00:00:00,BOD5,3.221,mg/L,淡水河,淡水河,New Taipei / Taipei,25.182,121.413
06001,Tamsui River - Estuary,2018-08-15T00:00:00,SS,43.93,mg/L,淡水河,淡水河,New Taipei / Taipei,25.182,121.413
06001,Tamsui River - Estuary,2018-08-15T00:00:00,NH3-N,1.023,mg/L,淡水河,淡水河,New Taipei / Taipei,25.182,121.413
06001,Tamsui River - Estuary,2018-09-15T00:00:00,DO,5.638,mg/L,淡水河,淡水河,New Taipei / Taipei,25.182,121.413
06001,Tamsui River - Estuary,2018-09-15T00:00:00,BOD5,3.143,mg/L,淡水河,淡水河,New Taipei / Taipei,25.182,121.413
06001,Tamsui River - Estuary,2018-09-15T00:00:00,SS,38.195,mg/L,淡水河,淡水河,New Taipei / Taipei,25.182,121.413
06001,Tamsui River - Estuary,2018-09-15T00:00:00,NH3-N,0.662,mg/L,淡水河,淡水河,New Taipei / Taipei,25.182,121.413
06001,Tamsui River - Estuary,2018-10-15T00:00:00,DO,5.197,mg/L,淡水河,淡水河,New Taipei / Taipei,25.182,121.413
06001,Tamsui River - Estuary,2018-10-15T00:00:00,BOD5,2.261,mg/L,淡水河,淡水河,New Taipei / Taipei,25.182,121.413
06001,Tamsui River - Estuary,2018-10-15T00:00:00,SS,24.071,mg/L,淡水河,淡水河,New Taipei / Taipei,25.182,121.413
06001,Tamsui River - Estuary,2018-10-15T00:00:00,NH3-N,0.974,mg/L,淡水河,淡水河,New Taipei / Taipei,25.182,121.413
06001,Tamsui River - Estuary,2018-11-15T00:00:00,DO,6.05,mg/L,淡水河,淡水河,New Taipei / Taipei,25.182,121.413
06001,Tamsui River - Estuary,2018-11-15T00:00:00,BOD5,3.319,mg/L,淡水河,淡水河,New Taipei / Taipei,25.182,121.413
06001,Tamsui River - Estuary,2018-11-15T00:00:00,SS,19.795,mg/L,淡水河,淡水河,New Taipei / Taipei,25.182,121.413
06001,Tamsui River - Estuary,2018-11-15T00:00:00,NH3-N,0.892,mg/L,淡水河,淡水河,New Taipei / Taipei,25.182,121.413
06001,Tamsui River - Estuary,2018-12-15T00:00:00,DO,5.876,mg/L,淡水河,淡水河,New Taipei / Taipei,25.182,121.413
06001,Tamsui River - Estuary,2018-12-15T00:00:00,BOD5,1.845,mg/L,淡水河,淡水河,New Taipei / Taipei,25.182,121.413
06001,Tamsui River - Estuary,2018-12-15T00:00:00,SS,36.237,mg/L,淡水河,淡水河,New Taipei / Taipei,25.182,121.413
06001,Tamsui River - Estuary,2018-12-15T00:00:00,NH3-N,0.403,mg/L,淡水河,淡水河,New Taipei / Taipei,25.182,121.413
06001,Tamsui River - Estuary,2019-01-15T00:00:00,DO,6.779,mg/L,淡水河,淡水河,New Taipei / Taipei,25.182,121.413
06001,Tamsui River - Estuary,2019-01-15T00:00:00,BOD5,2.856,mg/L,淡水河,淡水河,New Taipei / Taipei,25.182,121.413
06001,Tamsui River - Estuary,2019-01-15T00:00:00,SS,31.032,mg/L,淡水河,淡水河,New Taipei / Taipei,25.182,121.413
06001,Tamsui River - Estuary,2019-01-15T00:00:00,NH3-N,0.857,mg/L,淡水河,淡水河,New Taipei / Taipei,25.182,121.413
06001,Tamsui River - Estuary,2019-02-15T00:00:00,DO,7.175,mg/L,淡水河,淡水河,New Taipei / Taipei,25.182,121.413
06001,Tamsui River - Estuary,2019-02-15T00:00:00,BOD5,1.993,mg/L,淡水河,淡水河,New Taipei / Taipei,25.182,121.413
06001,Tamsui River - Estuary,2019-02-15T00:00:00,SS,29.917,mg/L,淡水河,淡水河,New Taipei / Taipei,25.182,121.413
06001,Tamsui River - Estuary,2019-02-15T00:00:00,NH3-N,0.412,mg/L,淡水河,淡水河,New Taipei / Taipei,25.182,121.413
06001,Tamsui River - Estuary,2019-03-15T00:00:00,DO,6.728,mg/L,淡水河,淡水河,New Taipei / Taipei,25.182,121.413
06001,Tamsui River - Estuary,2019-03-15T00:00:00,BOD5,2.199,mg/L,淡水河,淡水河,New Taipei / Taipei,25.182,121.413
06001,Tamsui River - Estuary,2019-03-15T00:00:00,SS,26.139,mg/L,淡水河,淡水河,New Taipei / Taipei,25.182,121.413
06001,Tamsui River - Estuary,2019-03-15T00:00:00,NH3-N,0.878,mg/L,淡水河,淡水河,New Taipei / Taipei,25.182,121.413
06001,Tamsui River - Estuary,2019-04-15T00:00:00,DO,5.696,mg/L,淡水河,淡水河,New Taipei / Taipei,25.182,121.413
06001,Tamsui River - Estuary,2019-04-15T00:00:00,BOD5,2.262,mg/L,淡水河,淡水河,New Taipei / Taipei,25.182,121.413
06001,Tamsui River - Estuary,2019-04-15T00:00:00,SS,40.305,mg/L,淡水河,淡水河,New Taipei / Taipei,25.182,121.413
06001,Tamsui River - Estuary,2019-04-15T00:00:00,NH3-N,0.659,mg/L,淡水河,淡水河,New Taipei / Taipei,25.182,121.413
06001,Tamsui River - Estuary,2019-05-15T00:00:00,DO,6.378,mg/L,淡水河,淡水河,New Taipei / Taipei,25.182,121.413
06001,Tamsui River - Estuary,2019-05-15T00:00:00,BOD5,2.121,mg/L,淡水河,淡水河,New Taipei / Taipei,25.182,121.413
06001,Tamsui River - Estuary,2019-05-15T00:00:00,SS,37.076,mg/L,淡水河,淡水河,New Taipei / Taipei,25.182,121.413
06001,Tamsui River - Estuary,2019-05-15T00:00:00,NH3-N,1.291,mg/L,淡水河,淡水河,New Taipei / Taipei,25.182,121.413
06001,Tamsui River - Estuary,2019-06-15T00:00:00,DO,6.21,mg/L,淡水河,淡水河,New Taipei / Taipei,25.182,121.413
06001,Tamsui River - Estuary,2019-06-15T00:00:00,BOD5,2.977,mg/L,淡水河,淡水河,New Taipei / Taipei,25.182,121.413
06001,Tamsui River - Estuary,2019-06-15T00:00:00,SS,40.41,mg/L,淡水河,淡水河,New Taipei / Taipei,25.182,121.413
06001,Tamsui River - Estuary,2019-06-15T00:00:00,NH3-N,0.883,mg/L,淡水河,淡水河,New Taipei / Taipei,25.182,121.413
06001,Tamsui River - Estuary,2019-07-15T00:00:00,DO,5.5,mg/L,淡水河,淡水河,New Taipei / Taipei,25.182,121.413
06001,Tamsui River - Estuary,2019-07-15T00:00:00,BOD5,3.017,mg/L,淡水河,淡水河,New Taipei / Taipei,25.182,121.413
06001,Tamsui River - Estuary,2019-07-15T00:00:00,SS,49.955,mg/L,淡水河,淡水河,New Taipei / Taipei,25.182,121.413
06001,Tamsui River - Estuary,2019-07-15T00:00:00,NH3-N,0.984,mg/L,淡水河,淡水河,New Taipei / Taipei,25.182,121.413
06001,Tamsui River - Estuary,2019-08-15T00:00:00,DO,5.412,mg/L,淡水河,淡水河,New Taipei / Taipei,25.182,121.413
06001,Tamsui River - Estuary,2019-08-15T00:00:00,BOD5,2.284,mg/L,淡水河,淡水河,New Taipei / Taipei,25.182,121.413
06001,Tamsui River - Estuary,2019-08-15T00:00:00,SS,44.12,mg/L,淡水河,淡水河,New Taipei / Taipei,25.182,121.413
06001,Tamsui River - Estuary,2019-08-15T00:00:00,NH3-N,1.143,mg/L,淡水河,淡水河,New Taipei / Taipei,25.182,121.413
06001,Tamsui River - Estuary,2019-09-15T00:00:00,DO,4.942,mg/L,淡水河,淡水河,New Taipei / Taipei,25.182,121.413
06001,Tamsui River - Estuary,2019-09-15T00:00:00,BOD5,2.665,mg/L,淡水河,淡水河,New Taipei / Taipei,25.182,121.413
06001,Tamsui River - Estuary,2019-09-15T00:00:00,SS,35.702,mg/L,淡水河,淡水河,New Taipei / Taipei,25.182,121.413
06001,Tamsui River - Estuary,2019-09-15T00:00:00,NH3-N,0.965,mg/L,淡水河,淡水河,New Taipei / Taipei,25.182,121.413
06001,Tamsui River - Estuary,2019-10-15T00:00:00,DO,5.833,mg/L,淡水河,淡水河,New Taipei / Taipei,25.182,121.413
06001,Tamsui River - Estuary,2019-10-15T00:00:00,BOD5,3.165,mg/L,淡水河,淡水河,New Taipei / Taipei,25.182,121.413
06001,Tamsui River - Estuary,2019-10-15T00:00:00,SS,39.433,mg/L,淡水河,淡水河,New Taipei / Taipei,25.182,121.413
06001,Tamsui River - Estuary,2019-10-15T00:00:00,NH3-N,0.664,mg/L,淡水河,淡水河,New Taipei / Taipei,25.182,121.413
06001,Tamsui River - Estuary,2019-11-15T00:00:00,DO,6.773,mg/L,淡水河,淡水河,New Taipei / Taipei,25.182,121.413
06001,Tamsui River - Estuary,2019-11-15T00:00:00,BOD5,1.901,mg/L,淡水河,淡水河,New Taipei / Taipei,25.182,121.413
06001,Tamsui River - Estuary,2019-11-15T00:00:00,SS,29.951,mg/L,淡水河,淡水河,New Taipei / Taipei,25.182,121.413
06001,Tamsui River - Estuary,2019-11-15T00:00:00,NH3-N,0.911,mg/L,淡水河,淡水河,New Taipei / Taipei,25.182,121.413
06001,Tamsui River - Estuary,2019-12-15T00:00:00,DO,6.298,mg/L,淡水河,淡水河,New Taipei / Taipei,25.182,121.413
06001,Tamsui River - Estuary,2019-12-15T00:00:00,BOD5,2.469,mg/L,淡水河,淡水河,New Taipei / Taipei,25.182,121.413
06001,Tamsui River - Estuary,2019-12-15T00:00:00,SS,28.223,mg/L,淡水河,淡水河,New Taipei / Taipei,25.182,121.413
06001,Tamsui River - Estuary,2019-12-15T00:00:00,NH3-N,0.711,mg/L,淡水河,淡水河,New Taipei / Taipei,25.182,121.413
06001,Tamsui River - Estuary,2020-01-15T00:00:00,DO,6.283,mg/L,淡水河,淡水河,New Taipei / Taipei,25.182,121.413
06001,Tamsui River - Estuary,2020-01-15T00:00:00,BOD5,1.745,mg/L,淡水河,淡水河,New Taipei / Taipei,25.182,121.413
06001,Tamsui River - Estuary,2020-01-15T00:00:00,SS,44.618,mg/L,淡水河,淡水河,New Taipei / Taipei,25.182,121.413
06001,Tamsui River - Estuary,2020-01-15T00:00:00,NH3-N,0.923,mg/L,淡水河,淡水河,New Taipei / Taipei,25.182,121.413
06001,Tamsui River - Estuary,2020-02-15T00:00:00,DO,7.626,mg/L,淡水河,淡水河,New Taipei / Taipei,25.182,121.413
06001,Tamsui River - Estuary,2020-02-15T00:00:00,BOD5,3.087,mg/L,淡水河,淡水河,New Taipei / Taipei,25.182,121.413
06001,Tamsui River - Estuary,2020-02-15T00:00:00,SS,25.981,mg/L,淡水河,淡水河,New Taipei / Taipei,25.182,121.413
06001,Tamsui River - Estuary,2020-02-15T00:00:00,NH3-N,0.835,mg/L,淡水河,淡水河,New Taipei / Taipei,25.182,121.413
06001,Tamsui River - Estuary,2020-03-15T00:00:00,DO,5.677,mg/L,淡水河,淡水河,New Taipei / Taipei,25.182,121.413
06001,Tamsui River - Estuary,2020-03-15T00:00:00,BOD5,1.9,mg/L,淡水河,淡水河,New Taipei / Taipei,25.182,121.413
06001,Tamsui River - Estuary,2020-03-15T00:00:00,SS,29.487,mg/L,淡水河,淡水河,New Taipei / Taipei,25.182,121.413
06001,Tamsui River - Estuary,2020-03-15T00:00:00,NH3-N,0.665,mg/L,淡水河,淡水河,New Taipei / Taipei,25.182,121.413
06001,Tamsui River - Estuary,2020-04-15T00:00:00,DO,5.455,mg/L,淡水河,淡水河,New Taipei / Taipei,25.182,121.413
06001,Tamsui River - Estuary,2020-04-15T00:00:00,BOD5,2.435,mg/L,淡水河,淡水河,New Taipei / Taipei,25.182,121.413
06001,Tamsui River - Estuary,2020-04-15T00:00:00,SS,24.354,mg/L,淡水河,淡水河,New Taipei / Taipei,25.182,121.413
06001,Tamsui River - Estuary,2020-04-15T00:00:00,NH3-N,1.052,mg/L,淡水河,淡水河,New Taipei / Taipei,25.182,121.413
06001,Tamsui River - Estuary,2020-05-15T00:00:00,DO,5.239,mg/L,淡水河,淡水河,New Taipei / Taipei,25.182,121.413
06001,Tamsui River - Estuary,2020-05-15T00:00:00,BOD5,4.014,mg/L,淡水河,淡水河,New Taipei / Taipei,25.182,121.413
06001,Tamsui River - Estuary,2020-05-15T00:00:00,SS,38.925,mg/L,淡水河,淡水河,New Taipei / Taipei,25.182,121.413
06001,Tamsui River - Estuary,2020-05-15T00:00:00,NH3-N,0.958,mg/L,淡水河,淡水河,New Taipei / Taipei,25.182,121.413
06001,Tamsui River - Estuary,2020-06-15T00:00:00,DO,4.796,mg/L,淡水河,淡水河,New Taipei / Taipei,25.182,121.413
06001,Tamsui River - Estuary,2020-06-15T00:00:00,BOD5,3.701,mg/L,淡水河,淡水河,New Taipei / Taipei,25.182,121.413
06001,Tamsui River - Estuary,2020-06-15T00:00:00,SS,58.436,mg/L,淡水河,淡水河,New Taipei / Taipei,25.182,121.413
06001,Tamsui River - Estuary,2020-06-15T00:00:00,NH3-N,1.031,mg/L,淡水河,淡水河,New Taipei / Taipei,25.182,121.413
06001,Tamsui River - Estuary,2020-07-15T00:00:00,DO,4.688,mg/L,淡水河,淡水河,New Taipei / Taipei,25.182,121.413
06001,Tamsui River - Estuary,2020-07-15T00:00:00,BOD5,3.095,mg/L,淡水河,淡水河,New Taipei / Taipei,25.182,121.413
06001,Tamsui River - Estuary,2020-07-15T00:00:00,SS,40.937,mg/L,淡水河,淡水河,New Taipei / Taipei,25.182,121.413
06001,Tamsui River - Estuary,2020-07-15T00:00:00,NH3-N,1.253,mg/L,淡水河,淡水河,New Taipei / Taipei,25.182,121.413
06001,Tamsui River - Estuary,2020-08-15T00:00:00,DO,6.066,mg/L,淡水河,淡水河,New Taipei / Taipei,25.182,121.413
06001,Tamsui River - Estuary,2020-08-15T00:00:00,BOD5,2.976,mg/L,淡水河,淡水河,New Taipei / Taipei,25.182,121.413
06001,Tamsui River - Estuary,2020-08-15T00:00:00,SS,27.322,mg/L,淡水河,淡水河,New Taipei / Taipei,25.182,121.413
06001,Tamsui River - Estuary,2020-08-15T00:00:00,NH3-N,0.801,mg/L,淡水河,淡水河,New Taipei / Taipei,25.182,121.413
06001,Tamsui River - Estuary,2020-09-15T00:00:00,DO,6.216,mg/L,淡水河,淡水河,New Taipei / Taipei,25.182,121.413
06001,Tamsui River - Estuary,2020-09-15T00:00:00,BOD5,3.296,mg/L,淡水河,淡水河,New Taipei / Taipei,25.182,121.413
06001,Tamsui River - Estuary,2020-09-15T00:00:00,SS,52.58,mg/L,淡水河,淡水河,New Taipei / Taipei,25.182,121.413
06001,Tamsui River - Estuary,2020-09-15T00:00:00,NH3-N,0.658,mg/L,淡水河,淡水河,New Taipei / Taipei,25.182,121.413
06001,Tamsui River - Estuary,2020-10-15T00:00:00,DO,6.287,mg/L,淡水河,淡水河,New Taipei / Taipei,25.182,121.413
06001,Tamsui River - Estuary,2020-10-15T00:00:00,BOD5,2.957,mg/L,淡水河,淡水河,New Taipei / Taipei,25.182,121.413
06001,Tamsui River - Estuary,2020-10-15T00:00:00,SS,20.49,mg/L,淡水河,淡水河,New Taipei / Taipei,25.182,121.413
06001,Tamsui River - Estuary,2020-10-15T00:00:00,NH3-N,0.899,mg/L,淡水河,淡水河,New Taipei / Taipei,25.182,121.413
06001,Tamsui River - Estuary,2020-11-15T00:00:00,DO,6.574,mg/L,淡水河,淡水河,New Taipei / Taipei,25.182,121.413
06001,Tamsui River - Estuary,2020-11-15T00:00:00,BOD5,2.115,mg/L,淡水河,淡水河,New Taipei / Taipei,25.182,121.413
06001,Tamsui River - Estuary,2020-11-15T00:00:00,SS,18.794,mg/L,淡水河,淡水河,New Taipei / Taipei,25.182,121.413
06001,Tamsui River - Estuary,2020-11-15T00:00:00,NH3-N,0.796,mg/L,淡水河,淡水河,New Taipei / Taipei,25.182,121.413
06001,Tamsui River - Estuary,2020-12-15T00:00:00,DO,6.436,mg/L,淡水河,淡水河,New Taipei / Taipei,25.182,121.413
06001,Tamsui River - Estuary,2020-12-15T00:00:00,BOD5,2.0,mg/L,淡水河,淡水河,New Taipei / Taipei,25.182,121.413
06001,Tamsui River - Estuary,2020-12-15T00:00:00,SS,30.07,mg/L,淡水河,淡水河,New Taipei / Taipei,25.182,121.413
06001,Tamsui River - Estuary,2020-12-15T00:00:00,NH3-N,0.742,mg/L,淡水河,淡水河,New Taipei / Taipei,25.182,121.413
06001,Tamsui River - Estuary,2021-01-15T00:00:00,DO,6.693,mg/L,淡水河,淡水河,New Taipei / Taipei,25.182,121.413
06001,Tamsui River - Estuary,2021-01-15T00:00:00,BOD5,2.199,mg/L,淡水河,淡水河,New Taipei / Taipei,25.182,121.413
06001,Tamsui River - Estuary,2021-01-15T00:00:00,SS,32.336,mg/L,淡水河,淡水河,New Taipei / Taipei,25.182,121.413
06001,Tamsui River - Estuary,2021-01-15T00:00:00,NH3-N,0.736,mg/L,淡水河,淡水河,New Taipei / Taipei,25.182,121.413
06001,Tamsui River - Estuary,2021-02-15T00:00:00,DO,6.695,mg/L,淡水河,淡水河,New Taipei / Taipei,25.182,121.413
06001,Tamsui River - Estuary,2021-02-15T00:00:00,BOD5,1.203,mg/L,淡水河,淡水河,New Taipei / Taipei,25.182,121.413
06001,Tamsui River - Estuary,2021-02-15T00:00:00,SS,39.174,mg/L,淡水河,淡水河,New Taipei / Taipei,25.182,121.413
06001,Tamsui River - Estuary,2021-02-15T00:00:00,NH3-N,0.822,mg/L,淡水河,淡水河,New Taipei / Taipei,25.182,121.413
06001,Tamsui River - Estuary,2021-03-15T00:00:00,DO,6.447,mg/L,淡水河,淡水河,New Taipei / Taipei,25.182,121.413
06001,Tamsui River - Estuary,2021-03-15T00:00:00,BOD5,2.682,mg/L,淡水河,淡水河,New Taipei / Taipei,25.182,121.413
06001,Tamsui River - Estuary,2021-03-15T00:00:00,SS,17.913,mg/L,淡水河,淡水河,New Taipei / Taipei,25.182,121.413
06001,Tamsui River - Estuary,2021-03-15T00:00:00,NH3-N,0.5,mg/L,淡水河,淡水河,New Taipei / Taipei,25.182,121.413
06001,Tamsui River - Estuary,2021-04-15T00:00:00,DO,6.291,mg/L,淡水河,淡水河,New Taipei / Taipei,25.182,121.413
06001,Tamsui River - Estuary,2021-04-15T00:00:00,BOD5,2.497,mg/L,淡水河,淡水河,New Taipei / Taipei,25.182,121.413
06001,Tamsui River - Estuary,2021-04-15T00:00:00,SS,36.489,mg/L,淡水河,淡水河,New Taipei / Taipei,25.182,121.413
06001,Tamsui River - Estuary,2021-04-15T00:00:00,NH3-N,0.817,mg/L,淡水河,淡水河,New Taipei / Taipei,25.182,121.413
06001,Tamsui River - Estuary,2021-05-15T00:00:00,DO,6.228,mg/L,淡水河,淡水河,New Taipei / Taipei,25.182,121.413
06001,Tamsui River - Estuary,2021-05-15T00:00:00,BOD5,3.17,mg/L,淡水河,淡水河,New Taipei / Taipei,25.182,121.413
06001,Tamsui River - Estuary,2021-05-15T00:00:00,SS,47.11,mg/L,淡水河,淡水河,New Taipei / Taipei,25.182,121.413
06001,Tamsui River - Estuary,2021-05-15T00:00:00,NH3-N,0.898,mg/L,淡水河,淡水河,New Taipei / Taipei,25.182,121.413
06001,Tamsui River - Estuary,2021-06-15T00:00:00,DO,4.349,mg/L,淡水河,淡水河,New Taipei / Taipei,25.182,121.413
06001,Tamsui River - Estuary,2021-06-15T00:00:00,BOD5,3.279,mg/L,淡水河,淡水河,New Taipei / Taipei,25.182,121.413
06001,Tamsui River - Estuary,2021-06-15T00:00:00,SS,59.33,mg/L,淡水河,淡水河,New Taipei / Taipei,25.182,121.413
06001,Tamsui River - Estuary,2021-06-15T00:00:00,NH3-N,1.094,mg/L,淡水河,淡水河,New Taipei / Taipei,25.182,121.413
06001,Tamsui River - Estuary,2021-07-15T00:00:00,DO,5.009,mg/L,淡水河,淡水河,New Taipei / Taipei,25.182,121.413
06001,Tamsui River - Estuary,2021-07-15T00:00:00,BOD5,3.303,mg/L,淡水河,淡水河,New Taipei / Taipei,25.182,121.413
06001,Tamsui River - Estuary,2021-07-15T00:00:00,SS,58.28,mg/L,淡水河,淡水河,New Taipei / Taipei,25.182,121.413
06001,Tamsui River - Estuary,2021-07-15T00:00:00,NH3-N,1.271,mg/L,淡水河,淡水河,New Taipei / Taipei,25.182,121.413
06001,Tamsui River - Estuary,2021-08-15T00:00:00,DO,5.095,mg/L,淡水河,淡水河,New Taipei / Taipei,25.182,121.413
06001,Tamsui River - Estuary,2021-08-15T00:00:00,BOD5,2.831,mg/L,淡水河,淡水河,New Taipei / Taipei,25.182,121.413
06001,Tamsui River - Estuary,2021-08-15T00:00:00,SS,55.179,mg/L,淡水河,淡水河,New Taipei / Taipei,25.182,121.413
06001,Tamsui River - Estuary,2021-08-15T00:00:00,NH3-N,0.988,mg/L,淡水河,淡水河,New Taipei / Taipei,25.182,121.413
06001,Tamsui River - Estuary,2021-09-15T00:00:00,DO,5.173,mg/L,淡水河,淡水河,New Taipei / Taipei,25.182,121.413
06001,Tamsui River - Estuary,2021-09-15T00:00:00,BOD5,2.937,mg/L,淡水河,淡水河,New Taipei / Taipei,25.182,121.413
06001,Tamsui River - Estuary,2021-09-15T00:00:00,SS,47.938,mg/L,淡水河,淡水河,New Taipei / Taipei,25.182,121.413
06001,Tamsui River - Estuary,2021-09-15T00:00:00,NH3-N,0.961,mg/L,淡水河,淡水河,New Taipei / Taipei,25.182,121.413
06001,Tamsui River - Estuary,2021-10-15T00:00:00,DO,6.278,mg/L,淡水河,淡水河,New Taipei / Taipei,25.182,121.413
06001,Tamsui River - Estuary,2021-10-15T00:00:00,BOD5,2.384,mg/L,淡水河,淡水河,New Taipei / Taipei,25.182,121.413
06001,Tamsui River - Estuary,2021-10-15T00:00:00,SS,47.935,mg/L,淡水河,淡水河,New Taipei / Taipei,25.182,121.413
06001,Tamsui River - Estuary,2021-10-15T00:00:00,NH3-N,0.738,mg/L,淡水河,淡水河,New Taipei / Taipei,25.182,121.413
06001,Tamsui River - Estuary,2021-11-15T00:00:00,DO,6.098,mg/L,淡水河,淡水河,New Taipei / Taipei,25.182,121.413
06001,Tamsui River - Estuary,2021-11-15T00:00:00,BOD5,2.255,mg/L,淡水河,淡水河,New Taipei / Taipei,25.182,121.413
06001,Tamsui River - Estuary,2021-11-15T00:00:00,SS,42.691,mg/L,淡水河,淡水河,New Taipei / Taipei,25.182,121.413
06001,Tamsui River - Estuary,2021-11-15T00:00:00,NH3-N,0.585,mg/L,淡水河,淡水河,New Taipei / Taipei,25.182,121.413
06001,Tamsui River - Estuary,2021-12-15T00:00:00,DO,5.887,mg/L,淡水河,淡水河,New Taipei / Taipei,25.182,121.413
06001,Tamsui River - Estuary,2021-12-15T00:00:00,BOD5,1.15,mg/L,淡水河,淡水河,New Taipei / Taipei,25.182,121.413
06001,Tamsui River - Estuary,2021-12-15T00:00:00,SS,35.286,mg/L,淡水河,淡水河,New Taipei / Taipei,25.182,121.413
06001,Tamsui River - Estuary,2021-12-15T00:00:00,NH3-N,0.621,mg/L,淡水河,淡水河,New Taipei / Taipei,25.182,121.413
06001,Tamsui River - Estuary,2022-01-15T00:00:00,DO,6.526,mg/L,淡水河,淡水河,New Taipei / Taipei,25.182,121.413
06001,Tamsui River - Estuary,2022-01-15T00:00:00,BOD5,2.298,mg/L,淡水河,淡水河,New Taipei / Taipei,25.182,121.413
06001,Tamsui River - Estuary,2022-01-15T00:00:00,SS,29.387,mg/L,淡水河,淡水河,New Taipei / Taipei,25.182,121.413
06001,Tamsui River - Estuary,2022-01-15T00:00:00,NH3-N,0.852,mg/L,淡水河,淡水河,New Taipei / Taipei,25.182,121.413
06001,Tamsui River - Estuary,2022-02-15T00:00:00,DO,6.5,mg/L,淡水河,淡水河,New Taipei / Taipei,25.182,121.413
06001,Tamsui River - Estuary,2022-02-15T00:00:00,BOD5,2.369,mg/L,淡水河,淡水河,New Taipei / Taipei,25.182,121.413
06001,Tamsui River - Estuary,2022-02-15T00:00:00,SS,39.157,mg/L,淡水河,淡水河,New Taipei / Taipei,25.182,121.413
06001,Tamsui River - Estuary,2022-02-15T00:00:00,NH3-N,0.698,mg/L,淡水河,淡水河,New Taipei / Taipei,25.182,121.413
06001,Tamsui River - Estuary,2022-03-15T00:00:00,DO,6.362,mg/L,淡水河,淡水河,New Taipei / Taipei,25.182,121.413
06001,Tamsui River - Estuary,2022-03-15T00:00:00,BOD5,2.72,mg/L,淡水河,淡水河,New Taipei / Taipei,25.182,121.413
06001,Tamsui River - Estuary,2022-03-15T00:00:00,SS,38.442,mg/L,淡水河,淡水河,New Taipei / Taipei,25.182,121.413
06001,Tamsui River - Estuary,2022-03-15T00:00:00,NH3-N,0.604,mg/L,淡水河,淡水河,New Taipei / Taipei,25.182,121.413
06001,Tamsui River - Estuary,2022-04-15T00:00:00,DO,6.56,mg/L,淡水河,淡水河,New Taipei / Taipei,25.182,121.413
06001,Tamsui River - Estuary,2022-04-15T00:00:00,BOD5,2.012,mg/L,淡水河,淡水河,New Taipei / Taipei,25.182,121.413
06001,Tamsui River - Estuary,2022-04-15T00:00:00,SS,47.359,mg/L,淡水河,淡水河,New Taipei / Taipei,25.182,121.413
06001,Tamsui River - Estuary,2022-04-15T00:00:00,NH3-N,1.084,mg/L,淡水河,淡水河,New Taipei / Taipei,25.182,121.413
06001,Tamsui River - Estuary,2022-05-15T00:00:00,DO,6.044,mg/L,淡水河,淡水河,New Taipei / Taipei,25.182,121.413
06001,Tamsui River - Estuary,2022-05-15T00:00:00,BOD5,2.821,mg/L,淡水河,淡水河,New Taipei / Taipei,25.182,121.413
06001,Tamsui River - Estuary,2022-05-15T00:00:00,SS,41.046,mg/L,淡水河,淡水河,New Taipei / Taipei,25.182,121.413
06001,Tamsui River - Estuary,2022-05-15T00:00:00,NH3-N,1.067,mg/L,淡水河,淡水河,New Taipei / Taipei,25.182,121.413
06001,Tamsui River - Estuary,2022-06-15T00:00:00,DO,5.431,mg/L,淡水河,淡水河,New Taipei / Taipei,25.182,121.413
06001,Tamsui River - Estuary,2022-06-15T00:00:00,BOD5,3.039,mg/L,淡水河,淡水河,New Taipei / Taipei,25.182,121.413
06001,Tamsui River - Estuary,2022-06-15T00:00:00,SS,56.269,mg/L,淡水河,淡水河,New Taipei / Taipei,25.182,121.413
06001,Tamsui River - Estuary,2022-06-15T00:00:00,NH3-N,0.877,mg/L,淡水河,淡水河,New Taipei / Taipei,25.182,121.413
06001,Tamsui River - Estuary,2022-07-15T00:00:00,DO,5.207,mg/L,淡水河,淡水河,New Taipei / Taipei,25.182,121.413
06001,Tamsui River - Estuary,2022-07-15T00:00:00,BOD5,2.463,mg/L,淡水河,淡水河,New Taipei / Taipei,25.182,121.413
06001,Tamsui River - Estuary,2022-07-15T00:00:00,SS,41.436,mg/L,淡水河,淡水河,New Taipei / Taipei,25.182,121.413
06001,Tamsui River - Estuary,2022-07-15T00:00:00,NH3-N,0.661,mg/L,淡水河,淡水河,New Taipei / Taipei,25.182,121.413
06001,Tamsui River - Estuary,2022-08-15T00:00:00,DO,6.098,mg/L,淡水河,淡水河,New Taipei / Taipei,25.182,121.413
06001,Tamsui River - Estuary,2022-08-15T00:00:00,BOD5,3.747,mg/L,淡水河,淡水河,New Taipei / Taipei,25.182,121.413
06001,Tamsui River - Estuary,2022-08-15T00:00:00,SS,61.112,mg/L,淡水河,淡水河,New Taipei / Taipei,25.182,121.413
06001,Tamsui River - Estuary,2022-08-15T00:00:00,NH3-N,0.685,mg/L,淡水河,淡水河,New Taipei / Taipei,25.182,121.413
06001,Tamsui River - Estuary,2022-09-15T00:00:00,DO,6.318,mg/L,淡水河,淡水河,New Taipei / Taipei,25.182,121.413
06001,Tamsui River - Estuary,2022-09-15T00:00:00,BOD5,3.39,mg/L,淡水河,淡水河,New Taipei / Taipei,25.182,121.413
06001,Tamsui River - Estuary,2022-09-15T00:00:00,SS,38.878,mg/L,淡水河,淡水河,New Taipei / Taipei,25.182,121.413
06001,Tamsui River - Estuary,2022-09-15T00:00:00,NH3-N,0.963,mg/L,淡水河,淡水河,New Taipei / Taipei,25.182,121.413
06001,Tamsui River - Estuary,2022-10-15T00:00:00,DO,4.982,mg/L,淡水河,淡水河,New Taipei / Taipei,25.182,121.413
06001,Tamsui River - Estuary,2022-10-15T00:00:00,BOD5,2.62,mg/L,淡水河,淡水河,New Taipei / Taipei,25.182,121.413
06001,Tamsui River - Estuary,2022-10-15T00:00:00,SS,25.694,mg/L,淡水河,淡水河,New Taipei / Taipei,25.182,121.413
06001,Tamsui River - Estuary,2022-10-15T00:00:00,NH3-N,0.936,mg/L,淡水河,淡水河,New Taipei / Taipei,25.182,121.413
06001,Tamsui River - Estuary,2022-11-15T00:00:00,DO,5.553,mg/L,淡水河,淡水河,New Taipei / Taipei,25.182,121.413
06001,Tamsui River - Estuary,2022-11-15T00:00:00,BOD5,2.494,mg/L,淡水河,淡水河,New Taipei / Taipei,25.182,121.413
06001,Tamsui River - Estuary,2022-11-15T00:00:00,SS,43.964,mg/L,淡水河,淡水河,New Taipei / Taipei,25.182,121.413
06001,Tamsui River - Estuary,2022-11-15T00:00:00,NH3-N,0.714,mg/L,淡水河,淡水河,New Taipei / Taipei,25.182,121.413
06001,Tamsui River - Estuary,2022-12-15T00:00:00,DO,6.031,mg/L,淡水河,淡水河,New Taipei / Taipei,25.182,121.413
06001,Tamsui River - Estuary,2022-12-15T00:00:00,BOD5,1.097,mg/L,淡水河,淡水河,New Taipei / Taipei,25.182,121.413
06001,Tamsui River - Estuary,2022-12-15T00:00:00,SS,32.669,mg/L,淡水河,淡水河,New Taipei / Taipei,25.182,121.413
06001,Tamsui River - Estuary,2022-12-15T00:00:00,NH3-N,0.717,mg/L,淡水河,淡水河,New Taipei / Taipei,25.182,121.413
06001,Tamsui River - Estuary,2023-01-15T00:00:00,DO,5.866,mg/L,淡水河,淡水河,New Taipei / Taipei,25.182,121.413
06001,Tamsui River - Estuary,2023-01-15T00:00:00,BOD5,2.204,mg/L,淡水河,淡水河,New Taipei / Taipei,25.182,121.413
06001,Tamsui River - Estuary,2023-01-15T00:00:00,SS,31.063,mg/L,淡水河,淡水河,New Taipei / Taipei,25.182,121.413
06001,Tamsui River - Estuary,2023-01-15T00:00:00,NH3-N,0.616,mg/L,淡水河,淡水河,New Taipei / Taipei,25.182,121.413
06001,Tamsui River - Estuary,2023-02-15T00:00:00,DO,6.387,mg/L,淡水河,淡水河,New Taipei / Taipei,25.182,121.413
06001,Tamsui River - Estuary,2023-02-15T00:00:00,BOD5,2.549,mg/L,淡水河,淡水河,New Taipei / Taipei,25.182,121.413
06001,Tamsui River - Estuary,2023-02-15T00:00:00,SS,40.276,mg/L,淡水河,淡水河,New Taipei / Taipei,25.182,121.413
06001,Tamsui River - Estuary,2023-02-15T00:00:00,NH3-N,0.799,mg/L,淡水河,淡水河,New Taipei / Taipei,25.182,121.413
06001,Tamsui River - Estuary,2023-03-15T00:00:00,DO,6.875,mg/L,淡水河,淡水河,New Taipei / Taipei,25.182,121.413
06001,Tamsui River - Estuary,2023-03-15T00:00:00,BOD5,1.728,mg/L,淡水河,淡水河,New Taipei / Taipei,25.182,121.413
06001,Tamsui River - Estuary,2023-03-15T00:00:00,SS,35.283,mg/L,淡水河,淡水河,New Taipei / Taipei,25.182,121.413
06001,Tamsui River - Estuary,2023-03-15T00:00:00,NH3-N,0.882,mg/L,淡水河,淡水河,New Taipei / Taipei,25.182,121.413
06001,Tamsui River - Estuary,2023-04-15T00:00:00,DO,5.925,mg/L,淡水河,淡水河,New Taipei / Taipei,25.182,121.413
06001,Tamsui River - Estuary,2023-04-15T00:00:00,BOD5,2.696,mg/L,淡水河,淡水河,New Taipei / Taipei,25.182,121.413
06001,Tamsui River - Estuary,2023-04-15T00:00:00,SS,28.171,mg/L,淡水河,淡水河,New Taipei / Taipei,25.182,121.413
06001,Tamsui River - Estuary,2023-04-15T00:00:00,NH3-N,0.992,mg/L,淡水河,淡水河,New Taipei / Taipei,25.182,121.413
06001,Tamsui River - Estuary,2023-05-15T00:00:00,DO,6.241,mg/L,淡水河,淡水河,New Taipei / Taipei,25.182,121.413
06001,Tamsui River - Estuary,2023-05-15T00:00:00,BOD5,1.437,mg/L,淡水河,淡水河,New Taipei / Taipei,25.182,121.413
06001,Tamsui River - Estuary,2023-05-15T00:00:00,SS,53.29,mg/L,淡水河,淡水河,New Taipei / Taipei,25.182,121.413
06001,Tamsui River - Estuary,2023-05-15T00:00:00,NH3-N,0.396,mg/L,淡水河,淡水河,New Taipei / Taipei,25.182,121.413
06001,Tamsui River - Estuary,2023-06-15T00:00:00,DO,5.324,mg/L,淡水河,淡水河,New Taipei / Taipei,25.182,121.413
06001,Tamsui River - Estuary,2023-06-15T00:00:00,BOD5,3.394,mg/L,淡水河,淡水河,New Taipei / Taipei,25.182,121.413
06001,Tamsui River - Estuary,2023-06-15T00:00:00,SS,45.864,mg/L,淡水河,淡水河,New Taipei / Taipei,25.182,121.413
06001,Tamsui River - Estuary,2023-06-15T00:00:00,NH3-N,0.714,mg/L,淡水河,淡水河,New Taipei / Taipei,25.182,121.413
06001,Tamsui River - Estuary,2023-07-15T00:00:00,DO,4.96,mg/L,淡水河,淡水河,New Taipei / Taipei,25.182,121.413
06001,Tamsui River - Estuary,2023-07-15T00:00:00,BOD5,3.462,mg/L,淡水河,淡水河,New Taipei / Taipei,25.182,121.413
06001,Tamsui River - Estuary,2023-07-15T00:00:00,SS,33.937,mg/L,淡水河,淡水河,New Taipei / Taipei,25.182,121.413
06001,Tamsui River - Estuary,2023-07-15T00:00:00,NH3-N,1.193,mg/L,淡水河,淡水河,New Taipei / Taipei,25.182,121.413
06001,Tamsui River - Estuary,2023-08-15T00:00:00,DO,5.667,mg/L,淡水河,淡水河,New Taipei / Taipei,25.182,121.413
06001,Tamsui River - Estuary,2023-08-15T00:00:00,BOD5,2.396,mg/L,淡水河,淡水河,New Taipei / Taipei,25.182,121.413
06001,Tamsui River - Estuary,2023-08-15T00:00:00,SS,43.538,mg/L,淡水河,淡水河,New Taipei / Taipei,25.182,121.413
06001,Tamsui River - Estuary,2023-08-15T00:00:00,NH3-N,0.795,mg/L,淡水河,淡水河,New Taipei / Taipei,25.182,121.413
06001,Tamsui River - Estuary,2023-09-15T00:00:00,DO,6.443,mg/L,淡水河,淡水河,New Taipei / Taipei,25.182,121.413
06001,Tamsui River - Estuary,2023-09-15T00:00:00,BOD5,3.08,mg/L,淡水河,淡水河,New Taipei / Taipei,25.182,121.413
06001,Tamsui River - Estuary,2023-09-15T00:00:00,SS,27.832,mg/L,淡水河,淡水河,New Taipei / Taipei,25.182,121.413
06001,Tamsui River - Estuary,2023-09-15T00:00:00,NH3-N,0.872,mg/L,淡水河,淡水河,New Taipei / Taipei,25.182,121.413
06001,Tamsui River - Estuary,2023-10-15T00:00:00,DO,5.709,mg/L,淡水河,淡水河,New Taipei / Taipei,25.182,121.413
06001,Tamsui River - Estuary,2023-10-15T00:00:00,BOD5,3.082,mg/L,淡水河,淡水河,New Taipei / Taipei,25.182,121.413
06001,Tamsui River - Estuary,2023-10-15T00:00:00,SS,23.187,mg/L,淡水河,淡水河,New Taipei / Taipei,25.182,121.413
06001,Tamsui River - Estuary,2023-10-15T00:00:00,NH3-N,1.189,mg/L,淡水河,淡水河,New Taipei / Taipei,25.182,121.413
06001,Tamsui River - Estuary,2023-11-15T00:00:00,DO,6.51,mg/L,淡水河,淡水河,New Taipei / Taipei,25.182,121.413
06001,Tamsui River - Estuary,2023-11-15T00:00:00,BOD5,1.727,mg/L,淡水河,淡水河,New Taipei / Taipei,25.182,121.413
06001,Tamsui River - Estuary,2023-11-15T00:00:00,SS,29.074,mg/L,淡水河,淡水河,New Taipei / Taipei,25.182,121.413
06001,Tamsui River - Estuary,2023-11-15T00:00:00,NH3-N,0.711,mg/L,淡水河,淡水河,New Taipei / Taipei,25.182,121.413
06001,Tamsui River - Estuary,2023-12-15T00:00:00,DO,5.988,mg/L,淡水河,淡水河,New Taipei / Taipei,25.182,121.413
06001,Tamsui River - Estuary,2023-12-15T00:00:00,BOD5,2.11,mg/L,淡水河,淡水河,New Taipei / Taipei,25.182,121.413
06001,Tamsui River - Estuary,2023-12-15T00:00:00,SS,24.256,mg/L,淡水河,淡水河,New Taipei / Taipei,25.182,121.413
06001,Tamsui River - Estuary,2023-12-15T00:00:00,NH3-N,0.43,mg/L,淡水河,淡水河,New Taipei / Taipei,25.182,121.413
06001,Tamsui River - Estuary,2024-01-15T00:00:00,DO,6.609,mg/L,淡水河,淡水河,New Taipei / Taipei,25.182,121.413
06001,Tamsui River - Estuary,2024-01-15T00:00:00,BOD5,1.189,mg/L,淡水河,淡水河,New Taipei / Taipei,25.182,121.413
06001,Tamsui River - Estuary,2024-01-15T00:00:00,SS,28.419,mg/L,淡水河,淡水河,New Taipei / Taipei,25.182,121.413
06001,Tamsui River - Estuary,2024-01-15T00:00:00,NH3-N,0.646,mg/L,淡水河,淡水河,New Taipei / Taipei,25.182,121.413
06001,Tamsui River - Estuary,2024-02-15T00:00:00,DO,6.237,mg/L,淡水河,淡水河,New Taipei / Taipei,25.182,121.413
06001,Tamsui River - Estuary,2024-02-15T00:00:00,BOD5,2.967,mg/L,淡水河,淡水河,New Taipei / Taipei,25.182,121.413
06001,Tamsui River - Estuary,2024-02-15T00:00:00,SS,35.494,mg/L,淡水河,淡水河,New Taipei / Taipei,25.182,121.413
06001,Tamsui River - Estuary,2024-02-15T00:00:00,NH3-N,0.866,mg/L,淡水河,淡水河,New Taipei / Taipei,25.182,121.413
06001,Tamsui River - Estuary,2024-03-15T00:00:00,DO,5.477,mg/L,淡水河,淡水河,New Taipei / Taipei,25.182,121.413
06001,Tamsui River - Estuary,2024-03-15T00:00:00,BOD5,1.956,mg/L,淡水河,淡水河,New Taipei / Taipei,25.182,121.413
06001,Tamsui River - Estuary,2024-03-15T00:00:00,SS,36.884,mg/L,淡水河,淡水河,New Taipei / Taipei,25.182,121.413
06001,Tamsui River - Estuary,2024-03-15T00:00:00,NH3-N,0.671,mg/L,淡水河,淡水河,New Taipei / Taipei,25.182,121.413
06001,Tamsui River - Estuary,2024-04-15T00:00:00,DO,6.791,mg/L,淡水河,淡水河,New Taipei / Taipei,25.182,121.413
06001,Tamsui River - Estuary,2024-04-15T00:00:00,BOD5,1.959,mg/L,淡水河,淡水河,New Taipei / Taipei,25.182,121.413
06001,Tamsui River - Estuary,2024-04-15T00:00:00,SS,32.494,mg/L,淡水河,淡水河,New Taipei / Taipei,25.182,121.413
06001,Tamsui River - Estuary,2024-04-15T00:00:00,NH3-N,0.795,mg/L,淡水河,淡水河,New Taipei / Taipei,25.182,121.413
06001,Tamsui River - Estuary,2024-05-15T00:00:00,DO,6.048,mg/L,淡水河,淡水河,New Taipei / Taipei,25.182,121.413
06001,Tamsui River - Estuary,2024-05-15T00:00:00,BOD5,2.462,mg/L,淡水河,淡水河,New Taipei / Taipei,25.182,121.413
06001,Tamsui River - Estuary,2024-05-15T00:00:00,SS,40.505,mg/L,淡水河,淡水河,New Taipei / Taipei,25.182,121.413
06001,Tamsui River - Estuary,2024-05-15T00:00:00,NH3-N,0.902,mg/L,淡水河,淡水河,New Taipei / Taipei,25.182,121.413
06001,Tamsui River - Estuary,2024-06-15T00:00:00,DO,5.293,mg/L,淡水河,淡水河,New Taipei / Taipei,25.182,121.413
06001,Tamsui River - Estuary,2024-06-15T00:00:00,BOD5,3.151,mg/L,淡水河,淡水河,New Taipei / Taipei,25.182,121.413
06001,Tamsui River - Estuary,2024-06-15T00:00:00,SS,50.726,mg/L,淡水河,淡水河,New Taipei / Taipei,25.182,121.413
06001,Tamsui River - Estuary,2024-06-15T00:00:00,NH3-N,0.962,mg/L,淡水河,淡水河,New Taipei / Taipei,25.182,121.413
06001,Tamsui River - Estuary,2024-07-15T00:00:00,DO,5.398,mg/L,淡水河,淡水河,New Taipei / Taipei,25.182,121.413
06001,Tamsui River - Estuary,2024-07-15T00:00:00,BOD5,3.358,mg/L,淡水河,淡水河,New Taipei / Taipei,25.182,121.413
06001,Tamsui River - Estuary,2024-07-15T00:00:00,SS,48.686,mg/L,淡水河,淡水河,New Taipei / Taipei,25.182,121.413
06001,Tamsui River - Estuary,2024-07-15T00:00:00,NH3-N,0.935,mg/L,淡水河,淡水河,New Taipei / Taipei,25.182,121.413
06001,Tamsui River - Estuary,2024-08-15T00:00:00,DO,5.803,mg/L,淡水河,淡水河,New Taipei / Taipei,25.182,121.413
06001,Tamsui River - Estuary,2024-08-15T00:00:00,BOD5,3.696,mg/L,淡水河,淡水河,New Taipei / Taipei,25.182,121.413
06001,Tamsui River - Estuary,2024-08-15T00:00:00,SS,36.912,mg/L,淡水河,淡水河,New Taipei / Taipei,25.182,121.413
06001,Tamsui River - Estuary,2024-08-15T00:00:00,NH3-N,1.117,mg/L,淡水河,淡水河,New Taipei / Taipei,25.182,121.413
06001,Tamsui River - Estuary,2024-09-15T00:00:00,DO,4.827,mg/L,淡水河,淡水河,New Taipei / Taipei,25.182,121.413
06001,Tamsui River - Estuary,2024-09-15T00:00:00,BOD5,2.848,mg/L,淡水河,淡水河,New Taipei / Taipei,25.182,121.413
06001,Tamsui River - Estuary,2024-09-15T00:00:00,SS,56.657,mg/L,淡水河,淡水河,New Taipei / Taipei,25.182,121.413
06001,Tamsui River - Estuary,2024-09-15T00:00:00,NH3-N,1.033,mg/L,淡水河,淡水河,New Taipei / Taipei,25.182,121.413
06001,Tamsui River - Estuary,2024-10-15T00:00:00,DO,6.369,mg/L,淡水河,淡水河,New Taipei / Taipei,25.182,121.413
06001,Tamsui River - Estuary,2024-10-15T00:00:00,BOD5,2.248,mg/L,淡水河,淡水河,New Taipei / Taipei,25.182,121.413
06001,Tamsui River - Estuary,2024-10-15T00:00:00,SS,35.272,mg/L,淡水河,淡水河,New Taipei / Taipei,25.182,121.413
06001,Tamsui River - Estuary,2024-10-15T00:00:00,NH3-N,0.855,mg/L,淡水河,淡水河,New Taipei / Taipei,25.182,121.413
06001,Tamsui River - Estuary,2024-11-15T00:00:00,DO,6.098,mg/L,淡水河,淡水河,New Taipei / Taipei,25.182,121.413
06001,Tamsui River - Estuary,2024-11-15T00:00:00,BOD5,2.12,mg/L,淡水河,淡水河,New Taipei / Taipei,25.182,121.413
06001,Tamsui River - Estuary,2024-11-15T00:00:00,SS,36.736,mg/L,淡水河,淡水河,New Taipei / Taipei,25.182,121.413
06001,Tamsui River - Estuary,2024-11-15T00:00:00,NH3-N,0.717,mg/L,淡水河,淡水河,New Taipei / Taipei,25.182,121.413
06001,Tamsui River - Estuary,2024-12-15T00:00:00,DO,6.309,mg/L,淡水河,淡水河,New Taipei / Taipei,25.182,121.413
06001,Tamsui River - Estuary,2024-12-15T00:00:00,BOD5,1.455,mg/L,淡水河,淡水河,New Taipei / Taipei,25.182,121.413
06001,Tamsui River - Estuary,2024-12-15T00:00:00,SS,38.419,mg/L,淡水河,淡水河,New Taipei / Taipei,25.182,121.413
06001,Tamsui River - Estuary,2024-12-15T00:00:00,NH3-N,0.92,mg/L,淡水河,淡水河,New Taipei / Taipei,25.182,121.413
